-- MySQL dump 10.17  Distrib 10.3.23-MariaDB, for debian-linux-gnu (x86_64)
--
-- Host: localhost    Database: sales
-- ------------------------------------------------------
-- Server version	10.3.23-MariaDB-0+deb10u1

/*!40101 SET @OLD_CHARACTER_SET_CLIENT=@@CHARACTER_SET_CLIENT */;
/*!40101 SET @OLD_CHARACTER_SET_RESULTS=@@CHARACTER_SET_RESULTS */;
/*!40101 SET @OLD_COLLATION_CONNECTION=@@COLLATION_CONNECTION */;
/*!40101 SET NAMES utf8mb4 */;
/*!40103 SET @OLD_TIME_ZONE=@@TIME_ZONE */;
/*!40103 SET TIME_ZONE='+00:00' */;
/*!40014 SET @OLD_UNIQUE_CHECKS=@@UNIQUE_CHECKS, UNIQUE_CHECKS=0 */;
/*!40014 SET @OLD_FOREIGN_KEY_CHECKS=@@FOREIGN_KEY_CHECKS, FOREIGN_KEY_CHECKS=0 */;
/*!40101 SET @OLD_SQL_MODE=@@SQL_MODE, SQL_MODE='NO_AUTO_VALUE_ON_ZERO' */;
/*!40111 SET @OLD_SQL_NOTES=@@SQL_NOTES, SQL_NOTES=0 */;

--
-- Table structure for table `Customer`
--

DROP TABLE IF EXISTS `Customer`;
/*!40101 SET @saved_cs_client     = @@character_set_client */;
/*!40101 SET character_set_client = utf8 */;
CREATE TABLE `Customer` (
  `num` int(10) unsigned NOT NULL AUTO_INCREMENT,
  `first` varchar(60) NOT NULL,
  `last` varchar(60) NOT NULL,
  `email` varchar(100) NOT NULL,
  PRIMARY KEY (`num`)
) ENGINE=InnoDB DEFAULT CHARSET=utf8mb4;
/*!40101 SET character_set_client = @saved_cs_client */;

--
-- Dumping data for table `Customer`
--

LOCK TABLES `Customer` WRITE;
/*!40000 ALTER TABLE `Customer` DISABLE KEYS */;
INSERT INTO `Customer` VALUES (1,'Lyda','Mcdaniels','lyda7093@yahoo.com'),(2,'Erlinda','Hammonds','ehammonds@yahoo.com'),(3,'Suzi','Mcneely',''),(4,'Staci','Eaves',''),(5,'Lynna','Wiese','lynna-wiese@aol.com'),(6,'Carissa','Ware','carissa-ware@msn.com'),(7,'Britt','Chilton','bchilton@msn.com'),(8,'Digna','John','digna-john@gmail.com'),(9,'Rory','Ivy','rivy@aol.com'),(10,'Kai','Salter','kai8520@yahoo.com'),(11,'Chanel','Buckley','cbuckley@aol.com'),(12,'Charissa','Clegg',''),(13,'Karma','Gatlin','KGATLIN@YAHOO.COM'),(14,'Willene','Malcolm','willene1824@verizon.com'),(15,'Candy','Mcdaniels','cmcdaniels@hotmail.com'),(16,'Patrina','Otoole',''),(17,'Hedy','Dell','hedy.dell@hotmail.com'),(18,'Nisha','Malcolm','nisha4027@hotmail.com'),(19,'Saran','Wooldridge','saran.wooldridge@hotmail.com'),(20,'Valene','Lyon',''),(21,'Carlene','Ly','LY@VERIZON.COM'),(22,'Marna','Keen','KEEN@MSN.COM'),(23,'Jessika','Farrington',''),(24,'August','Griswold','august3642@hotmail.com'),(25,'Aurea','Aquino','aurea.aquino@verizon.com'),(26,'Donette','Fitzpatrick','dfitzpatrick@gmail.com'),(27,'Mackenzie','Mcneal','mmcneal@yahoo.com'),(28,'Shanika','Cromer','cromer@hotmail.com'),(29,'Lourie','Peoples','peoples@gmail.com'),(30,'Ming','Olivarez','molivarez@yahoo.com'),(31,'Nona','Wooten',''),(32,'Nerissa','Montes','nerissa8008@yahoo.com'),(33,'Geraldo','Larue','larue@aol.com'),(34,'Rosalia','Dorn','RDORN@GMAIL.COM'),(35,'Samuel','London',''),(36,'Ja','Fraley','fraley@verizon.com'),(37,'Stan','Dailey',''),(38,'Chantel','Mcnamara','xxchantelxxmcnamaraxx@gmail.com'),(39,'Merri','Hutcherson','merri9272@msn.com'),(40,'Linette','Ayers','linette-ayers@aol.com'),(41,'Macy','Poston','XXMACYXXPOSTONXX@AOL.COM'),(42,'Star','Dellinger',''),(43,'Grisel','Viera',''),(44,'Chere','Slater','cslater@aol.com'),(45,'Jannet','Dallas','jdallas@gmail.com'),(46,'Siu','Greenfield','siu1638@yahoo.com'),(47,'Francesco','Logsdon','flogsdon@yahoo.com'),(48,'Margene','Gaskins','gaskins@msn.com'),(49,'Cleta','Samuels','csamuels@hotmail.com'),(50,'Cristin','Dang','cristin4140@msn.com'),(51,'Shaneka','Mayo','shaneka-mayo@aol.com'),(52,'Evelia','Oakley','evelia.oakley@yahoo.com'),(53,'Mariah','Wiles','mwiles@yahoo.com'),(54,'Susana','Wiese','swiese@gmail.com'),(55,'Holli','Bolt','hbolt@gmail.com'),(56,'Dionne','Haight',''),(57,'Keith','Lombard','keith.lombard@msn.com'),(58,'Iluminada','Pulley','pulley@gmail.com'),(59,'Lou','Mosby','lmosby@yahoo.com'),(60,'Mia','Crowell','mia7526@hotmail.com'),(61,'Dyan','Woodward','dyan-woodward@aol.com'),(62,'Zola','Belt','XXZOLAXXBELTXX@AOL.COM'),(63,'Staci','Gulley','staci.gulley@verizon.com'),(64,'Randee','Reynoso','randee-reynoso@verizon.com'),(65,'Clementina','Jarvis',''),(66,'Dallas','Gage','dgage@yahoo.com'),(67,'Toby','Headrick','headrick@aol.com'),(68,'Jazmine','Mcneely','jazmine-mcneely@verizon.com'),(69,'Leonora','Pool','lpool@gmail.com'),(70,'Dorothea','Will','dwill@hotmail.com'),(71,'Marchelle','Aviles',''),(72,'Michael','Herring','michael-herring@yahoo.com'),(73,'Madlyn','Griswold','madlyn.griswold@aol.com'),(74,'Sybil','Herring','sybil.herring@hotmail.com'),(75,'Shirely','Milligan','XXSHIRELYXXMILLIGANXX@GMAIL.COM'),(76,'Clair','Linares','clair-linares@aol.com'),(77,'Audry','Mast','xxaudryxxmastxx@yahoo.com'),(78,'Bethel','Arce',''),(79,'Neomi','Hudgens','hudgens@verizon.com'),(80,'Ima','Wingfield','ima-wingfield@yahoo.com'),(81,'Ta','Ledesma',''),(82,'Glady','Horn','ghorn@hotmail.com'),(83,'Hanna','Hager','HANNA9526@VERIZON.COM'),(84,'Nicki','Horn','horn@aol.com'),(85,'Lincoln','Baumann','lincoln666@yahoo.com'),(86,'Sandie','Abell',''),(87,'Terrell','Finney','tfinney@verizon.com'),(88,'Gearldine','Oliva','gearldine2810@verizon.com'),(89,'Guillermina','Humphreys',''),(90,'Yu','Gann','GANN@VERIZON.COM'),(91,'Zena','Nix',''),(92,'Julio','Collazo','jcollazo@hotmail.com'),(93,'Dyan','Tuck','xxdyanxxtuckxx@aol.com'),(94,'Serina','Byers','xxserinaxxbyersxx@verizon.com'),(95,'Raelene','Ordonez','rordonez@msn.com'),(96,'Sherwood','Yu','sherwood8816@verizon.com'),(97,'Latrina','Tyree',''),(98,'Adelaida','Ramsay','adelaida.ramsay@verizon.com'),(99,'Beata','Teal','xxbeataxxtealxx@msn.com'),(100,'Jamey','Goodson','jamey.goodson@msn.com'),(101,'Gudrun','Fleck','fleck@verizon.com'),(102,'Katharyn','Lefebvre','katharyn.lefebvre@aol.com'),(103,'Cassaundra','Zuniga','czuniga@msn.com'),(104,'Elin','Hong','elin8754@hotmail.com'),(105,'Caridad','Rash','crash@yahoo.com'),(106,'Monserrate','Frost','mfrost@gmail.com'),(107,'Adeline','Colson','colson@gmail.com'),(108,'Erlinda','Prichard','erlinda4020@hotmail.com'),(109,'Nilsa','Atherton','natherton@msn.com'),(110,'Almeda','Shipp','almeda-shipp@yahoo.com'),(111,'Donetta','Kaufman','donetta1286@aol.com'),(112,'Chas','Edgar','CHAS-EDGAR@YAHOO.COM'),(113,'Vinnie','Oliva','vinnie854@yahoo.com'),(114,'Jae','Lim','jlim@verizon.com'),(115,'Mitchell','Yi','mitchell1500@msn.com'),(116,'Gearldine','Fulton','fulton@aol.com'),(117,'Siobhan','Hoskins','siobhan-hoskins@gmail.com'),(118,'Maybelle','Lomax',''),(119,'Lino','Almeida',''),(120,'Loni','Mcneal','lmcneal@gmail.com'),(121,'Lino','Fajardo','lino.fajardo@aol.com'),(122,'Joya','Faulkner','joya.faulkner@yahoo.com'),(123,'Ezequiel','Roderick','eroderick@yahoo.com'),(124,'Dyan','Camacho','dcamacho@gmail.com'),(125,'Shenita','Zuniga','SZUNIGA@MSN.COM'),(126,'Royal','Burroughs','ROYAL.BURROUGHS@HOTMAIL.COM'),(127,'Denita','Fleck','fleck@hotmail.com'),(128,'Davida','Gough','XXDAVIDAXXGOUGHXX@AOL.COM'),(129,'Bula','Viera',''),(130,'Bernadine','England','ENGLAND@MSN.COM'),(131,'Lura','Stackhouse','stackhouse@msn.com'),(132,'Rikki','Poindexter','rikki-poindexter@aol.com'),(133,'Jacques','Ouellette','jacques-ouellette@gmail.com'),(134,'Shira','Conger','sconger@verizon.com'),(135,'Fiona','Trapp','xxfionaxxtrappxx@yahoo.com'),(136,'Thora','Maclean','tmaclean@msn.com'),(137,'Sunday','Spellman','SUNDAY2069@HOTMAIL.COM'),(138,'Sal','Betz',''),(139,'Devona','Pulley','dpulley@verizon.com'),(140,'Siu','Troy',''),(141,'Candy','Crow','ccrow@yahoo.com'),(142,'Malvina','Irwin','XXMALVINAXXIRWINXX@YAHOO.COM'),(143,'Gabrielle','Chastain','chastain@msn.com'),(144,'Teofila','Mcgregor','XXTEOFILAXXMCGREGORXX@HOTMAIL.COM'),(145,'Mariah','Huskey','mariah-huskey@gmail.com'),(146,'Evangelina','Thao','ethao@aol.com'),(147,'Suzette','Bagley',''),(148,'Lauri','Ernst','lernst@yahoo.com'),(149,'Letisha','Hamm','letisha6193@aol.com'),(150,'Almeda','Beasley','abeasley@aol.com'),(151,'Mitzie','Mcnamara','mitzie-mcnamara@msn.com'),(152,'Lauretta','Mckay','lmckay@aol.com'),(153,'Kerri','Conaway','xxkerrixxconawayxx@hotmail.com'),(154,'Latarsha','Arnett','LATARSHA.ARNETT@AOL.COM'),(155,'Elfreda','Rohr','rohr@verizon.com'),(156,'Coral','Hong','coral.hong@gmail.com'),(157,'Erasmo','Dooley','edooley@gmail.com'),(158,'Siu','Huskey','shuskey@verizon.com'),(159,'Corinna','Waller','cwaller@hotmail.com'),(160,'Ivory','Hendricks',''),(161,'Aide','Windham','awindham@aol.com'),(162,'Danyell','Corley','danyell.corley@gmail.com'),(163,'Lura','Dawkins','dawkins@aol.com'),(164,'Tandra','Huskey','tandra.huskey@hotmail.com'),(165,'Han','Rocha','rocha@gmail.com'),(166,'Ilana','Denson','ilana7506@hotmail.com'),(167,'Jacquie','Shipp','jshipp@yahoo.com'),(168,'Dionna','Camp','camp@msn.com'),(169,'Nolan','Stanfield','nolan.stanfield@hotmail.com'),(170,'Rivka','Castle','rivka814@yahoo.com'),(171,'Leonora','Osullivan','LOSULLIVAN@MSN.COM'),(172,'Adelaida','Cloutier','adelaida2269@msn.com'),(173,'Alethea','Ledesma',''),(174,'Cecily','Wiese','cecily-wiese@aol.com'),(175,'Bree','Mabe',''),(176,'Tressie','Wingate','TWINGATE@GMAIL.COM'),(177,'Jacques','Seymour','seymour@verizon.com'),(178,'Rebecka','Sanford',''),(179,'Nada','Burroughs','xxnadaxxburroughsxx@gmail.com'),(180,'Bula','Dove','xxbulaxxdovexx@hotmail.com'),(181,'Rolf','Gunn','gunn@yahoo.com'),(182,'Chere','Emanuel','chere.emanuel@gmail.com'),(183,'Benedict','Dawkins','benedict.dawkins@aol.com'),(184,'Lavern','Almeida','lavern-almeida@hotmail.com'),(185,'Chere','Reynoso','chere.reynoso@verizon.com'),(186,'Cherry','Escamilla','CHERRY2019@GMAIL.COM'),(187,'Roxana','Troutman',''),(188,'Carissa','Ocampo','xxcarissaxxocampoxx@hotmail.com'),(189,'Hayley','Alcala',''),(190,'Lorina','Roach',''),(191,'Onie','Foust','ONIE.FOUST@GMAIL.COM'),(192,'Paris','Atherton','patherton@verizon.com'),(193,'Serina','Goss','serina-goss@msn.com'),(194,'Mariano','Ahmed',''),(195,'Janella','Bankston',''),(196,'Ema','Madison','emadison@aol.com'),(197,'Davis','Keaton','keaton@verizon.com'),(198,'Khalilah','Mcinnis',''),(199,'Jay','Barfield','xxjayxxbarfieldxx@verizon.com'),(200,'Ashley','Rider',''),(201,'Nada','Goode','NADA4182@AOL.COM'),(202,'Wally','Giordano','xxwallyxxgiordanoxx@yahoo.com'),(203,'Evelia','Short',''),(204,'Lura','Denham','ldenham@verizon.com'),(205,'Shanice','Connelly',''),(206,'Royal','Hoppe',''),(207,'Gilma','Katz',''),(208,'Kathie','Denton','denton@gmail.com'),(209,'Kenisha','Herbert','kherbert@yahoo.com'),(210,'Cleta','Mccaskill','mccaskill@verizon.com'),(211,'Kizzy','Bergeron',''),(212,'Zella','Coppola','zcoppola@msn.com'),(213,'Vinnie','Teeter','vteeter@aol.com'),(214,'Katherin','Younger','KATHERIN.YOUNGER@MSN.COM'),(215,'Florine','Goodson',''),(216,'Vince','Ware','vware@aol.com'),(217,'Maybelle','Fanning','maybelle-fanning@hotmail.com'),(218,'Ardella','Borrego',''),(219,'Mana','Branch',''),(220,'Deangelo','Leblanc','leblanc@hotmail.com'),(221,'Cara','Windham','cara-windham@gmail.com'),(222,'Shirely','Wyatt','swyatt@yahoo.com'),(223,'Caryl','Peralta','caryl9486@aol.com'),(224,'Meda','Langdon',''),(225,'Coretta','Finley','finley@msn.com'),(226,'Marylyn','Olivarez','olivarez@yahoo.com'),(227,'Glenna','Fiore',''),(228,'Vesta','Lauer','VESTA-LAUER@GMAIL.COM'),(229,'An','Samuels','asamuels@aol.com'),(230,'Omer','Hollingsworth','hollingsworth@verizon.com'),(231,'Moriah','Fraley','fraley@verizon.com'),(232,'Bradly','Wiles','bradly-wiles@hotmail.com'),(233,'Yesenia','Samuels','yesenia3853@verizon.com'),(234,'Miss','Grover','MISS-GROVER@HOTMAIL.COM'),(235,'Deangelo','Fulton','deangelo8278@verizon.com'),(236,'Pasquale','Singletary','pasquale-singletary@hotmail.com'),(237,'Julio','Burks','jburks@verizon.com'),(238,'Kathie','Ouellette','ouellette@yahoo.com'),(239,'Mitchell','Mauro','mmauro@aol.com'),(240,'Alana','Hartmann','alana.hartmann@yahoo.com'),(241,'Hanna','Ashby','hashby@verizon.com'),(242,'Bernadine','Ferreira','ferreira@aol.com'),(243,'Claudette','Correa','claudette.correa@aol.com'),(244,'Jamel','Medeiros','MEDEIROS@VERIZON.COM'),(245,'Dee','Choi','dchoi@hotmail.com'),(246,'Margarete','Hammonds',''),(247,'Tanja','Clapp','clapp@gmail.com'),(248,'Casie','Hamer','casie.hamer@aol.com'),(249,'Lan','Pauley','lan.pauley@gmail.com'),(250,'Gale','Lugo',''),(251,'Cleta','Westmoreland','cleta4164@verizon.com'),(252,'Cletus','Greenwood','cletus1847@msn.com'),(253,'Teofila','Baugh','tbaugh@verizon.com'),(254,'Margaretta','Clevenger','MARGARETTA6448@AOL.COM'),(255,'Enedina','Frizzell','xxenedinaxxfrizzellxx@yahoo.com'),(256,'Rosalina','Collazo',''),(257,'Georgine','Beavers','gbeavers@verizon.com'),(258,'Darcie','Miner',''),(259,'Karol','Slater','karol.slater@gmail.com'),(260,'Michiko','Velez','MVELEZ@HOTMAIL.COM'),(261,'Joya','Hamer','joya.hamer@yahoo.com'),(262,'Jerrod','Ledesma','jerrod.ledesma@yahoo.com'),(263,'Mackenzie','Sanford','msanford@verizon.com'),(264,'Janella','Stearns',''),(265,'Monserrate','Whittington',''),(266,'Florida','Phelan','fphelan@yahoo.com'),(267,'Allyson','Mcleod','mcleod@gmail.com'),(268,'Emilie','Colbert','emilie2654@verizon.com'),(269,'Loree','Hemphill','loree5254@gmail.com'),(270,'Norberto','Mayhew','NMAYHEW@MSN.COM'),(271,'Katheryn','Dorn','KATHERYN2237@HOTMAIL.COM'),(272,'Setsuko','Colson','setsuko713@gmail.com'),(273,'Mee','Holder',''),(274,'Jarod','Parson',''),(275,'Bethel','Langdon',''),(276,'Charmain','Head',''),(277,'Williemae','Beltran','williemae-beltran@yahoo.com'),(278,'Francesco','Stump','stump@yahoo.com'),(279,'Lona','Cutler','lona5200@gmail.com'),(280,'Lashunda','Holden','LASHUNDA3803@AOL.COM'),(281,'Lorina','Carrier','XXLORINAXXCARRIERXX@AOL.COM'),(282,'Philomena','Goddard','pgoddard@verizon.com'),(283,'Ariana','Zamora','ARIANA-ZAMORA@VERIZON.COM'),(284,'Francesco','Doran','fdoran@gmail.com'),(285,'Lyman','Haley',''),(286,'Isaias','Mabe','isaias.mabe@msn.com'),(287,'Kai','Esposito','kai-esposito@yahoo.com'),(288,'Davida','Mercer',''),(289,'Randee','Goldman',''),(290,'Catrina','Spooner','CSPOONER@YAHOO.COM'),(291,'Stephan','Rudolph','stephan.rudolph@hotmail.com'),(292,'Jina','Fanning','jina-fanning@verizon.com'),(293,'Amira','Hite','amira-hite@msn.com'),(294,'Merlene','Baumann','baumann@yahoo.com'),(295,'Noreen','Christian','xxnoreenxxchristianxx@yahoo.com'),(296,'Trent','Deluca','tdeluca@verizon.com'),(297,'Sheena','Gaskins','sheena3355@verizon.com'),(298,'Cara','Triplett','triplett@yahoo.com'),(299,'Pearly','Place','pplace@yahoo.com'),(300,'Corene','Dover','xxcorenexxdoverxx@hotmail.com'),(301,'Twila','Mcclung','twila7414@hotmail.com'),(302,'Fiona','Fenner','fenner@msn.com'),(303,'Tawny','Hook','tawny-hook@gmail.com'),(304,'Tad','Rivas','TAD-RIVAS@YAHOO.COM'),(305,'Adela','Edmonds','edmonds@aol.com'),(306,'Ardelle','Ragan','aragan@verizon.com'),(307,'Mireya','Stoner','xxmireyaxxstonerxx@verizon.com'),(308,'Lory','Paulson','xxloryxxpaulsonxx@msn.com'),(309,'Lona','Fenner','lona-fenner@msn.com'),(310,'Teresita','Evers',''),(311,'Caridad','Mast','cmast@yahoo.com'),(312,'Hanna','Goode','hanna1230@gmail.com'),(313,'Marylin','Rohr','mrohr@msn.com'),(314,'Majorie','Croft','croft@hotmail.com'),(315,'Janelle','Crawley',''),(316,'Alise','Archuleta','xxalisexxarchuletaxx@yahoo.com'),(317,'Arlinda','Coates',''),(318,'Tuan','Oglesby','tuan-oglesby@yahoo.com'),(319,'Jessika','Hutchinson','jessika-hutchinson@hotmail.com'),(320,'Buffy','Doran','xxbuffyxxdoranxx@yahoo.com'),(321,'Dorothea','Atherton',''),(322,'Bree','Cockrell','bree-cockrell@hotmail.com'),(323,'An','Hollingsworth','ahollingsworth@verizon.com'),(324,'Angeles','Bagley','abagley@verizon.com'),(325,'Wilmer','Ivy','wivy@yahoo.com'),(326,'Jeramy','Hundley',''),(327,'Tania','Rohr','trohr@aol.com'),(328,'Eusebia','Buckingham','xxeusebiaxxbuckinghamxx@yahoo.com'),(329,'Merri','Moreau','merri9474@aol.com'),(330,'Nicki','Cote',''),(331,'Senaida','Grover','senaida5830@hotmail.com'),(332,'Lesha','Wyatt','lwyatt@aol.com'),(333,'Emil','Grover','xxemilxxgroverxx@aol.com'),(334,'Gabriel','Gulley','ggulley@verizon.com'),(335,'Davis','Vanmeter','davis-vanmeter@aol.com'),(336,'Leandro','Hancock','leandro6765@hotmail.com'),(337,'Thurman','Arrington','thurman-arrington@yahoo.com'),(338,'Dominica','Mancini','xxdominicaxxmancinixx@msn.com'),(339,'Corene','Uribe','curibe@aol.com'),(340,'Keith','Martins','keith-martins@aol.com'),(341,'Coleman','Mcafee','coleman.mcafee@gmail.com'),(342,'Joette','Rosario','joette.rosario@msn.com'),(343,'Alla','Frost',''),(344,'Clair','Lavoie','clair.lavoie@aol.com'),(345,'Elmo','Burdette',''),(346,'Devona','Paulson','paulson@verizon.com'),(347,'Tayna','Lash','TLASH@YAHOO.COM'),(348,'Valentine','Lockwood','vlockwood@yahoo.com');
/*!40000 ALTER TABLE `Customer` ENABLE KEYS */;
UNLOCK TABLES;

--
-- Table structure for table `Invoice`
--

DROP TABLE IF EXISTS `Invoice`;
/*!40101 SET @saved_cs_client     = @@character_set_client */;
/*!40101 SET character_set_client = utf8 */;
CREATE TABLE `Invoice` (
  `num` int(10) unsigned NOT NULL AUTO_INCREMENT,
  `cust_num` int(10) unsigned DEFAULT NULL,
  `date` datetime NOT NULL,
  PRIMARY KEY (`num`),
  KEY `cust_num` (`cust_num`),
  CONSTRAINT `Invoice_ibfk_1` FOREIGN KEY (`cust_num`) REFERENCES `Customer` (`num`)
) ENGINE=InnoDB DEFAULT CHARSET=utf8mb4;
/*!40101 SET character_set_client = @saved_cs_client */;

--
-- Dumping data for table `Invoice`
--

LOCK TABLES `Invoice` WRITE;
/*!40000 ALTER TABLE `Invoice` DISABLE KEYS */;
INSERT INTO `Invoice` VALUES (1,41,'2001-01-02 00:00:00'),(2,158,'2001-01-14 00:00:00'),(3,148,'2001-01-17 00:00:00'),(4,300,'2001-01-22 00:00:00'),(5,138,'2001-01-23 00:00:00'),(6,296,'2001-02-03 00:00:00'),(7,345,'2001-02-21 00:00:00'),(8,233,'2001-03-02 00:00:00'),(9,57,'2001-03-05 00:00:00'),(10,215,'2001-03-05 00:00:00'),(11,180,'2001-03-09 00:00:00'),(12,281,'2001-03-17 00:00:00'),(13,103,'2001-03-19 00:00:00'),(14,49,'2001-03-30 00:00:00'),(15,62,'2001-04-03 00:00:00'),(16,16,'2001-04-08 00:00:00'),(17,46,'2001-04-10 00:00:00'),(18,23,'2001-04-10 00:00:00'),(19,1,'2001-04-19 00:00:00'),(20,281,'2001-05-07 00:00:00'),(21,124,'2001-05-22 00:00:00'),(22,126,'2001-05-24 00:00:00'),(23,224,'2001-06-05 00:00:00'),(24,78,'2001-06-06 00:00:00'),(25,264,'2001-06-13 00:00:00'),(26,306,'2001-06-14 00:00:00'),(27,324,'2001-06-15 00:00:00'),(28,45,'2001-06-16 00:00:00'),(29,323,'2001-06-16 00:00:00'),(30,145,'2001-06-18 00:00:00'),(31,89,'2001-06-19 00:00:00'),(32,229,'2001-06-22 00:00:00'),(33,185,'2001-06-24 00:00:00'),(34,27,'2001-07-04 00:00:00'),(35,257,'2001-07-07 00:00:00'),(36,6,'2001-07-10 00:00:00'),(37,130,'2001-07-11 00:00:00'),(38,310,'2001-07-16 00:00:00'),(39,168,'2001-07-18 00:00:00'),(40,113,'2001-07-23 00:00:00'),(41,64,'2001-07-24 00:00:00'),(42,11,'2001-07-24 00:00:00'),(43,294,'2001-07-27 00:00:00'),(44,242,'2001-08-07 00:00:00'),(45,92,'2001-08-11 00:00:00'),(46,6,'2001-08-16 00:00:00'),(47,338,'2001-08-20 00:00:00'),(48,2,'2001-08-24 00:00:00'),(49,307,'2001-08-27 00:00:00'),(50,29,'2001-09-02 00:00:00'),(51,47,'2001-09-04 00:00:00'),(52,311,'2001-09-17 00:00:00'),(53,197,'2001-09-21 00:00:00'),(54,345,'2001-09-24 00:00:00'),(55,276,'2001-09-25 00:00:00'),(56,105,'2001-10-01 00:00:00'),(57,165,'2001-10-05 00:00:00'),(58,326,'2001-10-09 00:00:00'),(59,172,'2001-10-12 00:00:00'),(60,139,'2001-10-13 00:00:00'),(61,233,'2001-10-19 00:00:00'),(62,226,'2001-10-22 00:00:00'),(63,63,'2001-11-01 00:00:00'),(64,80,'2001-11-04 00:00:00'),(65,40,'2001-11-15 00:00:00'),(66,79,'2001-11-30 00:00:00'),(67,179,'2001-12-01 00:00:00'),(68,126,'2001-12-02 00:00:00'),(69,123,'2001-12-06 00:00:00'),(70,236,'2001-12-10 00:00:00'),(71,104,'2001-12-14 00:00:00'),(72,19,'2001-12-23 00:00:00'),(73,156,'2001-12-27 00:00:00'),(74,126,'2001-12-31 00:00:00'),(75,51,'2002-01-01 00:00:00'),(76,172,'2002-01-03 00:00:00'),(77,238,'2002-01-05 00:00:00'),(78,209,'2002-01-13 00:00:00'),(79,263,'2002-01-24 00:00:00'),(80,1,'2002-01-29 00:00:00'),(81,51,'2002-02-02 00:00:00'),(82,314,'2002-02-04 00:00:00'),(83,69,'2002-02-04 00:00:00'),(84,201,'2002-02-09 00:00:00'),(85,317,'2002-02-10 00:00:00'),(86,150,'2002-02-21 00:00:00'),(87,42,'2002-02-22 00:00:00'),(88,246,'2002-02-24 00:00:00'),(89,269,'2002-02-25 00:00:00'),(90,272,'2002-02-27 00:00:00'),(91,222,'2002-03-03 00:00:00'),(92,81,'2002-03-05 00:00:00'),(93,319,'2002-03-11 00:00:00'),(94,238,'2002-03-11 00:00:00'),(95,156,'2002-03-20 00:00:00'),(96,188,'2002-03-29 00:00:00'),(97,80,'2002-04-05 00:00:00'),(98,94,'2002-04-08 00:00:00'),(99,17,'2002-04-12 00:00:00'),(100,105,'2002-04-18 00:00:00'),(101,293,'2002-04-22 00:00:00'),(102,148,'2002-04-22 00:00:00'),(103,254,'2002-04-24 00:00:00'),(104,27,'2002-04-29 00:00:00'),(105,276,'2002-05-04 00:00:00'),(106,122,'2002-05-07 00:00:00'),(107,203,'2002-05-13 00:00:00'),(108,339,'2002-05-18 00:00:00'),(109,126,'2002-05-19 00:00:00'),(110,61,'2002-05-20 00:00:00'),(111,255,'2002-05-26 00:00:00'),(112,137,'2002-06-02 00:00:00'),(113,121,'2002-06-04 00:00:00'),(114,172,'2002-06-17 00:00:00'),(115,228,'2002-07-02 00:00:00'),(116,230,'2002-07-02 00:00:00'),(117,11,'2002-07-11 00:00:00'),(118,179,'2002-07-18 00:00:00'),(119,249,'2002-07-18 00:00:00'),(120,70,'2002-07-29 00:00:00'),(121,269,'2002-07-29 00:00:00'),(122,234,'2002-08-03 00:00:00'),(123,153,'2002-08-08 00:00:00'),(124,116,'2002-08-08 00:00:00'),(125,316,'2002-08-20 00:00:00'),(126,262,'2002-08-30 00:00:00'),(127,222,'2002-09-03 00:00:00'),(128,240,'2002-09-10 00:00:00'),(129,228,'2002-09-10 00:00:00'),(130,338,'2002-09-10 00:00:00'),(131,15,'2002-09-11 00:00:00'),(132,177,'2002-09-12 00:00:00'),(133,267,'2002-09-13 00:00:00'),(134,150,'2002-09-17 00:00:00'),(135,237,'2002-09-19 00:00:00'),(136,49,'2002-09-20 00:00:00'),(137,38,'2002-09-28 00:00:00'),(138,218,'2002-10-03 00:00:00'),(139,213,'2002-10-10 00:00:00'),(140,52,'2002-10-13 00:00:00'),(141,11,'2002-10-16 00:00:00'),(142,132,'2002-10-17 00:00:00'),(143,318,'2002-10-18 00:00:00'),(144,166,'2002-10-21 00:00:00'),(145,290,'2002-10-22 00:00:00'),(146,59,'2002-10-26 00:00:00'),(147,348,'2002-10-26 00:00:00'),(148,73,'2002-10-30 00:00:00'),(149,210,'2002-11-01 00:00:00'),(150,133,'2002-11-07 00:00:00'),(151,225,'2002-11-07 00:00:00'),(152,259,'2002-11-09 00:00:00'),(153,107,'2002-11-19 00:00:00'),(154,18,'2002-11-20 00:00:00'),(155,255,'2002-11-21 00:00:00'),(156,20,'2002-11-22 00:00:00'),(157,332,'2002-11-22 00:00:00'),(158,219,'2002-11-24 00:00:00'),(159,204,'2002-11-27 00:00:00'),(160,150,'2002-11-28 00:00:00'),(161,297,'2002-11-29 00:00:00'),(162,285,'2002-11-29 00:00:00'),(163,126,'2002-12-04 00:00:00'),(164,214,'2002-12-14 00:00:00'),(165,235,'2002-12-18 00:00:00'),(166,285,'2002-12-20 00:00:00'),(167,64,'2002-12-25 00:00:00'),(168,333,'2003-01-10 00:00:00'),(169,326,'2003-01-13 00:00:00'),(170,1,'2003-01-15 00:00:00'),(171,220,'2003-01-16 00:00:00'),(172,119,'2003-01-17 00:00:00'),(173,264,'2003-01-22 00:00:00'),(174,74,'2003-02-10 00:00:00'),(175,65,'2003-02-17 00:00:00'),(176,323,'2003-02-18 00:00:00'),(177,255,'2003-03-06 00:00:00'),(178,273,'2003-03-17 00:00:00'),(179,331,'2003-03-19 00:00:00'),(180,89,'2003-03-24 00:00:00'),(181,46,'2003-04-02 00:00:00'),(182,102,'2003-04-02 00:00:00'),(183,305,'2003-04-04 00:00:00'),(184,51,'2003-04-12 00:00:00'),(185,129,'2003-04-16 00:00:00'),(186,260,'2003-04-17 00:00:00'),(187,303,'2003-04-22 00:00:00'),(188,267,'2003-04-23 00:00:00'),(189,191,'2003-04-25 00:00:00'),(190,103,'2003-04-26 00:00:00'),(191,21,'2003-05-08 00:00:00'),(192,91,'2003-05-11 00:00:00'),(193,146,'2003-05-16 00:00:00'),(194,149,'2003-05-18 00:00:00'),(195,82,'2003-05-30 00:00:00'),(196,297,'2003-05-31 00:00:00'),(197,331,'2003-05-31 00:00:00'),(198,333,'2003-06-03 00:00:00'),(199,166,'2003-06-04 00:00:00'),(200,266,'2003-06-07 00:00:00'),(201,120,'2003-06-08 00:00:00'),(202,217,'2003-06-12 00:00:00'),(203,54,'2003-06-13 00:00:00'),(204,5,'2003-06-13 00:00:00'),(205,179,'2003-06-14 00:00:00'),(206,201,'2003-06-16 00:00:00'),(207,260,'2003-06-20 00:00:00'),(208,287,'2003-06-25 00:00:00'),(209,168,'2003-06-30 00:00:00'),(210,219,'2003-07-08 00:00:00'),(211,170,'2003-07-11 00:00:00'),(212,89,'2003-07-13 00:00:00'),(213,307,'2003-07-21 00:00:00'),(214,307,'2003-07-21 00:00:00'),(215,339,'2003-08-02 00:00:00'),(216,219,'2003-08-04 00:00:00'),(217,225,'2003-08-10 00:00:00'),(218,104,'2003-08-14 00:00:00'),(219,249,'2003-08-25 00:00:00'),(220,336,'2003-08-27 00:00:00'),(221,330,'2003-08-27 00:00:00'),(222,19,'2003-08-31 00:00:00'),(223,276,'2003-09-03 00:00:00'),(224,152,'2003-09-04 00:00:00'),(225,197,'2003-09-06 00:00:00'),(226,190,'2003-09-09 00:00:00'),(227,75,'2003-09-10 00:00:00'),(228,68,'2003-09-20 00:00:00'),(229,227,'2003-09-22 00:00:00'),(230,240,'2003-10-05 00:00:00'),(231,227,'2003-10-06 00:00:00'),(232,152,'2003-10-19 00:00:00'),(233,151,'2003-10-22 00:00:00'),(234,61,'2003-11-13 00:00:00'),(235,101,'2003-11-14 00:00:00'),(236,32,'2003-11-23 00:00:00'),(237,274,'2003-11-24 00:00:00'),(238,35,'2003-11-26 00:00:00'),(239,139,'2003-11-26 00:00:00'),(240,343,'2003-11-30 00:00:00'),(241,337,'2003-12-14 00:00:00'),(242,139,'2003-12-30 00:00:00'),(243,338,'2004-01-01 00:00:00'),(244,11,'2004-01-03 00:00:00'),(245,56,'2004-01-10 00:00:00'),(246,87,'2004-01-12 00:00:00'),(247,146,'2004-01-16 00:00:00'),(248,325,'2004-01-31 00:00:00'),(249,12,'2004-01-31 00:00:00'),(250,150,'2004-02-05 00:00:00'),(251,220,'2004-02-07 00:00:00'),(252,273,'2004-02-08 00:00:00'),(253,314,'2004-02-10 00:00:00'),(254,55,'2004-02-11 00:00:00'),(255,81,'2004-02-19 00:00:00'),(256,311,'2004-02-22 00:00:00'),(257,148,'2004-02-25 00:00:00'),(258,225,'2004-02-28 00:00:00'),(259,320,'2004-03-02 00:00:00'),(260,274,'2004-03-05 00:00:00'),(261,3,'2004-03-05 00:00:00'),(262,191,'2004-03-17 00:00:00'),(263,10,'2004-03-17 00:00:00'),(264,325,'2004-03-24 00:00:00'),(265,62,'2004-03-27 00:00:00'),(266,212,'2004-03-28 00:00:00'),(267,91,'2004-03-30 00:00:00'),(268,296,'2004-04-04 00:00:00'),(269,300,'2004-04-10 00:00:00'),(270,170,'2004-04-17 00:00:00'),(271,133,'2004-04-18 00:00:00'),(272,263,'2004-04-20 00:00:00'),(273,288,'2004-04-30 00:00:00'),(274,287,'2004-05-04 00:00:00'),(275,311,'2004-05-07 00:00:00'),(276,233,'2004-05-18 00:00:00'),(277,308,'2004-05-23 00:00:00'),(278,45,'2004-05-27 00:00:00'),(279,255,'2004-05-29 00:00:00'),(280,332,'2004-06-03 00:00:00'),(281,278,'2004-06-07 00:00:00'),(282,276,'2004-06-17 00:00:00'),(283,322,'2004-06-19 00:00:00'),(284,25,'2004-06-21 00:00:00'),(285,308,'2004-06-21 00:00:00'),(286,189,'2004-06-24 00:00:00'),(287,336,'2004-07-04 00:00:00'),(288,204,'2004-07-04 00:00:00'),(289,298,'2004-07-06 00:00:00'),(290,153,'2004-07-07 00:00:00'),(291,68,'2004-07-10 00:00:00'),(292,166,'2004-07-10 00:00:00'),(293,24,'2004-07-26 00:00:00'),(294,274,'2004-07-28 00:00:00'),(295,168,'2004-07-30 00:00:00'),(296,54,'2004-07-30 00:00:00'),(297,223,'2004-07-31 00:00:00'),(298,144,'2004-08-06 00:00:00'),(299,155,'2004-08-10 00:00:00'),(300,119,'2004-08-14 00:00:00'),(301,301,'2004-08-14 00:00:00'),(302,218,'2004-08-19 00:00:00'),(303,9,'2004-08-19 00:00:00'),(304,194,'2004-08-21 00:00:00'),(305,31,'2004-08-29 00:00:00'),(306,134,'2004-09-02 00:00:00'),(307,303,'2004-09-04 00:00:00'),(308,274,'2004-09-05 00:00:00'),(309,283,'2004-09-10 00:00:00'),(310,128,'2004-09-13 00:00:00'),(311,302,'2004-09-20 00:00:00'),(312,75,'2004-09-21 00:00:00'),(313,187,'2004-09-21 00:00:00'),(314,301,'2004-09-25 00:00:00'),(315,189,'2004-09-28 00:00:00'),(316,104,'2004-09-30 00:00:00'),(317,269,'2004-09-30 00:00:00'),(318,225,'2004-09-30 00:00:00'),(319,16,'2004-10-02 00:00:00'),(320,269,'2004-10-06 00:00:00'),(321,190,'2004-10-08 00:00:00'),(322,126,'2004-10-09 00:00:00'),(323,116,'2004-10-10 00:00:00'),(324,327,'2004-10-11 00:00:00'),(325,144,'2004-10-13 00:00:00'),(326,120,'2004-10-14 00:00:00'),(327,94,'2004-10-15 00:00:00'),(328,131,'2004-10-15 00:00:00'),(329,66,'2004-10-16 00:00:00'),(330,201,'2004-10-21 00:00:00'),(331,293,'2004-10-26 00:00:00'),(332,245,'2004-11-03 00:00:00'),(333,341,'2004-11-07 00:00:00'),(334,13,'2004-11-16 00:00:00'),(335,185,'2004-11-19 00:00:00'),(336,139,'2004-11-28 00:00:00'),(337,145,'2004-11-29 00:00:00'),(338,26,'2004-12-01 00:00:00'),(339,177,'2004-12-01 00:00:00'),(340,157,'2004-12-03 00:00:00'),(341,130,'2004-12-20 00:00:00'),(342,109,'2004-12-22 00:00:00'),(343,299,'2004-12-29 00:00:00'),(344,241,'2005-01-03 00:00:00'),(345,41,'2005-01-09 00:00:00'),(346,45,'2005-01-10 00:00:00'),(347,138,'2005-01-16 00:00:00'),(348,195,'2005-01-18 00:00:00'),(349,176,'2005-01-19 00:00:00'),(350,198,'2005-01-22 00:00:00'),(351,214,'2005-01-24 00:00:00'),(352,243,'2005-01-28 00:00:00'),(353,321,'2005-01-28 00:00:00'),(354,271,'2005-01-31 00:00:00'),(355,227,'2005-02-01 00:00:00'),(356,201,'2005-02-05 00:00:00'),(357,317,'2005-02-07 00:00:00'),(358,156,'2005-02-07 00:00:00'),(359,288,'2005-02-12 00:00:00'),(360,283,'2005-02-15 00:00:00'),(361,69,'2005-02-15 00:00:00'),(362,257,'2005-02-17 00:00:00'),(363,114,'2005-02-19 00:00:00'),(364,164,'2005-02-20 00:00:00'),(365,182,'2005-02-22 00:00:00'),(366,225,'2005-02-25 00:00:00'),(367,271,'2005-03-06 00:00:00'),(368,136,'2005-03-07 00:00:00'),(369,180,'2005-03-11 00:00:00'),(370,216,'2005-03-18 00:00:00'),(371,29,'2005-03-18 00:00:00'),(372,90,'2005-03-19 00:00:00'),(373,108,'2005-03-20 00:00:00'),(374,54,'2005-03-21 00:00:00'),(375,152,'2005-03-23 00:00:00'),(376,104,'2005-03-24 00:00:00'),(377,48,'2005-03-28 00:00:00'),(378,199,'2005-04-04 00:00:00'),(379,162,'2005-04-08 00:00:00'),(380,224,'2005-04-12 00:00:00'),(381,193,'2005-04-19 00:00:00'),(382,85,'2005-04-21 00:00:00'),(383,152,'2005-04-27 00:00:00'),(384,342,'2005-04-29 00:00:00'),(385,279,'2005-05-01 00:00:00'),(386,288,'2005-05-03 00:00:00'),(387,42,'2005-05-05 00:00:00'),(388,199,'2005-05-10 00:00:00'),(389,104,'2005-05-15 00:00:00'),(390,236,'2005-05-16 00:00:00'),(391,151,'2005-05-17 00:00:00'),(392,170,'2005-05-17 00:00:00'),(393,83,'2005-05-18 00:00:00'),(394,279,'2005-05-23 00:00:00'),(395,96,'2005-05-25 00:00:00'),(396,215,'2005-05-31 00:00:00'),(397,223,'2005-06-05 00:00:00'),(398,124,'2005-06-16 00:00:00'),(399,110,'2005-06-17 00:00:00'),(400,98,'2005-06-20 00:00:00'),(401,38,'2005-06-28 00:00:00'),(402,43,'2005-07-01 00:00:00'),(403,270,'2005-07-04 00:00:00'),(404,52,'2005-07-04 00:00:00'),(405,124,'2005-07-08 00:00:00'),(406,91,'2005-07-13 00:00:00'),(407,288,'2005-07-18 00:00:00'),(408,234,'2005-07-28 00:00:00'),(409,212,'2005-07-31 00:00:00'),(410,173,'2005-08-13 00:00:00'),(411,57,'2005-08-25 00:00:00'),(412,205,'2005-08-29 00:00:00'),(413,339,'2005-08-29 00:00:00'),(414,27,'2005-09-07 00:00:00'),(415,5,'2005-09-09 00:00:00'),(416,203,'2005-09-11 00:00:00'),(417,233,'2005-09-16 00:00:00'),(418,234,'2005-09-19 00:00:00'),(419,169,'2005-09-21 00:00:00'),(420,114,'2005-09-22 00:00:00'),(421,53,'2005-09-27 00:00:00'),(422,315,'2005-09-29 00:00:00'),(423,161,'2005-09-29 00:00:00'),(424,157,'2005-10-07 00:00:00'),(425,137,'2005-10-08 00:00:00'),(426,319,'2005-10-09 00:00:00'),(427,200,'2005-10-20 00:00:00'),(428,305,'2005-10-23 00:00:00'),(429,83,'2005-11-12 00:00:00'),(430,316,'2005-11-13 00:00:00'),(431,156,'2005-11-21 00:00:00'),(432,4,'2005-11-22 00:00:00'),(433,33,'2005-11-24 00:00:00'),(434,159,'2005-11-24 00:00:00'),(435,119,'2005-11-28 00:00:00'),(436,58,'2005-12-03 00:00:00'),(437,193,'2005-12-07 00:00:00'),(438,219,'2005-12-11 00:00:00'),(439,50,'2005-12-11 00:00:00'),(440,260,'2005-12-14 00:00:00'),(441,317,'2005-12-14 00:00:00'),(442,243,'2005-12-19 00:00:00'),(443,161,'2005-12-20 00:00:00'),(444,170,'2005-12-23 00:00:00'),(445,279,'2005-12-26 00:00:00'),(446,324,'2005-12-27 00:00:00'),(447,222,'2005-12-29 00:00:00'),(448,282,'2006-01-07 00:00:00'),(449,172,'2006-01-09 00:00:00'),(450,92,'2006-01-09 00:00:00'),(451,237,'2006-01-11 00:00:00'),(452,86,'2006-01-16 00:00:00'),(453,269,'2006-01-17 00:00:00'),(454,96,'2006-01-29 00:00:00'),(455,175,'2006-01-31 00:00:00'),(456,122,'2006-02-01 00:00:00'),(457,92,'2006-02-05 00:00:00'),(458,130,'2006-02-07 00:00:00'),(459,298,'2006-02-08 00:00:00'),(460,248,'2006-02-10 00:00:00'),(461,132,'2006-02-19 00:00:00'),(462,290,'2006-02-23 00:00:00'),(463,158,'2006-02-24 00:00:00'),(464,236,'2006-02-25 00:00:00'),(465,128,'2006-03-03 00:00:00'),(466,194,'2006-03-04 00:00:00'),(467,348,'2006-03-06 00:00:00'),(468,17,'2006-03-07 00:00:00'),(469,322,'2006-03-09 00:00:00'),(470,29,'2006-03-11 00:00:00'),(471,136,'2006-03-15 00:00:00'),(472,245,'2006-03-15 00:00:00'),(473,311,'2006-03-15 00:00:00'),(474,67,'2006-03-20 00:00:00'),(475,209,'2006-03-23 00:00:00'),(476,246,'2006-03-24 00:00:00'),(477,262,'2006-03-26 00:00:00'),(478,250,'2006-03-26 00:00:00'),(479,87,'2006-03-26 00:00:00'),(480,219,'2006-03-29 00:00:00'),(481,45,'2006-03-29 00:00:00'),(482,79,'2006-03-29 00:00:00'),(483,120,'2006-04-01 00:00:00'),(484,249,'2006-04-09 00:00:00'),(485,219,'2006-04-13 00:00:00'),(486,241,'2006-04-15 00:00:00'),(487,6,'2006-04-17 00:00:00'),(488,15,'2006-04-18 00:00:00'),(489,213,'2006-04-21 00:00:00'),(490,202,'2006-04-22 00:00:00'),(491,154,'2006-04-29 00:00:00'),(492,344,'2006-04-30 00:00:00'),(493,93,'2006-05-02 00:00:00'),(494,230,'2006-05-06 00:00:00'),(495,143,'2006-05-10 00:00:00'),(496,273,'2006-05-23 00:00:00'),(497,154,'2006-05-27 00:00:00'),(498,9,'2006-05-29 00:00:00'),(499,93,'2006-06-01 00:00:00'),(500,334,'2006-06-09 00:00:00'),(501,228,'2006-06-14 00:00:00'),(502,125,'2006-06-20 00:00:00'),(503,165,'2006-06-29 00:00:00'),(504,166,'2006-07-05 00:00:00'),(505,138,'2006-07-05 00:00:00'),(506,241,'2006-07-13 00:00:00'),(507,52,'2006-07-13 00:00:00'),(508,62,'2006-07-14 00:00:00'),(509,95,'2006-07-15 00:00:00'),(510,28,'2006-07-19 00:00:00'),(511,332,'2006-07-22 00:00:00'),(512,79,'2006-07-30 00:00:00'),(513,216,'2006-07-30 00:00:00'),(514,95,'2006-08-01 00:00:00'),(515,319,'2006-08-02 00:00:00'),(516,158,'2006-08-05 00:00:00'),(517,323,'2006-08-08 00:00:00'),(518,79,'2006-08-08 00:00:00'),(519,184,'2006-08-18 00:00:00'),(520,96,'2006-08-19 00:00:00'),(521,169,'2006-09-06 00:00:00'),(522,20,'2006-09-09 00:00:00'),(523,282,'2006-09-16 00:00:00'),(524,281,'2006-09-17 00:00:00'),(525,317,'2006-09-19 00:00:00'),(526,78,'2006-09-22 00:00:00'),(527,69,'2006-09-23 00:00:00'),(528,2,'2006-09-24 00:00:00'),(529,10,'2006-10-01 00:00:00'),(530,103,'2006-10-02 00:00:00'),(531,301,'2006-10-08 00:00:00'),(532,246,'2006-10-10 00:00:00'),(533,173,'2006-10-13 00:00:00'),(534,330,'2006-10-17 00:00:00'),(535,228,'2006-10-17 00:00:00'),(536,322,'2006-10-19 00:00:00'),(537,151,'2006-10-23 00:00:00'),(538,259,'2006-10-31 00:00:00'),(539,13,'2006-11-16 00:00:00'),(540,252,'2006-11-19 00:00:00'),(541,25,'2006-11-21 00:00:00'),(542,192,'2006-11-23 00:00:00'),(543,288,'2006-11-23 00:00:00'),(544,333,'2006-11-29 00:00:00'),(545,262,'2006-12-01 00:00:00'),(546,293,'2006-12-02 00:00:00'),(547,227,'2006-12-06 00:00:00'),(548,10,'2006-12-07 00:00:00'),(549,215,'2006-12-07 00:00:00'),(550,248,'2006-12-08 00:00:00'),(551,29,'2006-12-10 00:00:00'),(552,325,'2006-12-11 00:00:00'),(553,224,'2006-12-13 00:00:00'),(554,320,'2006-12-14 00:00:00'),(555,23,'2006-12-15 00:00:00'),(556,9,'2006-12-22 00:00:00'),(557,18,'2006-12-22 00:00:00'),(558,70,'2006-12-23 00:00:00'),(559,105,'2006-12-26 00:00:00'),(560,187,'2006-12-31 00:00:00'),(561,301,'2007-01-07 00:00:00'),(562,328,'2007-01-07 00:00:00'),(563,190,'2007-01-07 00:00:00'),(564,304,'2007-01-10 00:00:00'),(565,344,'2007-01-17 00:00:00'),(566,318,'2007-01-17 00:00:00'),(567,2,'2007-01-18 00:00:00'),(568,348,'2007-01-19 00:00:00'),(569,346,'2007-01-28 00:00:00'),(570,274,'2007-01-28 00:00:00'),(571,347,'2007-01-30 00:00:00'),(572,29,'2007-01-31 00:00:00'),(573,301,'2007-02-01 00:00:00'),(574,101,'2007-02-02 00:00:00'),(575,225,'2007-02-12 00:00:00'),(576,39,'2007-02-16 00:00:00'),(577,273,'2007-02-18 00:00:00'),(578,285,'2007-02-22 00:00:00'),(579,199,'2007-02-22 00:00:00'),(580,173,'2007-03-07 00:00:00'),(581,160,'2007-03-07 00:00:00'),(582,344,'2007-03-17 00:00:00'),(583,159,'2007-03-19 00:00:00'),(584,254,'2007-03-19 00:00:00'),(585,269,'2007-03-23 00:00:00'),(586,104,'2007-03-23 00:00:00'),(587,290,'2007-03-24 00:00:00'),(588,254,'2007-03-24 00:00:00'),(589,232,'2007-03-26 00:00:00'),(590,260,'2007-04-01 00:00:00'),(591,336,'2007-04-03 00:00:00'),(592,261,'2007-04-08 00:00:00'),(593,209,'2007-04-14 00:00:00'),(594,266,'2007-04-17 00:00:00'),(595,214,'2007-04-17 00:00:00'),(596,318,'2007-04-18 00:00:00'),(597,315,'2007-04-19 00:00:00'),(598,73,'2007-04-28 00:00:00'),(599,166,'2007-05-02 00:00:00'),(600,294,'2007-05-05 00:00:00'),(601,240,'2007-05-16 00:00:00'),(602,80,'2007-05-17 00:00:00'),(603,94,'2007-05-18 00:00:00'),(604,300,'2007-06-03 00:00:00'),(605,295,'2007-06-07 00:00:00'),(606,308,'2007-06-07 00:00:00'),(607,16,'2007-06-14 00:00:00'),(608,218,'2007-06-15 00:00:00'),(609,258,'2007-06-21 00:00:00'),(610,322,'2007-06-23 00:00:00'),(611,63,'2007-06-27 00:00:00'),(612,140,'2007-06-27 00:00:00'),(613,299,'2007-06-28 00:00:00'),(614,348,'2007-07-03 00:00:00'),(615,309,'2007-07-04 00:00:00'),(616,83,'2007-07-04 00:00:00'),(617,194,'2007-07-06 00:00:00'),(618,249,'2007-07-07 00:00:00'),(619,301,'2007-07-10 00:00:00'),(620,197,'2007-07-11 00:00:00'),(621,29,'2007-07-25 00:00:00'),(622,126,'2007-08-01 00:00:00'),(623,235,'2007-08-06 00:00:00'),(624,271,'2007-08-12 00:00:00'),(625,47,'2007-08-16 00:00:00'),(626,153,'2007-08-27 00:00:00'),(627,216,'2007-08-28 00:00:00'),(628,100,'2007-08-30 00:00:00'),(629,9,'2007-09-01 00:00:00'),(630,112,'2007-09-03 00:00:00'),(631,32,'2007-09-05 00:00:00'),(632,68,'2007-09-07 00:00:00'),(633,198,'2007-09-09 00:00:00'),(634,297,'2007-09-11 00:00:00'),(635,288,'2007-09-13 00:00:00'),(636,279,'2007-09-21 00:00:00'),(637,189,'2007-09-22 00:00:00'),(638,226,'2007-09-23 00:00:00'),(639,200,'2007-09-26 00:00:00'),(640,102,'2007-10-01 00:00:00'),(641,342,'2007-10-05 00:00:00'),(642,23,'2007-10-06 00:00:00'),(643,163,'2007-10-12 00:00:00'),(644,315,'2007-10-17 00:00:00'),(645,265,'2007-10-22 00:00:00'),(646,104,'2007-10-23 00:00:00'),(647,257,'2007-10-23 00:00:00'),(648,268,'2007-10-23 00:00:00'),(649,316,'2007-10-24 00:00:00'),(650,317,'2007-10-25 00:00:00'),(651,326,'2007-10-29 00:00:00'),(652,161,'2007-11-07 00:00:00'),(653,200,'2007-11-07 00:00:00'),(654,297,'2007-11-14 00:00:00'),(655,262,'2007-12-02 00:00:00'),(656,174,'2007-12-14 00:00:00'),(657,135,'2007-12-15 00:00:00'),(658,221,'2007-12-22 00:00:00'),(659,52,'2007-12-22 00:00:00'),(660,321,'2007-12-26 00:00:00'),(661,213,'2008-01-05 00:00:00'),(662,112,'2008-01-11 00:00:00'),(663,77,'2008-01-11 00:00:00'),(664,272,'2008-01-12 00:00:00'),(665,316,'2008-01-15 00:00:00'),(666,101,'2008-01-29 00:00:00'),(667,126,'2008-01-30 00:00:00'),(668,337,'2008-02-02 00:00:00'),(669,122,'2008-02-05 00:00:00'),(670,78,'2008-02-12 00:00:00'),(671,229,'2008-02-12 00:00:00'),(672,189,'2008-02-16 00:00:00'),(673,218,'2008-02-23 00:00:00'),(674,112,'2008-02-28 00:00:00'),(675,266,'2008-03-05 00:00:00'),(676,293,'2008-03-05 00:00:00'),(677,216,'2008-03-11 00:00:00'),(678,138,'2008-03-13 00:00:00'),(679,65,'2008-03-19 00:00:00'),(680,203,'2008-03-22 00:00:00'),(681,112,'2008-03-23 00:00:00'),(682,177,'2008-03-24 00:00:00'),(683,307,'2008-04-12 00:00:00'),(684,308,'2008-04-16 00:00:00'),(685,125,'2008-04-17 00:00:00'),(686,230,'2008-04-18 00:00:00'),(687,333,'2008-04-18 00:00:00'),(688,292,'2008-04-21 00:00:00'),(689,192,'2008-05-08 00:00:00'),(690,298,'2008-05-09 00:00:00'),(691,135,'2008-05-12 00:00:00'),(692,312,'2008-05-13 00:00:00'),(693,244,'2008-05-16 00:00:00'),(694,180,'2008-05-16 00:00:00'),(695,203,'2008-05-23 00:00:00'),(696,153,'2008-06-11 00:00:00'),(697,290,'2008-06-12 00:00:00'),(698,157,'2008-06-12 00:00:00'),(699,285,'2008-06-20 00:00:00'),(700,68,'2008-06-21 00:00:00'),(701,222,'2008-06-23 00:00:00'),(702,260,'2008-06-28 00:00:00'),(703,190,'2008-06-30 00:00:00'),(704,51,'2008-07-04 00:00:00'),(705,211,'2008-07-05 00:00:00'),(706,216,'2008-07-05 00:00:00'),(707,328,'2008-07-07 00:00:00'),(708,8,'2008-07-08 00:00:00'),(709,249,'2008-07-11 00:00:00'),(710,342,'2008-07-12 00:00:00'),(711,96,'2008-07-12 00:00:00'),(712,162,'2008-07-12 00:00:00'),(713,249,'2008-07-14 00:00:00'),(714,324,'2008-07-15 00:00:00'),(715,278,'2008-07-16 00:00:00'),(716,4,'2008-07-19 00:00:00'),(717,173,'2008-07-19 00:00:00'),(718,212,'2008-07-22 00:00:00'),(719,218,'2008-07-30 00:00:00'),(720,343,'2008-08-01 00:00:00'),(721,158,'2008-08-30 00:00:00'),(722,325,'2008-08-30 00:00:00'),(723,344,'2008-08-31 00:00:00'),(724,337,'2008-09-07 00:00:00'),(725,285,'2008-09-12 00:00:00'),(726,292,'2008-09-13 00:00:00'),(727,132,'2008-09-18 00:00:00'),(728,74,'2008-09-23 00:00:00'),(729,128,'2008-09-25 00:00:00'),(730,150,'2008-09-26 00:00:00'),(731,316,'2008-09-30 00:00:00'),(732,168,'2008-10-07 00:00:00'),(733,103,'2008-10-12 00:00:00'),(734,60,'2008-10-12 00:00:00'),(735,173,'2008-10-13 00:00:00'),(736,163,'2008-10-16 00:00:00'),(737,234,'2008-10-22 00:00:00'),(738,41,'2008-10-24 00:00:00'),(739,10,'2008-10-29 00:00:00'),(740,40,'2008-11-02 00:00:00'),(741,86,'2008-11-10 00:00:00'),(742,196,'2008-11-18 00:00:00'),(743,61,'2008-11-20 00:00:00'),(744,193,'2008-11-21 00:00:00'),(745,24,'2008-11-21 00:00:00'),(746,336,'2008-11-21 00:00:00'),(747,143,'2008-11-22 00:00:00'),(748,195,'2008-11-23 00:00:00'),(749,84,'2008-11-23 00:00:00'),(750,186,'2008-12-02 00:00:00'),(751,223,'2008-12-03 00:00:00'),(752,41,'2008-12-05 00:00:00'),(753,32,'2008-12-07 00:00:00'),(754,63,'2008-12-09 00:00:00'),(755,242,'2008-12-11 00:00:00'),(756,92,'2008-12-15 00:00:00'),(757,111,'2008-12-15 00:00:00'),(758,232,'2008-12-20 00:00:00'),(759,251,'2008-12-29 00:00:00'),(760,55,'2009-01-01 00:00:00'),(761,50,'2009-01-01 00:00:00'),(762,254,'2009-01-02 00:00:00'),(763,4,'2009-01-31 00:00:00'),(764,236,'2009-02-02 00:00:00'),(765,209,'2009-02-11 00:00:00'),(766,168,'2009-02-21 00:00:00'),(767,316,'2009-02-22 00:00:00'),(768,314,'2009-02-26 00:00:00'),(769,62,'2009-03-03 00:00:00'),(770,258,'2009-03-10 00:00:00'),(771,142,'2009-03-10 00:00:00'),(772,320,'2009-03-19 00:00:00'),(773,122,'2009-03-27 00:00:00'),(774,227,'2009-03-27 00:00:00'),(775,177,'2009-04-06 00:00:00'),(776,316,'2009-04-11 00:00:00'),(777,74,'2009-04-14 00:00:00'),(778,23,'2009-04-15 00:00:00'),(779,55,'2009-04-18 00:00:00'),(780,236,'2009-04-23 00:00:00'),(781,162,'2009-04-25 00:00:00'),(782,93,'2009-04-26 00:00:00'),(783,33,'2009-05-02 00:00:00'),(784,259,'2009-05-03 00:00:00'),(785,120,'2009-05-11 00:00:00'),(786,314,'2009-05-20 00:00:00'),(787,310,'2009-05-29 00:00:00'),(788,271,'2009-05-29 00:00:00'),(789,112,'2009-06-03 00:00:00'),(790,145,'2009-06-08 00:00:00'),(791,102,'2009-06-11 00:00:00'),(792,47,'2009-06-17 00:00:00'),(793,52,'2009-06-19 00:00:00'),(794,205,'2009-06-28 00:00:00'),(795,44,'2009-07-03 00:00:00'),(796,11,'2009-07-11 00:00:00'),(797,142,'2009-07-12 00:00:00'),(798,312,'2009-07-17 00:00:00'),(799,231,'2009-07-20 00:00:00'),(800,91,'2009-08-09 00:00:00'),(801,108,'2009-08-10 00:00:00'),(802,76,'2009-08-14 00:00:00'),(803,247,'2009-08-14 00:00:00'),(804,14,'2009-08-16 00:00:00'),(805,275,'2009-08-16 00:00:00'),(806,92,'2009-08-19 00:00:00'),(807,59,'2009-08-19 00:00:00'),(808,76,'2009-08-25 00:00:00'),(809,16,'2009-08-27 00:00:00'),(810,124,'2009-09-05 00:00:00'),(811,274,'2009-09-07 00:00:00'),(812,215,'2009-09-12 00:00:00'),(813,287,'2009-09-13 00:00:00'),(814,329,'2009-09-15 00:00:00'),(815,284,'2009-09-19 00:00:00'),(816,61,'2009-09-22 00:00:00'),(817,80,'2009-09-22 00:00:00'),(818,98,'2009-10-09 00:00:00'),(819,17,'2009-10-11 00:00:00'),(820,181,'2009-10-13 00:00:00'),(821,71,'2009-10-15 00:00:00'),(822,175,'2009-10-17 00:00:00'),(823,129,'2009-10-17 00:00:00'),(824,23,'2009-10-18 00:00:00'),(825,196,'2009-10-19 00:00:00'),(826,144,'2009-10-26 00:00:00'),(827,165,'2009-11-01 00:00:00'),(828,256,'2009-11-01 00:00:00'),(829,15,'2009-11-02 00:00:00'),(830,301,'2009-11-08 00:00:00'),(831,114,'2009-11-12 00:00:00'),(832,16,'2009-11-22 00:00:00'),(833,30,'2009-11-22 00:00:00'),(834,111,'2009-11-24 00:00:00'),(835,51,'2009-11-24 00:00:00'),(836,285,'2009-11-26 00:00:00'),(837,121,'2009-12-06 00:00:00'),(838,174,'2009-12-08 00:00:00'),(839,47,'2009-12-14 00:00:00'),(840,67,'2009-12-22 00:00:00'),(841,254,'2009-12-22 00:00:00'),(842,86,'2009-12-22 00:00:00'),(843,223,'2009-12-26 00:00:00'),(844,186,'2010-01-02 00:00:00'),(845,118,'2010-01-03 00:00:00'),(846,111,'2010-01-05 00:00:00'),(847,201,'2010-01-05 00:00:00'),(848,332,'2010-01-09 00:00:00'),(849,300,'2010-01-14 00:00:00'),(850,45,'2010-01-14 00:00:00'),(851,202,'2010-01-14 00:00:00'),(852,141,'2010-01-16 00:00:00'),(853,140,'2010-01-23 00:00:00'),(854,9,'2010-01-23 00:00:00'),(855,106,'2010-01-25 00:00:00'),(856,55,'2010-02-01 00:00:00'),(857,39,'2010-02-06 00:00:00'),(858,149,'2010-02-28 00:00:00'),(859,266,'2010-03-12 00:00:00'),(860,217,'2010-03-18 00:00:00'),(861,127,'2010-03-27 00:00:00'),(862,105,'2010-03-28 00:00:00'),(863,249,'2010-04-08 00:00:00'),(864,70,'2010-04-11 00:00:00'),(865,172,'2010-04-14 00:00:00'),(866,276,'2010-04-15 00:00:00'),(867,92,'2010-04-16 00:00:00'),(868,258,'2010-04-22 00:00:00'),(869,42,'2010-04-30 00:00:00'),(870,308,'2010-05-11 00:00:00'),(871,226,'2010-05-14 00:00:00'),(872,139,'2010-05-16 00:00:00'),(873,243,'2010-05-22 00:00:00'),(874,315,'2010-06-02 00:00:00'),(875,315,'2010-06-02 00:00:00'),(876,190,'2010-06-03 00:00:00'),(877,209,'2010-06-04 00:00:00'),(878,293,'2010-06-20 00:00:00'),(879,314,'2010-06-28 00:00:00'),(880,126,'2010-06-28 00:00:00'),(881,102,'2010-07-02 00:00:00'),(882,183,'2010-07-07 00:00:00'),(883,228,'2010-07-08 00:00:00'),(884,337,'2010-07-12 00:00:00'),(885,157,'2010-07-12 00:00:00'),(886,209,'2010-07-15 00:00:00'),(887,92,'2010-07-26 00:00:00'),(888,75,'2010-07-30 00:00:00'),(889,9,'2010-07-30 00:00:00'),(890,171,'2010-08-02 00:00:00'),(891,106,'2010-08-03 00:00:00'),(892,184,'2010-08-05 00:00:00'),(893,11,'2010-08-06 00:00:00'),(894,206,'2010-08-07 00:00:00'),(895,82,'2010-08-14 00:00:00'),(896,321,'2010-08-22 00:00:00'),(897,44,'2010-08-22 00:00:00'),(898,95,'2010-08-25 00:00:00'),(899,308,'2010-08-25 00:00:00'),(900,134,'2010-08-29 00:00:00'),(901,4,'2010-08-31 00:00:00'),(902,124,'2010-09-03 00:00:00'),(903,214,'2010-09-09 00:00:00'),(904,174,'2010-09-14 00:00:00'),(905,237,'2010-09-21 00:00:00'),(906,179,'2010-09-21 00:00:00'),(907,211,'2010-10-04 00:00:00'),(908,236,'2010-10-05 00:00:00'),(909,79,'2010-10-07 00:00:00'),(910,2,'2010-10-09 00:00:00'),(911,347,'2010-10-12 00:00:00'),(912,45,'2010-10-13 00:00:00'),(913,204,'2010-10-15 00:00:00'),(914,321,'2010-10-17 00:00:00'),(915,79,'2010-10-19 00:00:00'),(916,41,'2010-10-29 00:00:00'),(917,233,'2010-10-30 00:00:00'),(918,318,'2010-10-31 00:00:00'),(919,122,'2010-11-11 00:00:00'),(920,31,'2010-11-13 00:00:00'),(921,188,'2010-11-14 00:00:00'),(922,295,'2010-11-25 00:00:00'),(923,77,'2010-11-26 00:00:00'),(924,190,'2010-12-07 00:00:00'),(925,124,'2010-12-08 00:00:00'),(926,277,'2010-12-12 00:00:00'),(927,2,'2010-12-20 00:00:00'),(928,129,'2010-12-22 00:00:00'),(929,227,'2010-12-27 00:00:00'),(930,118,'2010-12-27 00:00:00'),(931,117,'2010-12-28 00:00:00'),(932,142,'2011-01-07 00:00:00'),(933,59,'2011-01-08 00:00:00'),(934,22,'2011-01-10 00:00:00'),(935,62,'2011-01-10 00:00:00'),(936,43,'2011-01-14 00:00:00'),(937,45,'2011-01-19 00:00:00'),(938,168,'2011-01-22 00:00:00'),(939,148,'2011-01-29 00:00:00'),(940,167,'2011-01-30 00:00:00'),(941,92,'2011-02-01 00:00:00'),(942,329,'2011-02-03 00:00:00'),(943,100,'2011-02-05 00:00:00'),(944,203,'2011-02-05 00:00:00'),(945,91,'2011-02-05 00:00:00'),(946,163,'2011-02-06 00:00:00'),(947,196,'2011-02-11 00:00:00'),(948,82,'2011-02-14 00:00:00'),(949,94,'2011-02-15 00:00:00'),(950,69,'2011-02-19 00:00:00'),(951,110,'2011-03-05 00:00:00'),(952,165,'2011-03-10 00:00:00'),(953,261,'2011-03-16 00:00:00'),(954,316,'2011-03-25 00:00:00'),(955,208,'2011-04-06 00:00:00'),(956,169,'2011-04-11 00:00:00'),(957,35,'2011-04-21 00:00:00'),(958,286,'2011-04-22 00:00:00'),(959,320,'2011-04-24 00:00:00'),(960,298,'2011-04-28 00:00:00'),(961,102,'2011-05-05 00:00:00'),(962,108,'2011-05-21 00:00:00'),(963,32,'2011-05-25 00:00:00'),(964,330,'2011-05-30 00:00:00'),(965,136,'2011-06-03 00:00:00'),(966,189,'2011-06-05 00:00:00'),(967,142,'2011-06-07 00:00:00'),(968,275,'2011-06-11 00:00:00'),(969,111,'2011-06-17 00:00:00'),(970,254,'2011-06-27 00:00:00'),(971,271,'2011-07-04 00:00:00'),(972,2,'2011-07-06 00:00:00'),(973,18,'2011-07-08 00:00:00'),(974,6,'2011-07-08 00:00:00'),(975,130,'2011-07-20 00:00:00'),(976,317,'2011-07-20 00:00:00'),(977,96,'2011-07-23 00:00:00'),(978,127,'2011-07-27 00:00:00'),(979,305,'2011-07-30 00:00:00'),(980,260,'2011-07-30 00:00:00'),(981,123,'2011-07-31 00:00:00'),(982,294,'2011-08-03 00:00:00'),(983,238,'2011-08-05 00:00:00'),(984,38,'2011-08-08 00:00:00'),(985,308,'2011-08-10 00:00:00'),(986,345,'2011-08-12 00:00:00'),(987,317,'2011-08-13 00:00:00'),(988,290,'2011-08-14 00:00:00'),(989,192,'2011-08-17 00:00:00'),(990,234,'2011-08-21 00:00:00'),(991,208,'2011-08-25 00:00:00'),(992,67,'2011-08-25 00:00:00'),(993,80,'2011-09-02 00:00:00'),(994,315,'2011-09-04 00:00:00'),(995,31,'2011-09-10 00:00:00'),(996,172,'2011-09-18 00:00:00'),(997,87,'2011-09-20 00:00:00'),(998,185,'2011-09-21 00:00:00'),(999,182,'2011-09-24 00:00:00'),(1000,257,'2011-09-24 00:00:00'),(1001,331,'2011-09-29 00:00:00'),(1002,246,'2011-10-12 00:00:00'),(1003,314,'2011-10-12 00:00:00'),(1004,227,'2011-10-24 00:00:00'),(1005,43,'2011-10-26 00:00:00'),(1006,348,'2011-10-27 00:00:00'),(1007,149,'2011-11-03 00:00:00'),(1008,270,'2011-11-05 00:00:00'),(1009,245,'2011-11-11 00:00:00'),(1010,207,'2011-11-11 00:00:00'),(1011,42,'2011-11-16 00:00:00'),(1012,315,'2011-11-18 00:00:00'),(1013,228,'2011-11-19 00:00:00'),(1014,146,'2011-11-28 00:00:00'),(1015,26,'2011-12-03 00:00:00'),(1016,19,'2011-12-04 00:00:00'),(1017,162,'2011-12-06 00:00:00'),(1018,297,'2011-12-07 00:00:00'),(1019,314,'2011-12-21 00:00:00'),(1020,333,'2011-12-27 00:00:00'),(1021,348,'2011-12-30 00:00:00'),(1022,178,'2011-12-30 00:00:00'),(1023,35,'2012-01-01 00:00:00'),(1024,337,'2012-01-01 00:00:00'),(1025,35,'2012-01-04 00:00:00'),(1026,158,'2012-01-07 00:00:00'),(1027,198,'2012-01-08 00:00:00'),(1028,16,'2012-01-15 00:00:00'),(1029,345,'2012-01-19 00:00:00'),(1030,222,'2012-01-31 00:00:00'),(1031,317,'2012-02-01 00:00:00'),(1032,135,'2012-02-03 00:00:00'),(1033,319,'2012-02-04 00:00:00'),(1034,285,'2012-02-06 00:00:00'),(1035,118,'2012-02-07 00:00:00'),(1036,217,'2012-02-14 00:00:00'),(1037,73,'2012-02-22 00:00:00'),(1038,281,'2012-02-22 00:00:00'),(1039,348,'2012-02-22 00:00:00'),(1040,238,'2012-03-07 00:00:00'),(1041,9,'2012-03-11 00:00:00'),(1042,237,'2012-03-11 00:00:00'),(1043,169,'2012-03-14 00:00:00'),(1044,189,'2012-03-15 00:00:00'),(1045,27,'2012-03-25 00:00:00'),(1046,195,'2012-03-26 00:00:00'),(1047,291,'2012-03-29 00:00:00'),(1048,170,'2012-03-30 00:00:00'),(1049,106,'2012-04-07 00:00:00'),(1050,260,'2012-04-09 00:00:00'),(1051,140,'2012-04-10 00:00:00'),(1052,20,'2012-04-14 00:00:00'),(1053,34,'2012-04-15 00:00:00'),(1054,282,'2012-04-17 00:00:00'),(1055,332,'2012-04-17 00:00:00'),(1056,312,'2012-04-21 00:00:00'),(1057,65,'2012-04-27 00:00:00'),(1058,200,'2012-04-29 00:00:00'),(1059,131,'2012-05-07 00:00:00'),(1060,266,'2012-05-11 00:00:00'),(1061,131,'2012-05-13 00:00:00'),(1062,16,'2012-05-14 00:00:00'),(1063,123,'2012-05-31 00:00:00'),(1064,334,'2012-06-01 00:00:00'),(1065,75,'2012-06-01 00:00:00'),(1066,186,'2012-06-01 00:00:00'),(1067,46,'2012-06-02 00:00:00'),(1068,168,'2012-06-09 00:00:00'),(1069,119,'2012-06-09 00:00:00'),(1070,132,'2012-06-10 00:00:00'),(1071,210,'2012-06-11 00:00:00'),(1072,290,'2012-06-18 00:00:00'),(1073,327,'2012-06-27 00:00:00'),(1074,334,'2012-07-01 00:00:00'),(1075,3,'2012-07-02 00:00:00'),(1076,173,'2012-07-02 00:00:00'),(1077,209,'2012-07-03 00:00:00'),(1078,166,'2012-07-03 00:00:00'),(1079,105,'2012-07-08 00:00:00'),(1080,215,'2012-07-09 00:00:00'),(1081,152,'2012-07-12 00:00:00'),(1082,227,'2012-07-22 00:00:00'),(1083,190,'2012-07-26 00:00:00'),(1084,237,'2012-07-28 00:00:00'),(1085,299,'2012-08-03 00:00:00'),(1086,324,'2012-08-04 00:00:00'),(1087,151,'2012-08-06 00:00:00'),(1088,246,'2012-08-11 00:00:00'),(1089,320,'2012-08-15 00:00:00'),(1090,311,'2012-08-19 00:00:00'),(1091,17,'2012-09-01 00:00:00'),(1092,340,'2012-09-06 00:00:00'),(1093,253,'2012-09-08 00:00:00'),(1094,29,'2012-09-12 00:00:00'),(1095,38,'2012-09-13 00:00:00'),(1096,185,'2012-09-21 00:00:00'),(1097,141,'2012-09-22 00:00:00'),(1098,189,'2012-09-24 00:00:00'),(1099,234,'2012-09-30 00:00:00'),(1100,118,'2012-10-01 00:00:00'),(1101,20,'2012-10-04 00:00:00'),(1102,187,'2012-10-09 00:00:00'),(1103,179,'2012-10-13 00:00:00'),(1104,13,'2012-10-16 00:00:00'),(1105,127,'2012-10-22 00:00:00'),(1106,94,'2012-10-26 00:00:00'),(1107,87,'2012-11-01 00:00:00'),(1108,3,'2012-11-02 00:00:00'),(1109,192,'2012-11-02 00:00:00'),(1110,76,'2012-11-04 00:00:00'),(1111,190,'2012-11-06 00:00:00'),(1112,28,'2012-11-15 00:00:00'),(1113,199,'2012-11-16 00:00:00'),(1114,251,'2012-11-17 00:00:00'),(1115,180,'2012-11-22 00:00:00'),(1116,111,'2012-11-25 00:00:00'),(1117,247,'2012-11-26 00:00:00'),(1118,47,'2012-11-29 00:00:00'),(1119,227,'2012-11-30 00:00:00'),(1120,116,'2012-11-30 00:00:00'),(1121,163,'2012-12-03 00:00:00'),(1122,272,'2012-12-07 00:00:00'),(1123,218,'2012-12-11 00:00:00'),(1124,308,'2012-12-12 00:00:00'),(1125,58,'2012-12-13 00:00:00'),(1126,2,'2012-12-27 00:00:00'),(1127,57,'2012-12-30 00:00:00'),(1128,166,'2012-12-31 00:00:00'),(1129,29,'2013-01-06 00:00:00'),(1130,34,'2013-01-24 00:00:00'),(1131,25,'2013-01-29 00:00:00'),(1132,45,'2013-01-29 00:00:00'),(1133,53,'2013-01-31 00:00:00'),(1134,219,'2013-01-31 00:00:00'),(1135,206,'2013-01-31 00:00:00'),(1136,111,'2013-02-05 00:00:00'),(1137,280,'2013-02-07 00:00:00'),(1138,48,'2013-02-07 00:00:00'),(1139,8,'2013-02-08 00:00:00'),(1140,97,'2013-02-15 00:00:00'),(1141,185,'2013-02-19 00:00:00'),(1142,262,'2013-03-06 00:00:00'),(1143,223,'2013-03-07 00:00:00'),(1144,264,'2013-03-10 00:00:00'),(1145,28,'2013-03-13 00:00:00'),(1146,318,'2013-03-14 00:00:00'),(1147,322,'2013-03-21 00:00:00'),(1148,13,'2013-03-23 00:00:00'),(1149,62,'2013-03-25 00:00:00'),(1150,99,'2013-04-03 00:00:00'),(1151,199,'2013-04-14 00:00:00'),(1152,69,'2013-04-24 00:00:00'),(1153,138,'2013-04-27 00:00:00'),(1154,154,'2013-04-29 00:00:00'),(1155,161,'2013-04-30 00:00:00'),(1156,268,'2013-05-01 00:00:00'),(1157,299,'2013-05-02 00:00:00'),(1158,82,'2013-05-03 00:00:00'),(1159,24,'2013-05-03 00:00:00'),(1160,334,'2013-05-07 00:00:00'),(1161,284,'2013-05-07 00:00:00'),(1162,316,'2013-05-15 00:00:00'),(1163,68,'2013-05-15 00:00:00'),(1164,86,'2013-05-16 00:00:00'),(1165,284,'2013-05-18 00:00:00'),(1166,293,'2013-05-20 00:00:00'),(1167,320,'2013-05-30 00:00:00'),(1168,269,'2013-06-06 00:00:00'),(1169,209,'2013-06-08 00:00:00'),(1170,97,'2013-06-17 00:00:00'),(1171,141,'2013-06-23 00:00:00'),(1172,273,'2013-06-25 00:00:00'),(1173,1,'2013-07-07 00:00:00'),(1174,322,'2013-07-09 00:00:00'),(1175,91,'2013-07-11 00:00:00'),(1176,198,'2013-07-13 00:00:00'),(1177,118,'2013-07-13 00:00:00'),(1178,311,'2013-07-16 00:00:00'),(1179,51,'2013-07-31 00:00:00'),(1180,114,'2013-08-01 00:00:00'),(1181,224,'2013-08-02 00:00:00'),(1182,110,'2013-08-07 00:00:00'),(1183,10,'2013-08-19 00:00:00'),(1184,75,'2013-08-25 00:00:00'),(1185,198,'2013-08-25 00:00:00'),(1186,239,'2013-08-30 00:00:00'),(1187,270,'2013-09-01 00:00:00'),(1188,315,'2013-09-03 00:00:00'),(1189,47,'2013-09-04 00:00:00'),(1190,129,'2013-09-22 00:00:00'),(1191,119,'2013-10-02 00:00:00'),(1192,312,'2013-10-08 00:00:00'),(1193,182,'2013-10-11 00:00:00'),(1194,23,'2013-10-22 00:00:00'),(1195,114,'2013-10-29 00:00:00'),(1196,166,'2013-10-30 00:00:00'),(1197,7,'2013-11-05 00:00:00'),(1198,298,'2013-11-06 00:00:00'),(1199,103,'2013-11-17 00:00:00'),(1200,213,'2013-11-20 00:00:00'),(1201,289,'2013-11-28 00:00:00'),(1202,292,'2013-12-06 00:00:00'),(1203,154,'2013-12-07 00:00:00'),(1204,246,'2013-12-15 00:00:00'),(1205,266,'2013-12-24 00:00:00'),(1206,78,'2013-12-26 00:00:00'),(1207,194,'2014-01-06 00:00:00'),(1208,70,'2014-01-08 00:00:00'),(1209,178,'2014-01-18 00:00:00'),(1210,199,'2014-01-29 00:00:00'),(1211,247,'2014-01-31 00:00:00'),(1212,324,'2014-02-01 00:00:00'),(1213,105,'2014-02-08 00:00:00'),(1214,259,'2014-02-11 00:00:00'),(1215,115,'2014-02-16 00:00:00'),(1216,103,'2014-02-18 00:00:00'),(1217,51,'2014-02-23 00:00:00'),(1218,20,'2014-02-26 00:00:00'),(1219,181,'2014-02-28 00:00:00'),(1220,214,'2014-03-02 00:00:00'),(1221,205,'2014-03-13 00:00:00'),(1222,212,'2014-03-15 00:00:00'),(1223,213,'2014-03-16 00:00:00'),(1224,299,'2014-03-18 00:00:00'),(1225,60,'2014-03-18 00:00:00'),(1226,327,'2014-03-19 00:00:00'),(1227,14,'2014-03-23 00:00:00'),(1228,61,'2014-04-07 00:00:00'),(1229,320,'2014-04-09 00:00:00'),(1230,114,'2014-04-10 00:00:00'),(1231,171,'2014-04-14 00:00:00'),(1232,308,'2014-04-15 00:00:00'),(1233,290,'2014-04-15 00:00:00'),(1234,126,'2014-04-19 00:00:00'),(1235,310,'2014-04-24 00:00:00'),(1236,175,'2014-05-04 00:00:00'),(1237,302,'2014-05-09 00:00:00'),(1238,173,'2014-05-14 00:00:00'),(1239,175,'2014-05-14 00:00:00'),(1240,19,'2014-05-14 00:00:00'),(1241,265,'2014-05-18 00:00:00'),(1242,44,'2014-05-20 00:00:00'),(1243,20,'2014-05-22 00:00:00'),(1244,279,'2014-05-24 00:00:00'),(1245,248,'2014-06-14 00:00:00'),(1246,64,'2014-06-22 00:00:00'),(1247,207,'2014-06-24 00:00:00'),(1248,222,'2014-06-25 00:00:00'),(1249,214,'2014-07-01 00:00:00'),(1250,236,'2014-07-10 00:00:00'),(1251,85,'2014-07-10 00:00:00'),(1252,142,'2014-07-14 00:00:00'),(1253,116,'2014-07-14 00:00:00'),(1254,205,'2014-07-21 00:00:00'),(1255,31,'2014-07-21 00:00:00'),(1256,226,'2014-07-25 00:00:00'),(1257,30,'2014-07-25 00:00:00'),(1258,9,'2014-08-02 00:00:00'),(1259,242,'2014-08-05 00:00:00'),(1260,132,'2014-08-06 00:00:00'),(1261,181,'2014-08-11 00:00:00'),(1262,260,'2014-08-12 00:00:00'),(1263,272,'2014-08-15 00:00:00'),(1264,304,'2014-08-16 00:00:00'),(1265,222,'2014-08-19 00:00:00'),(1266,297,'2014-08-25 00:00:00'),(1267,252,'2014-08-28 00:00:00'),(1268,218,'2014-09-07 00:00:00'),(1269,44,'2014-09-10 00:00:00'),(1270,153,'2014-09-11 00:00:00'),(1271,321,'2014-09-20 00:00:00'),(1272,321,'2014-10-20 00:00:00'),(1273,116,'2014-11-02 00:00:00'),(1274,175,'2014-11-03 00:00:00'),(1275,304,'2014-11-06 00:00:00'),(1276,225,'2014-11-08 00:00:00'),(1277,220,'2014-11-16 00:00:00'),(1278,348,'2014-11-22 00:00:00'),(1279,15,'2014-12-01 00:00:00'),(1280,118,'2014-12-02 00:00:00'),(1281,327,'2014-12-13 00:00:00'),(1282,171,'2014-12-13 00:00:00'),(1283,42,'2014-12-21 00:00:00'),(1284,333,'2014-12-29 00:00:00'),(1285,122,'2014-12-29 00:00:00'),(1286,269,'2014-12-31 00:00:00'),(1287,172,'2015-01-02 00:00:00'),(1288,240,'2015-01-11 00:00:00'),(1289,129,'2015-01-12 00:00:00'),(1290,95,'2015-01-13 00:00:00'),(1291,172,'2015-01-17 00:00:00'),(1292,247,'2015-01-20 00:00:00'),(1293,108,'2015-01-21 00:00:00'),(1294,125,'2015-01-21 00:00:00'),(1295,47,'2015-01-24 00:00:00'),(1296,114,'2015-01-26 00:00:00'),(1297,28,'2015-02-01 00:00:00'),(1298,47,'2015-02-06 00:00:00'),(1299,346,'2015-02-12 00:00:00'),(1300,78,'2015-02-20 00:00:00'),(1301,51,'2015-02-24 00:00:00'),(1302,77,'2015-02-26 00:00:00'),(1303,289,'2015-03-03 00:00:00'),(1304,270,'2015-03-11 00:00:00'),(1305,36,'2015-03-15 00:00:00'),(1306,173,'2015-03-24 00:00:00'),(1307,143,'2015-03-30 00:00:00'),(1308,178,'2015-03-31 00:00:00'),(1309,36,'2015-04-08 00:00:00'),(1310,268,'2015-04-11 00:00:00'),(1311,68,'2015-04-12 00:00:00'),(1312,26,'2015-04-19 00:00:00'),(1313,113,'2015-04-21 00:00:00'),(1314,345,'2015-04-26 00:00:00'),(1315,163,'2015-04-29 00:00:00'),(1316,98,'2015-05-01 00:00:00'),(1317,183,'2015-05-02 00:00:00'),(1318,281,'2015-05-05 00:00:00'),(1319,288,'2015-05-17 00:00:00'),(1320,40,'2015-05-22 00:00:00'),(1321,3,'2015-06-03 00:00:00'),(1322,169,'2015-06-05 00:00:00'),(1323,114,'2015-06-07 00:00:00'),(1324,279,'2015-06-12 00:00:00'),(1325,240,'2015-06-14 00:00:00'),(1326,39,'2015-06-16 00:00:00'),(1327,81,'2015-06-20 00:00:00'),(1328,68,'2015-06-21 00:00:00'),(1329,99,'2015-06-21 00:00:00'),(1330,88,'2015-06-25 00:00:00'),(1331,120,'2015-06-27 00:00:00'),(1332,340,'2015-06-29 00:00:00'),(1333,77,'2015-06-30 00:00:00'),(1334,11,'2015-07-06 00:00:00'),(1335,315,'2015-07-07 00:00:00'),(1336,27,'2015-07-12 00:00:00'),(1337,279,'2015-07-14 00:00:00'),(1338,206,'2015-07-15 00:00:00'),(1339,40,'2015-07-17 00:00:00'),(1340,249,'2015-07-18 00:00:00'),(1341,228,'2015-07-19 00:00:00'),(1342,92,'2015-07-19 00:00:00'),(1343,242,'2015-07-22 00:00:00'),(1344,326,'2015-07-26 00:00:00'),(1345,313,'2015-07-27 00:00:00'),(1346,2,'2015-07-28 00:00:00'),(1347,241,'2015-07-29 00:00:00'),(1348,195,'2015-08-05 00:00:00'),(1349,68,'2015-08-06 00:00:00'),(1350,299,'2015-08-08 00:00:00'),(1351,182,'2015-08-15 00:00:00'),(1352,254,'2015-08-16 00:00:00'),(1353,315,'2015-08-26 00:00:00'),(1354,187,'2015-08-29 00:00:00'),(1355,105,'2015-08-30 00:00:00'),(1356,317,'2015-09-10 00:00:00'),(1357,48,'2015-09-14 00:00:00'),(1358,24,'2015-09-19 00:00:00'),(1359,249,'2015-09-30 00:00:00'),(1360,124,'2015-10-03 00:00:00'),(1361,12,'2015-10-03 00:00:00'),(1362,36,'2015-10-04 00:00:00'),(1363,333,'2015-10-05 00:00:00'),(1364,258,'2015-10-07 00:00:00'),(1365,3,'2015-10-11 00:00:00'),(1366,265,'2015-10-11 00:00:00'),(1367,264,'2015-10-13 00:00:00'),(1368,310,'2015-10-20 00:00:00'),(1369,257,'2015-10-26 00:00:00'),(1370,290,'2015-10-26 00:00:00'),(1371,308,'2015-10-29 00:00:00'),(1372,20,'2015-11-02 00:00:00'),(1373,345,'2015-11-04 00:00:00'),(1374,172,'2015-11-09 00:00:00'),(1375,96,'2015-11-11 00:00:00'),(1376,208,'2015-11-14 00:00:00'),(1377,212,'2015-11-20 00:00:00'),(1378,126,'2015-11-22 00:00:00'),(1379,151,'2015-11-29 00:00:00'),(1380,63,'2015-11-30 00:00:00'),(1381,116,'2015-12-05 00:00:00'),(1382,25,'2015-12-12 00:00:00'),(1383,28,'2015-12-16 00:00:00'),(1384,149,'2015-12-18 00:00:00'),(1385,36,'2015-12-21 00:00:00'),(1386,68,'2016-01-02 00:00:00'),(1387,204,'2016-01-03 00:00:00'),(1388,348,'2016-01-09 00:00:00'),(1389,72,'2016-01-11 00:00:00'),(1390,131,'2016-01-16 00:00:00'),(1391,148,'2016-01-20 00:00:00'),(1392,160,'2016-01-21 00:00:00'),(1393,265,'2016-01-29 00:00:00'),(1394,248,'2016-02-02 00:00:00'),(1395,157,'2016-02-02 00:00:00'),(1396,266,'2016-02-03 00:00:00'),(1397,266,'2016-02-14 00:00:00'),(1398,147,'2016-02-17 00:00:00'),(1399,297,'2016-03-03 00:00:00'),(1400,296,'2016-03-05 00:00:00'),(1401,22,'2016-03-06 00:00:00'),(1402,269,'2016-03-07 00:00:00'),(1403,57,'2016-03-12 00:00:00'),(1404,35,'2016-03-14 00:00:00'),(1405,223,'2016-03-18 00:00:00'),(1406,209,'2016-03-25 00:00:00'),(1407,250,'2016-03-26 00:00:00'),(1408,112,'2016-03-27 00:00:00'),(1409,134,'2016-04-02 00:00:00'),(1410,193,'2016-04-05 00:00:00'),(1411,332,'2016-04-07 00:00:00'),(1412,69,'2016-04-09 00:00:00'),(1413,117,'2016-04-09 00:00:00'),(1414,158,'2016-04-19 00:00:00'),(1415,20,'2016-04-23 00:00:00'),(1416,9,'2016-04-28 00:00:00'),(1417,185,'2016-05-09 00:00:00'),(1418,279,'2016-05-09 00:00:00'),(1419,119,'2016-05-12 00:00:00'),(1420,250,'2016-05-13 00:00:00'),(1421,59,'2016-05-17 00:00:00'),(1422,61,'2016-05-21 00:00:00'),(1423,63,'2016-05-28 00:00:00'),(1424,308,'2016-06-01 00:00:00'),(1425,184,'2016-06-05 00:00:00'),(1426,259,'2016-06-06 00:00:00'),(1427,294,'2016-06-07 00:00:00'),(1428,8,'2016-06-11 00:00:00'),(1429,311,'2016-06-13 00:00:00'),(1430,102,'2016-06-18 00:00:00'),(1431,112,'2016-06-18 00:00:00'),(1432,81,'2016-06-20 00:00:00'),(1433,221,'2016-06-24 00:00:00'),(1434,127,'2016-06-27 00:00:00'),(1435,17,'2016-06-27 00:00:00'),(1436,135,'2016-07-01 00:00:00'),(1437,33,'2016-07-12 00:00:00'),(1438,190,'2016-08-01 00:00:00'),(1439,18,'2016-08-05 00:00:00'),(1440,169,'2016-08-08 00:00:00'),(1441,88,'2016-08-19 00:00:00'),(1442,316,'2016-08-21 00:00:00'),(1443,14,'2016-08-25 00:00:00'),(1444,59,'2016-08-26 00:00:00'),(1445,79,'2016-09-16 00:00:00'),(1446,52,'2016-09-20 00:00:00'),(1447,314,'2016-10-06 00:00:00'),(1448,128,'2016-10-13 00:00:00'),(1449,103,'2016-10-15 00:00:00'),(1450,181,'2016-10-16 00:00:00'),(1451,73,'2016-10-16 00:00:00'),(1452,82,'2016-10-20 00:00:00'),(1453,56,'2016-10-23 00:00:00'),(1454,201,'2016-10-25 00:00:00'),(1455,285,'2016-10-28 00:00:00'),(1456,283,'2016-10-29 00:00:00'),(1457,206,'2016-10-30 00:00:00'),(1458,233,'2016-11-05 00:00:00'),(1459,1,'2016-11-06 00:00:00'),(1460,221,'2016-11-09 00:00:00'),(1461,210,'2016-11-10 00:00:00'),(1462,215,'2016-11-20 00:00:00'),(1463,197,'2016-11-20 00:00:00'),(1464,141,'2016-11-21 00:00:00'),(1465,239,'2016-11-24 00:00:00'),(1466,13,'2016-11-24 00:00:00'),(1467,344,'2016-11-24 00:00:00'),(1468,347,'2016-12-04 00:00:00'),(1469,2,'2016-12-04 00:00:00'),(1470,139,'2016-12-13 00:00:00'),(1471,91,'2016-12-16 00:00:00'),(1472,299,'2016-12-31 00:00:00'),(1473,84,'2017-01-03 00:00:00'),(1474,89,'2017-01-16 00:00:00'),(1475,252,'2017-01-17 00:00:00'),(1476,100,'2017-01-20 00:00:00'),(1477,117,'2017-01-20 00:00:00'),(1478,30,'2017-01-21 00:00:00'),(1479,94,'2017-01-26 00:00:00'),(1480,174,'2017-01-28 00:00:00'),(1481,10,'2017-01-31 00:00:00'),(1482,332,'2017-02-08 00:00:00'),(1483,132,'2017-02-22 00:00:00'),(1484,82,'2017-02-22 00:00:00'),(1485,44,'2017-02-26 00:00:00'),(1486,28,'2017-03-09 00:00:00'),(1487,105,'2017-03-10 00:00:00'),(1488,213,'2017-03-17 00:00:00'),(1489,161,'2017-03-22 00:00:00'),(1490,234,'2017-03-26 00:00:00'),(1491,300,'2017-03-29 00:00:00'),(1492,29,'2017-04-04 00:00:00'),(1493,79,'2017-04-18 00:00:00'),(1494,121,'2017-04-20 00:00:00'),(1495,144,'2017-04-26 00:00:00'),(1496,122,'2017-04-29 00:00:00'),(1497,267,'2017-04-30 00:00:00'),(1498,271,'2017-05-08 00:00:00'),(1499,257,'2017-05-11 00:00:00'),(1500,260,'2017-05-17 00:00:00'),(1501,195,'2017-05-26 00:00:00'),(1502,83,'2017-05-30 00:00:00'),(1503,291,'2017-05-31 00:00:00'),(1504,12,'2017-06-05 00:00:00'),(1505,268,'2017-06-05 00:00:00'),(1506,150,'2017-06-05 00:00:00'),(1507,98,'2017-06-07 00:00:00'),(1508,270,'2017-06-18 00:00:00'),(1509,295,'2017-06-19 00:00:00'),(1510,184,'2017-06-20 00:00:00'),(1511,93,'2017-06-21 00:00:00'),(1512,269,'2017-07-04 00:00:00'),(1513,328,'2017-07-05 00:00:00'),(1514,55,'2017-07-10 00:00:00'),(1515,122,'2017-07-10 00:00:00'),(1516,327,'2017-07-11 00:00:00'),(1517,225,'2017-07-11 00:00:00'),(1518,284,'2017-07-11 00:00:00'),(1519,168,'2017-07-13 00:00:00'),(1520,119,'2017-07-21 00:00:00'),(1521,345,'2017-07-21 00:00:00'),(1522,233,'2017-08-04 00:00:00'),(1523,11,'2017-08-16 00:00:00'),(1524,265,'2017-08-24 00:00:00'),(1525,110,'2017-08-25 00:00:00'),(1526,126,'2017-09-07 00:00:00'),(1527,205,'2017-09-09 00:00:00'),(1528,248,'2017-09-18 00:00:00'),(1529,324,'2017-09-20 00:00:00'),(1530,184,'2017-09-20 00:00:00'),(1531,18,'2017-10-01 00:00:00'),(1532,149,'2017-10-09 00:00:00'),(1533,257,'2017-10-12 00:00:00'),(1534,52,'2017-10-12 00:00:00'),(1535,261,'2017-10-15 00:00:00'),(1536,262,'2017-10-15 00:00:00'),(1537,27,'2017-10-22 00:00:00'),(1538,169,'2017-10-26 00:00:00'),(1539,297,'2017-10-31 00:00:00'),(1540,12,'2017-11-01 00:00:00'),(1541,63,'2017-11-02 00:00:00'),(1542,166,'2017-11-03 00:00:00'),(1543,297,'2017-11-07 00:00:00'),(1544,36,'2017-11-11 00:00:00'),(1545,187,'2017-11-15 00:00:00'),(1546,61,'2017-11-24 00:00:00'),(1547,84,'2017-11-25 00:00:00'),(1548,119,'2017-11-26 00:00:00'),(1549,261,'2017-11-30 00:00:00'),(1550,28,'2017-12-03 00:00:00'),(1551,284,'2017-12-09 00:00:00'),(1552,92,'2017-12-10 00:00:00'),(1553,112,'2017-12-10 00:00:00'),(1554,74,'2017-12-17 00:00:00'),(1555,238,'2017-12-24 00:00:00'),(1556,324,'2017-12-25 00:00:00'),(1557,151,'2017-12-28 00:00:00'),(1558,80,'2018-01-01 00:00:00'),(1559,223,'2018-01-04 00:00:00'),(1560,110,'2018-01-04 00:00:00'),(1561,198,'2018-01-14 00:00:00'),(1562,241,'2018-01-15 00:00:00'),(1563,62,'2018-01-17 00:00:00'),(1564,28,'2018-01-17 00:00:00'),(1565,99,'2018-01-18 00:00:00'),(1566,210,'2018-01-18 00:00:00'),(1567,178,'2018-01-18 00:00:00'),(1568,90,'2018-01-18 00:00:00'),(1569,126,'2018-01-19 00:00:00'),(1570,260,'2018-01-24 00:00:00'),(1571,261,'2018-01-30 00:00:00'),(1572,56,'2018-01-31 00:00:00'),(1573,204,'2018-02-01 00:00:00'),(1574,339,'2018-02-04 00:00:00'),(1575,324,'2018-02-05 00:00:00'),(1576,279,'2018-02-15 00:00:00'),(1577,137,'2018-02-17 00:00:00'),(1578,45,'2018-02-24 00:00:00'),(1579,234,'2018-02-27 00:00:00'),(1580,340,'2018-02-27 00:00:00'),(1581,197,'2018-02-27 00:00:00'),(1582,109,'2018-03-06 00:00:00'),(1583,259,'2018-03-09 00:00:00'),(1584,175,'2018-03-17 00:00:00'),(1585,273,'2018-03-20 00:00:00'),(1586,225,'2018-03-24 00:00:00'),(1587,306,'2018-03-25 00:00:00'),(1588,42,'2018-03-27 00:00:00'),(1589,19,'2018-03-29 00:00:00'),(1590,275,'2018-03-31 00:00:00'),(1591,257,'2018-04-20 00:00:00'),(1592,274,'2018-04-24 00:00:00'),(1593,148,'2018-04-24 00:00:00'),(1594,119,'2018-05-05 00:00:00'),(1595,21,'2018-05-05 00:00:00'),(1596,94,'2018-05-06 00:00:00'),(1597,306,'2018-05-07 00:00:00'),(1598,130,'2018-05-10 00:00:00'),(1599,39,'2018-05-10 00:00:00'),(1600,112,'2018-05-14 00:00:00'),(1601,26,'2018-05-15 00:00:00'),(1602,196,'2018-05-20 00:00:00'),(1603,272,'2018-05-27 00:00:00'),(1604,113,'2018-05-28 00:00:00'),(1605,107,'2018-06-01 00:00:00'),(1606,21,'2018-06-09 00:00:00'),(1607,76,'2018-06-10 00:00:00'),(1608,201,'2018-06-28 00:00:00'),(1609,236,'2018-07-01 00:00:00'),(1610,133,'2018-07-02 00:00:00'),(1611,157,'2018-07-03 00:00:00'),(1612,324,'2018-07-03 00:00:00'),(1613,101,'2018-07-09 00:00:00'),(1614,235,'2018-07-10 00:00:00'),(1615,332,'2018-07-11 00:00:00'),(1616,73,'2018-07-14 00:00:00'),(1617,152,'2018-07-21 00:00:00'),(1618,261,'2018-07-24 00:00:00'),(1619,186,'2018-07-25 00:00:00'),(1620,67,'2018-07-25 00:00:00'),(1621,313,'2018-07-25 00:00:00'),(1622,224,'2018-07-27 00:00:00'),(1623,165,'2018-07-30 00:00:00'),(1624,342,'2018-08-03 00:00:00'),(1625,72,'2018-08-05 00:00:00'),(1626,150,'2018-08-06 00:00:00'),(1627,69,'2018-08-22 00:00:00'),(1628,44,'2018-08-30 00:00:00'),(1629,114,'2018-09-01 00:00:00'),(1630,281,'2018-09-02 00:00:00'),(1631,30,'2018-09-05 00:00:00'),(1632,195,'2018-09-10 00:00:00'),(1633,96,'2018-09-23 00:00:00'),(1634,183,'2018-09-26 00:00:00'),(1635,150,'2018-10-04 00:00:00'),(1636,272,'2018-10-12 00:00:00'),(1637,227,'2018-10-16 00:00:00'),(1638,9,'2018-10-17 00:00:00'),(1639,201,'2018-10-25 00:00:00'),(1640,139,'2018-10-25 00:00:00'),(1641,13,'2018-10-26 00:00:00'),(1642,182,'2018-11-04 00:00:00'),(1643,118,'2018-11-06 00:00:00'),(1644,36,'2018-11-06 00:00:00'),(1645,23,'2018-11-15 00:00:00'),(1646,43,'2018-11-17 00:00:00'),(1647,136,'2018-11-19 00:00:00'),(1648,126,'2018-12-10 00:00:00'),(1649,326,'2018-12-13 00:00:00'),(1650,204,'2018-12-16 00:00:00'),(1651,10,'2018-12-17 00:00:00'),(1652,314,'2018-12-23 00:00:00'),(1653,166,'2018-12-23 00:00:00'),(1654,54,'2018-12-30 00:00:00'),(1655,88,'2018-12-31 00:00:00'),(1656,284,'2018-12-31 00:00:00'),(1657,145,'2019-01-05 00:00:00'),(1658,40,'2019-01-05 00:00:00'),(1659,105,'2019-01-17 00:00:00'),(1660,59,'2019-01-22 00:00:00'),(1661,29,'2019-01-24 00:00:00'),(1662,293,'2019-01-27 00:00:00'),(1663,115,'2019-02-02 00:00:00'),(1664,66,'2019-02-04 00:00:00'),(1665,9,'2019-02-05 00:00:00'),(1666,313,'2019-02-06 00:00:00'),(1667,323,'2019-02-07 00:00:00'),(1668,112,'2019-02-11 00:00:00'),(1669,315,'2019-02-11 00:00:00'),(1670,297,'2019-02-15 00:00:00'),(1671,57,'2019-02-17 00:00:00'),(1672,125,'2019-02-19 00:00:00'),(1673,34,'2019-02-22 00:00:00'),(1674,222,'2019-02-28 00:00:00'),(1675,99,'2019-03-08 00:00:00'),(1676,63,'2019-03-10 00:00:00'),(1677,234,'2019-03-13 00:00:00'),(1678,268,'2019-03-15 00:00:00'),(1679,309,'2019-03-21 00:00:00'),(1680,312,'2019-03-22 00:00:00'),(1681,293,'2019-03-24 00:00:00'),(1682,219,'2019-03-29 00:00:00'),(1683,112,'2019-04-04 00:00:00'),(1684,50,'2019-04-05 00:00:00'),(1685,238,'2019-04-08 00:00:00'),(1686,222,'2019-04-09 00:00:00'),(1687,160,'2019-04-16 00:00:00'),(1688,246,'2019-04-17 00:00:00'),(1689,329,'2019-04-20 00:00:00'),(1690,326,'2019-04-23 00:00:00'),(1691,90,'2019-04-26 00:00:00'),(1692,23,'2019-04-28 00:00:00'),(1693,197,'2019-05-02 00:00:00'),(1694,271,'2019-05-07 00:00:00'),(1695,44,'2019-05-08 00:00:00'),(1696,42,'2019-05-28 00:00:00'),(1697,320,'2019-05-31 00:00:00'),(1698,29,'2019-06-01 00:00:00'),(1699,89,'2019-06-02 00:00:00'),(1700,150,'2019-06-06 00:00:00'),(1701,79,'2019-06-08 00:00:00'),(1702,237,'2019-06-13 00:00:00'),(1703,224,'2019-06-20 00:00:00'),(1704,199,'2019-06-26 00:00:00'),(1705,55,'2019-07-01 00:00:00'),(1706,127,'2019-07-25 00:00:00'),(1707,93,'2019-08-08 00:00:00'),(1708,277,'2019-08-15 00:00:00'),(1709,21,'2019-08-20 00:00:00'),(1710,239,'2019-08-24 00:00:00'),(1711,205,'2019-08-25 00:00:00'),(1712,279,'2019-08-31 00:00:00'),(1713,16,'2019-09-02 00:00:00'),(1714,151,'2019-09-03 00:00:00'),(1715,292,'2019-09-09 00:00:00'),(1716,326,'2019-09-12 00:00:00'),(1717,24,'2019-09-13 00:00:00'),(1718,166,'2019-09-13 00:00:00'),(1719,65,'2019-09-19 00:00:00'),(1720,319,'2019-09-25 00:00:00'),(1721,58,'2019-09-28 00:00:00'),(1722,264,'2019-10-11 00:00:00'),(1723,216,'2019-10-22 00:00:00'),(1724,141,'2019-10-22 00:00:00'),(1725,300,'2019-10-25 00:00:00'),(1726,344,'2019-10-31 00:00:00'),(1727,63,'2019-11-01 00:00:00'),(1728,328,'2019-11-09 00:00:00'),(1729,168,'2019-11-13 00:00:00'),(1730,6,'2019-11-16 00:00:00'),(1731,181,'2019-11-17 00:00:00'),(1732,7,'2019-11-28 00:00:00'),(1733,136,'2019-12-05 00:00:00'),(1734,330,'2019-12-09 00:00:00'),(1735,254,'2019-12-09 00:00:00'),(1736,196,'2019-12-12 00:00:00'),(1737,180,'2019-12-21 00:00:00'),(1738,293,'2019-12-24 00:00:00'),(1739,346,'2019-12-25 00:00:00'),(1740,70,'2019-12-28 00:00:00');
/*!40000 ALTER TABLE `Invoice` ENABLE KEYS */;
UNLOCK TABLES;

--
-- Table structure for table `InvoiceLine`
--

DROP TABLE IF EXISTS `InvoiceLine`;
/*!40101 SET @saved_cs_client     = @@character_set_client */;
/*!40101 SET character_set_client = utf8 */;
CREATE TABLE `InvoiceLine` (
  `invoice_num` int(10) unsigned NOT NULL AUTO_INCREMENT,
  `line_no` int(10) unsigned NOT NULL,
  `item_code` varchar(15) DEFAULT NULL,
  `qty` tinyint(3) unsigned NOT NULL,
  `cost` decimal(6,2) NOT NULL,
  PRIMARY KEY (`invoice_num`,`line_no`),
  KEY `item_code` (`item_code`),
  CONSTRAINT `InvoiceLine_ibfk_1` FOREIGN KEY (`invoice_num`) REFERENCES `Invoice` (`num`),
  CONSTRAINT `InvoiceLine_ibfk_2` FOREIGN KEY (`item_code`) REFERENCES `Item` (`code`)
) ENGINE=InnoDB DEFAULT CHARSET=utf8mb4;
/*!40101 SET character_set_client = @saved_cs_client */;

--
-- Dumping data for table `InvoiceLine`
--

LOCK TABLES `InvoiceLine` WRITE;
/*!40000 ALTER TABLE `InvoiceLine` DISABLE KEYS */;
INSERT INTO `InvoiceLine` VALUES (1,1,'6ZHNY7I_Q',1,20.42),(1,2,'24KP-',1,21.11),(1,3,'WW68N8I',3,61.93),(1,4,'O2T0RF9M',1,35.26),(1,5,'13_96OK6CZ',4,87.05),(1,6,'JTU5_-/4BY-',14,233.02),(1,7,'PIZYO_RLNKF',2,37.21),(1,8,'O/Q1XODG/',2,29.24),(1,9,'JQ6YF6',3,85.11),(1,10,'2GA1K9',5,147.76),(2,1,'JSB4B4',4,82.85),(2,2,'5Z3C1Q5',2,40.65),(3,1,'8PRW/8MS',6,113.01),(3,2,'3I356',2,35.24),(3,3,'B3B1BGL',3,74.30),(3,4,'UTCT2CW',6,105.93),(3,5,'NOLTGD',4,65.68),(3,6,'TK2NRK8TZA',2,38.31),(3,7,'SM3OB0EV32',2,42.82),(4,1,'GU1LC6YTWB',3,64.54),(4,2,'L9Y5U',6,148.71),(4,3,'D6TN8E9U',1,23.93),(4,4,'B-RM878KO',1,16.10),(4,5,'W62UL',2,34.67),(5,1,'/XYAP8',2,50.44),(5,2,'I_JKWDXB',0,2.92),(5,3,'CSKBU',0,2.79),(6,1,'-ZZGG',3,66.61),(6,2,'G-T70U',2,50.78),(6,3,'JSB4B4',9,70.47),(6,4,'GU1LC6YTWB',3,72.47),(6,5,'WW68N8I',2,39.25),(6,6,'0M65/',6,132.66),(6,7,'6V9FCII',2,35.13),(6,8,'LW457K_',2,36.26),(6,9,'AD1BED',9,170.43),(6,10,'S-FEKR0FI',4,77.42),(7,1,'5G0K5NT9',0,7.29),(7,2,'IL9B3C5NZ8V',4,74.36),(7,3,'M6YSF9',0,1.06),(7,4,'TK2NRK8TZA',2,54.11),(7,5,'FKABF',12,183.90),(7,6,'YGVRJQCG',2,33.60),(8,1,'V1T5D',7,117.23),(8,2,'EEABEFI9QDN',7,140.56),(8,3,'GIPWJ62ZQA0',6,90.59),(9,1,'1TGTD4LQ9N',2,46.69),(9,2,'PECV/YN',2,40.34),(10,1,'8S_21TXUQO3',4,24.08),(10,2,'DJ5I5',3,55.36),(10,3,'D_F2MOL',0,7.03),(11,1,'HYTRD',3,52.08),(11,2,'SWOND/',11,233.89),(11,3,'VW1XNA_5IL',3,50.78),(11,4,'S-UKU8-SPMK',0,4.38),(11,5,'VPOWDB26',0,0.91),(11,6,'7A9CMU',9,182.32),(11,7,'1N26DI',3,75.99),(11,8,'N1U51ZB-79',2,49.75),(11,9,'XT22D390A-',5,90.63),(11,10,'_FPE0729T6',1,9.41),(11,11,'X417A0PY',7,112.85),(11,12,'Q3YHOTI66',8,145.31),(11,13,'CY38BIO5GS',3,60.95),(11,14,'G-STM-7',1,13.41),(11,15,'L00/KC',2,50.07),(11,16,'3OFEN/I',1,26.90),(11,17,'L7FKK0KN0QV',2,33.48),(11,18,'Z_WFC93-',2,46.29),(11,19,'7TI8DUFJ6IL',0,3.40),(11,20,'DX4PCC',15,378.31),(11,21,'A7Q89LCW4',1,10.75),(11,22,'E2QXPJL_P1',2,36.81),(11,23,'/O_KJ1UM/',6,102.71),(11,24,'I1V7UNRC',2,41.49),(11,25,'WO62N4VJ',0,2.78),(11,26,'AD1BED',0,5.45),(12,1,'KOET-6',1,29.97),(12,2,'7OQBEQYKQ_',1,28.05),(12,3,'Z_WFC93-',0,10.69),(12,4,'P1RPX50',0,5.25),(12,5,'IV/U/IBW',1,10.15),(13,1,'K03_AMC-Z',2,21.03),(14,1,'_GX2QDDUKIG',1,11.04),(14,2,'DBL/3',5,103.93),(14,3,'3IF569',2,33.87),(14,4,'_FPE0729T6',2,26.68),(15,1,'3C1MZ--QI',1,12.97),(15,2,'YTY4SH_',1,26.21),(15,3,'RN3-4R',0,3.73),(15,4,'7G2OHF',4,85.21),(15,5,'DJ5I5',0,6.76),(16,1,'_FPE0729T6',4,75.96),(16,2,'HN2YN0DLY1',2,56.81),(17,1,'1GN1X12Y',0,0.81),(17,2,'RN3-4R',1,38.11),(18,1,'VWOAA5CK',6,62.78),(18,2,'E/768',3,61.70),(18,3,'JUK3Z-9I',3,69.24),(18,4,'OAU3HE1WQ',1,27.23),(18,5,'B3B1BGL',11,270.94),(19,1,'GBZ4AS44',2,61.33),(19,2,'R5H50RGDW5',8,137.67),(19,3,'EUYNKC2NZ',3,56.94),(19,4,'4NW/2HVUY',18,487.97),(19,5,'EEABEFI9QDN',7,138.59),(19,6,'AWD-3I5YMM/',1,13.71),(20,1,'HZVG2-74RJ1',3,67.62),(20,2,'MWMGC',3,50.48),(20,3,'5-FCDBRCR',5,114.72),(20,4,'PXDOS-AM',1,13.25),(20,5,'C1_T1S6KK6',11,249.94),(20,6,'F_Y06Y-VY',1,27.62),(21,1,'81P-I9',11,177.66),(21,2,'4KZCQZZY',1,11.57),(22,1,'Z2J4PC',5,80.39),(22,2,'JTU5_-/4BY-',7,116.02),(23,1,'I--I9JJ',3,76.38),(23,2,'1O5XQP',3,62.61),(24,1,'_1-QAAJ4J',5,87.68),(24,2,'AY52TT_Y',1,22.23),(24,3,'SDFXW',0,10.05),(24,4,'LY8WW9-0T6',4,61.31),(24,5,'S/ZRAS',2,37.98),(25,1,'YJYF/',8,167.82),(25,2,'2/4KR7T-Z/8',1,4.94),(25,3,'BNU49CDX59W',2,40.00),(25,4,'-_HC-',4,121.48),(25,5,'_14XB5B',1,20.36),(26,1,'KVFNS9',1,13.40),(27,1,'8N4OW',8,197.17),(27,2,'JQ6YF6',2,38.40),(28,1,'KA1CPD',4,96.65),(28,2,'TQXXT0Z42X',3,44.93),(29,1,'36S8ZZVQ5F',0,6.99),(30,1,'Y6SJJ7GQ',1,35.27),(30,2,'24KP-',2,40.98),(30,3,'WB2U_A8',3,65.48),(31,1,'TK2NRK8TZA',2,58.72),(31,2,'G5WZLCF5DZJ',1,12.17),(32,1,'-XFW7RL-419',2,27.03),(33,1,'-39W7BNHXC',0,2.91),(34,1,'T/U-F4V0EQ',2,33.53),(34,2,'3SO7HE/JMLB',2,45.25),(34,3,'CPM-J-VLGN',3,76.15),(34,4,'6X1_P2QZ',0,5.73),(35,1,'3EA9AJOA8C',3,64.56),(35,2,'XGGWGMH_F',3,50.54),(35,3,'0WW6JLOO',2,38.81),(35,4,'KW7PU/O',1,22.26),(35,5,'D5/5J',0,0.08),(35,6,'5-FCDBRCR',4,75.47),(36,1,'87KC1OQ7',2,31.36),(36,2,'FVIPWP',1,22.95),(36,3,'XT22D390A-',4,82.44),(37,1,'Y_B6N1',2,38.25),(37,2,'MKVRUXC',2,49.09),(37,3,'_GX2QDDUKIG',1,12.50),(38,1,'D/RINAK2',3,68.63),(38,2,'1O5XQP',0,1.41),(38,3,'TLCHG2H',0,6.39),(38,4,'Z/JF7OM54',4,80.30),(38,5,'V7B6FIK',2,38.90),(38,6,'L7FKK0KN0QV',13,205.29),(39,1,'NVE1QPDTGT',2,48.50),(39,2,'TY1MP',6,127.97),(40,1,'-JETA',3,45.25),(41,1,'X417A0PY',0,3.08),(41,2,'CBU0K9C_71L',2,41.59),(41,3,'L7AC1',9,240.88),(42,1,'A-ER-9LA8X',0,7.15),(43,1,'KVFNS9',7,140.46),(43,2,'X03XWUZ46BX',11,218.26),(43,3,'GRRJP',4,41.94),(43,4,'-4YHGX34Z',0,2.88),(43,5,'AY52TT_Y',11,196.31),(43,6,'DS3CJ6',14,234.71),(43,7,'RGI5V9',0,1.27),(43,8,'D_9NLUILZ_A',2,56.55),(43,9,'1S411',9,257.78),(43,10,'670DJMAT',0,2.69),(44,1,'DV0BWXX//0N',1,28.27),(44,2,'6SYF-1I',2,47.65),(44,3,'G5WZLCF5DZJ',1,16.13),(44,4,'GRRJP',1,21.15),(44,5,'UZ88_T',1,9.34),(44,6,'_FPOGPFT7',4,37.03),(44,7,'SWOND/',5,113.04),(45,1,'5VL/HP',8,211.51),(45,2,'RATOD5',1,12.32),(45,3,'3I356',2,29.68),(45,4,'VD6TF3OK',2,35.24),(45,5,'AJGC_14',2,36.92),(46,1,'L7FKK0KN0QV',13,234.56),(46,2,'NVJ9OAO4WI0',2,33.88),(46,3,'5L/E5PNEJPM',10,190.24),(46,4,'_GX2QDDUKIG',1,31.46),(46,5,'2B55IB1YLS',1,13.35),(46,6,'1GN1X12Y',0,9.51),(46,7,'AWD-3I5YMM/',3,54.14),(46,8,'SRG9QKL7',2,49.62),(47,1,'A-ER-9LA8X',5,110.15),(47,2,'14R4IMYCRI',0,3.84),(48,1,'Y6SJJ7GQ',0,5.04),(49,1,'TK2NRK8TZA',6,149.22),(49,2,'GM/R4/1Q',4,76.44),(49,3,'RGI5V9',7,150.03),(50,1,'QVZX_U17/E',3,61.96),(50,2,'G2ZTL',7,158.04),(50,3,'B-ZHGU/-2',1,12.85),(50,4,'I--I9JJ',2,57.00),(50,5,'6-64OKE-P',8,114.00),(50,6,'AE31ZT',0,1.40),(50,7,'A7Q89LCW4',1,26.10),(50,8,'CSKBU',5,88.16),(50,9,'19-ZH',2,44.67),(50,10,'2CNEU2THPHM',3,73.31),(50,11,'2/4KR7T-Z/8',0,3.39),(50,12,'K2M0XIT_L3B',9,218.13),(51,1,'3B6YGH--B',3,56.97),(51,2,'BFM2QDZR0',2,45.80),(51,3,'774LJAL',3,47.83),(51,4,'L9Y5U',6,143.96),(52,1,'CBU0K9C_71L',4,79.23),(52,2,'KLW42',4,97.86),(52,3,'DBL/3',2,45.06),(53,1,'RTH3IRUT_8V',2,29.46),(53,2,'6-64OKE-P',1,15.28),(53,3,'7YG4A4',5,116.28),(53,4,'YD1/MHO4YLI',9,205.96),(53,5,'WI/N8G',0,0.19),(54,1,'K4O_O/',1,16.27),(54,2,'KOET-6',10,241.63),(54,3,'GI8Z/80P7',2,45.45),(54,4,'WO62N4VJ',0,1.91),(54,5,'UMH0N0I',11,187.52),(54,6,'670DJMAT',2,34.07),(55,1,'M7K9F6',3,57.19),(56,1,'8IPC8T0-3',1,15.94),(56,2,'T/U-F4V0EQ',0,2.74),(56,3,'893/SPAT',1,23.18),(56,4,'AJGC_14',2,29.92),(56,5,'CKDA1VT',0,8.00),(57,1,'N683TT4IB',0,1.55),(57,2,'7-BOZBA7',1,16.68),(58,1,'YXXF7',1,12.05),(58,2,'PIZYO_RLNKF',2,34.56),(58,3,'5IV9GK',5,121.90),(58,4,'BV4AP',2,43.98),(58,5,'OMYMT',2,44.59),(58,6,'SDWMV',7,194.75),(58,7,'X6LDU',1,8.20),(58,8,'MWMGC',1,13.06),(58,9,'7_WD7DF1V',11,285.93),(58,10,'ES9_IUUY',2,28.06),(58,11,'CRA9_40M_',3,60.49),(58,12,'893/SPAT',2,30.18),(58,13,'774LJAL',1,15.43),(58,14,'9YO9A/-9',1,15.75),(58,15,'VFQYGI',3,63.92),(58,16,'-4YHGX34Z',7,128.85),(59,1,'3OFEN/I',5,110.40),(59,2,'7OQBEQYKQ_',6,161.56),(59,3,'1TLGY77AME',2,44.30),(59,4,'T_UJ/_9R',0,6.37),(59,5,'D3UK/O',2,37.02),(59,6,'YGVRJQCG',7,109.25),(59,7,'7YG4A4',0,8.88),(60,1,'V2RRKTF/',3,59.46),(60,2,'F89XCO89J',4,89.04),(60,3,'1DOV0_-',0,8.80),(60,4,'M6VR-',7,150.87),(60,5,'D/RINAK2',5,125.80),(60,6,'V-FJ9-2',1,30.02),(60,7,'R0FYM2-MN',1,29.49),(61,1,'ZXXVJUU8VDU',8,138.71),(61,2,'SYJVVQ',2,31.10),(62,1,'MOC0V',2,39.57),(62,2,'P4VX2',2,56.10),(62,3,'-JETA',6,116.73),(62,4,'51TXZW',13,282.25),(62,5,'OMYMT',1,34.90),(62,6,'YXXF7',2,39.00),(62,7,'N_8MID',15,379.93),(63,1,'RATOD5',3,50.14),(63,2,'HZVG2-74RJ1',0,3.10),(64,1,'3OFEN/I',0,2.50),(64,2,'D_F2MOL',5,79.35),(65,1,'GM/R4/1Q',2,45.35),(65,2,'E/768',2,34.27),(65,3,'OWDUG',2,35.53),(65,4,'JYDEQE5',2,32.73),(66,1,'SDWMV',3,82.61),(66,2,'Q1-4/DS',4,70.22),(66,3,'Z_WFC93-',6,140.84),(66,4,'6-64OKE-P',0,4.13),(66,5,'K03_AMC-Z',2,31.54),(66,6,'DCGCMW',0,6.22),(66,7,'DP92CVU0',1,15.04),(66,8,'XP_C0K',0,2.66),(66,9,'QT50ASKSDH1',9,162.00),(66,10,'MCI7_',1,22.17),(66,11,'A5_2JJUZ2',3,55.56),(66,12,'R_HL9',15,303.31),(67,1,'69F3NHIY',5,115.18),(67,2,'YGVRJQCG',1,16.82),(67,3,'KFQZMI',4,113.36),(67,4,'JXZO-59R',7,98.88),(67,5,'ZWLOTJW58S',1,19.47),(67,6,'S-UKU8-SPMK',1,11.49),(68,1,'8QMZA8RWQ',6,142.33),(68,2,'RN3-4R',1,35.84),(68,3,'_FPOGPFT7',1,14.64),(68,4,'0PGK6DY',2,39.09),(69,1,'D63I7X_DWH',1,37.46),(69,2,'O5QCZWZ30N',2,30.60),(69,3,'LVJY1U87R',3,47.90),(69,4,'Q3YHOTI66',2,26.30),(69,5,'SFK3XZ',9,198.40),(69,6,'GM/R4/1Q',5,99.73),(69,7,'YDLEG',4,99.87),(70,1,'DV0BWXX//0N',3,67.11),(70,2,'O2T0RF9M',8,194.23),(70,3,'MEJPPB',4,82.50),(70,4,'T_UJ/_9R',5,99.36),(70,5,'D_WO0YDD1_',1,12.12),(70,6,'OWDUG',1,16.74),(71,1,'O6UPJKQP0',4,86.50),(71,2,'MEJPPB',0,10.97),(71,3,'GL7/23',13,257.52),(71,4,'ZM-OJ5HW7',6,140.15),(71,5,'EMCLW1QNKNZ',2,55.17),(71,6,'R0FYM2-MN',1,13.72),(71,7,'T_SC7USC5F',4,89.36),(72,1,'IUW2M',4,81.44),(72,2,'7TI8DUFJ6IL',0,2.15),(72,3,'Y6SJJ7GQ',2,39.98),(72,4,'5111X/5M1ZS',2,33.31),(72,5,'GIPWJ62ZQA0',1,21.24),(72,6,'VPOWDB26',3,58.92),(72,7,'09KZYM5RX',4,87.71),(72,8,'AD1BED',2,38.92),(72,9,'LR04SW3Z9',2,31.73),(73,1,'M6YSF9',4,89.97),(73,2,'BMP1UX/',5,138.28),(73,3,'OJ3EK',2,29.42),(74,1,'46ECI908Y',1,26.44),(74,2,'U2IT3DIS8',1,15.27),(74,3,'U7K-5ZAY',2,29.61),(74,4,'DV0BWXX//0N',2,32.35),(74,5,'I--I9JJ',0,0.28),(74,6,'O2T0RF9M',0,10.30),(74,7,'1N26DI',7,206.03),(74,8,'2BKRN1SKCC',2,36.68),(74,9,'OPYWQA',2,31.27),(74,10,'HL5W/1Z90',1,17.11),(74,11,'0--WXEOMGI/',5,94.68),(74,12,'ZWLOTJW58S',4,79.57),(74,13,'FVIPWP',2,40.46),(74,14,'/XYAP8',0,0.15),(74,15,'1O5XQP',1,31.68),(74,16,'83_JT_RE',2,52.06),(74,17,'KY4-LC6MPIH',4,67.72),(74,18,'OQWZUD3MH3J',3,50.99),(74,19,'F_Y06Y-VY',4,129.98),(74,20,'69F3NHIY',3,66.36),(74,21,'EUYNKC2NZ',7,145.67),(75,1,'DJ5I5',0,1.24),(75,2,'OMYMT',8,178.87),(75,3,'-KU7EDA-TG2',5,124.23),(76,1,'NSS339-',6,142.15),(76,2,'U/H_S9R1',1,20.22),(76,3,'K3MY4F2H',2,60.41),(76,4,'KW7PU/O',1,17.89),(76,5,'A5_2JJUZ2',3,59.82),(76,6,'893/SPAT',0,3.96),(76,7,'X6LDU',1,18.83),(76,8,'QK_SS56U61',1,14.13),(76,9,'AE31ZT',4,84.10),(76,10,'IV/U/IBW',16,343.65),(77,1,'7B7DUJ',4,66.89),(77,2,'NJNHA-L5VQ',1,25.18),(77,3,'KY4-LC6MPIH',1,13.93),(77,4,'ABT3R0',7,131.48),(77,5,'DJ5I5',11,234.79),(77,6,'YXXF7',1,10.75),(77,7,'PAI0W',1,14.91),(77,8,'8IPC8T0-3',5,89.67),(77,9,'C24-U8XIA8M',3,65.34),(77,10,'M6YSF9',0,4.27),(77,11,'XG2GU78E2_1',3,57.89),(77,12,'EYC-9CM',2,32.92),(77,13,'NKNRXUWQ-J',0,4.02),(77,14,'T/U-F4V0EQ',3,55.11),(77,15,'3IF569',3,60.15),(77,16,'SM3OB0EV32',5,91.44),(78,1,'I--I9JJ',2,57.30),(78,2,'W7AYGAA-L',4,72.52),(78,3,'3EA9AJOA8C',11,252.08),(79,1,'YDLEG',1,33.24),(79,2,'_I9Z5O6B',1,9.10),(79,3,'4KZCQZZY',1,11.48),(79,4,'JN3CRHFDE5I',4,70.03),(80,1,'YD1/MHO4YLI',10,219.84),(80,2,'4JOVE9-_XK',2,57.44),(80,3,'-55MEISBPK',2,42.05),(80,4,'D_F2MOL',2,31.05),(80,5,'IOKVAHIMI',0,7.41),(81,1,'-ZZGG',1,16.41),(81,2,'RZH6EGWK',2,39.00),(82,1,'G3J3PPCOFGG',2,46.74),(82,2,'IZ15WC8EBX',1,27.61),(82,3,'W6XVHLYCR',38,958.14),(82,4,'KVFNS9',3,19.64),(82,5,'8N4OW',7,170.11),(82,6,'D_WO0YDD1_',1,17.82),(82,7,'7-BOZBA7',1,13.73),(82,8,'PTN7/',9,130.23),(83,1,'NOLTGD',2,41.39),(83,2,'51TXZW',2,51.69),(84,1,'SRG9QKL7',7,179.57),(84,2,'SDFXW',4,74.50),(84,3,'3OFEN/I',2,34.71),(85,1,'F40K1',2,43.57),(85,2,'WY3KL0',2,52.59),(86,1,'N19_MPRF0Z6',6,109.30),(86,2,'M5-W/Y8',4,67.95),(86,3,'Q/KZZ59',2,31.64),(86,4,'YVGQK',4,104.37),(86,5,'JXZO-59R',2,30.91),(86,6,'TLCHG2H',9,143.42),(87,1,'XGGWGMH_F',7,126.50),(87,2,'XT22D390A-',11,210.40),(87,3,'ZM-OJ5HW7',7,162.52),(87,4,'44KF_79',2,47.65),(87,5,'7VQ-DBYJ4M',1,12.46),(87,6,'LL0E3GA4X',2,32.70),(87,7,'RCK96O',3,58.19),(87,8,'3I356',4,79.20),(87,9,'F-FOVYVW',2,29.34),(87,10,'DOTM9LM-MX',1,26.98),(87,11,'4D30FBACB',0,7.81),(87,12,'NF43E',3,49.43),(87,13,'6ZHNY7I_Q',16,323.85),(87,14,'X_E5F82V68',1,15.33),(87,15,'5/3QB323',0,4.58),(87,16,'6X9154W0GEG',6,84.86),(87,17,'09KZYM5RX',1,30.53),(87,18,'7QBY7ZJKQ',1,30.04),(87,19,'RQ9YGZ3PE',1,26.88),(87,20,'XE92S4XMV',1,23.54),(88,1,'_FPOGPFT7',0,3.41),(88,2,'5IV9GK',1,24.05),(89,1,'G3MZZ1',1,12.84),(90,1,'K3MY4F2H',0,11.48),(90,2,'I84-J',4,64.93),(90,3,'7B7DUJ',4,65.40),(90,4,'D2K6NZ3HU',9,56.82),(91,1,'XW2P8TF2WMK',0,5.60),(91,2,'QQWYR-3',2,39.58),(91,3,'BNU49CDX59W',0,6.99),(91,4,'_TABP',1,21.46),(91,5,'5IV9GK',0,8.09),(91,6,'9TZC/BR4',11,261.29),(91,7,'ZXXVJUU8VDU',3,48.23),(91,8,'4D30FBACB',2,29.82),(91,9,'E2QXPJL_P1',7,83.21),(91,10,'6/VCB6A2',3,60.74),(91,11,'V-FJ9-2',2,51.63),(91,12,'893/SPAT',3,56.46),(92,1,'8UMAI44Q16G',1,19.48),(92,2,'L7AC1',5,141.78),(92,3,'35B84EA3U',8,69.16),(92,4,'TY1MP',4,100.81),(92,5,'_GX2QDDUKIG',8,180.47),(92,6,'0WW6JLOO',6,105.75),(92,7,'E/768',4,79.55),(92,8,'19-ZH',1,20.44),(92,9,'K03_AMC-Z',14,277.53),(92,10,'KA1CPD',1,15.99),(93,1,'5-S/QLUJW',6,126.84),(93,2,'2B9O4',9,150.46),(93,3,'9GTB09L8//',1,22.81),(93,4,'DJ0/NMEK36',9,199.40),(93,5,'1XOLY',7,128.34),(93,6,'WMF3XH',1,29.06),(93,7,'13_96OK6CZ',11,270.70),(94,1,'NVJ9OAO4WI0',1,11.58),(94,2,'S/ZRAS',2,41.17),(94,3,'Q1-4/DS',7,122.69),(94,4,'MCI7_',2,61.31),(94,5,'LJDVWYE',3,60.08),(94,6,'UTCT2CW',2,41.36),(94,7,'A7Q89LCW4',1,22.89),(94,8,'I87DPH25O',3,61.73),(94,9,'VFQYGI',6,125.13),(94,10,'VD6TF3OK',1,18.59),(94,11,'_FPE0729T6',6,100.81),(94,12,'8M5UZ/',2,37.06),(94,13,'YGVRJQCG',2,25.45),(94,14,'YVGQK',2,53.30),(94,15,'3IF569',0,8.10),(95,1,'I87DPH25O',11,241.63),(95,2,'L7AC1',3,72.66),(95,3,'4JOVE9-_XK',3,73.71),(96,1,'8M5UZ/',2,30.20),(96,2,'VD6TF3OK',0,4.29),(96,3,'HN2YN0DLY1',5,135.81),(96,4,'LAYW/OOEUYN',7,67.89),(96,5,'L9Y5U',2,56.39),(97,1,'2B55IB1YLS',2,41.72),(97,2,'BFM2QDZR0',3,55.34),(98,1,'B-RM878KO',1,12.26),(98,2,'LMMC67',2,38.71),(98,3,'P5YB6QHS',7,90.72),(98,4,'XO29ZV-L',2,48.18),(98,5,'C24-U8XIA8M',10,182.02),(98,6,'8M5UZ/',8,90.37),(98,7,'FEEOH73',10,205.16),(98,8,'Q/KZZ59',2,26.94),(98,9,'YXXF7',0,0.74),(98,10,'SIKT6O',5,105.34),(98,11,'Z_WFC93-',6,147.44),(99,1,'QVZX_U17/E',4,80.40),(99,2,'R_HL9',12,246.70),(99,3,'LW457K_',2,26.32),(99,4,'JSB4B4',3,63.43),(99,5,'24KP-',0,0.59),(99,6,'FSCWCEEC',1,29.25),(99,7,'NL-5PI',0,2.87),(99,8,'K3MY4F2H',2,41.11),(99,9,'BV4AP',1,22.62),(99,10,'PZLGPSTO',2,41.79),(99,11,'CY38BIO5GS',2,27.26),(100,1,'R_HL9',6,118.33),(100,2,'BFM2QDZR0',4,77.37),(100,3,'5Z3C1Q5',4,88.83),(100,4,'-_HC-',1,40.22),(100,5,'-OPC/5VNMHB',7,160.59),(100,6,'1OWYEO3',6,93.29),(100,7,'PECV/YN',1,22.36),(100,8,'UMH0N0I',2,40.49),(100,9,'-Q/IFQPR',2,34.79),(100,10,'TQXXT0Z42X',0,0.15),(100,11,'S-FEKR0FI',16,301.82),(100,12,'D2K6NZ3HU',1,14.92),(101,1,'5G0K5NT9',6,113.39),(101,2,'69F3NHIY',4,85.28),(101,3,'6/VCB6A2',6,105.13),(101,4,'SDWMV',2,57.94),(102,1,'OI1MX5ODP',6,126.38),(103,1,'25Y8BD5UO',2,37.94),(103,2,'HYTRD',9,167.46),(103,3,'V1T5D',7,122.96),(103,4,'VWOAA5CK',0,3.35),(103,5,'XW2P8TF2WMK',2,50.53),(103,6,'7BLPGYE',0,0.06),(103,7,'O82S1ZAEZ',1,13.42),(103,8,'D/NA/',6,149.41),(104,1,'5G0K5NT9',0,0.56),(104,2,'R0FYM2-MN',1,36.86),(104,3,'81P-I9',2,28.24),(105,1,'D5/5J',2,45.71),(105,2,'OI1MX5ODP',3,53.95),(105,3,'JXZO-59R',5,75.71),(105,4,'D_9NLUILZ_A',5,134.56),(105,5,'3EA9AJOA8C',1,32.93),(105,6,'T/U-F4V0EQ',2,36.79),(105,7,'SM3OB0EV32',2,40.43),(105,8,'9OQKID3WIP',1,23.62),(105,9,'2Z589M2GMLQ',4,47.50),(105,10,'ZXXVJUU8VDU',2,31.44),(105,11,'GRRJP',0,3.64),(105,12,'O2T0RF9M',3,61.71),(105,13,'/O_KJ1UM/',2,34.84),(105,14,'TC0GUIAWP',1,25.44),(105,15,'DJ5I5',10,224.99),(106,1,'6X1_P2QZ',3,46.52),(107,1,'X87LDNMBWPP',5,68.88),(107,2,'XWJ3M848S',1,21.79),(108,1,'X6LDU',1,27.39),(108,2,'OAU3HE1WQ',0,1.10),(109,1,'YUNI1',1,16.60),(109,2,'H-ACUF7',5,103.08),(109,3,'QT50ASKSDH1',1,16.97),(109,4,'2G1ZH-BA9',0,0.56),(109,5,'SM3OB0EV32',4,70.61),(109,6,'NVJ9OAO4WI0',0,0.79),(110,1,'XE92S4XMV',1,12.33),(110,2,'Z/JF7OM54',1,25.32),(111,1,'-JETA',10,176.16),(111,2,'Z-FBN9OPW1',1,19.04),(112,1,'XO29ZV-L',5,95.84),(112,2,'F40K1',1,15.12),(112,3,'_3U5Z8NKP',8,122.23),(112,4,'D2K6NZ3HU',0,1.15),(113,1,'/O_KJ1UM/',6,93.84),(113,2,'OWDUG',9,166.71),(113,3,'0--WXEOMGI/',2,31.62),(113,4,'AVH1Y6L228',4,58.00),(114,1,'19-ZH',1,11.05),(115,1,'KY4-LC6MPIH',0,4.39),(115,2,'O6UPJKQP0',6,134.06),(116,1,'1DOV0_-',1,31.01),(116,2,'G-STM-7',0,4.92),(116,3,'F-FOVYVW',0,3.75),(116,4,'K4O_O/',2,24.92),(116,5,'GU1LC6YTWB',1,11.74),(116,6,'V7B6FIK',5,89.83),(116,7,'AE31ZT',1,26.88),(116,8,'HL5W/1Z90',0,2.73),(116,9,'W62UL',1,17.39),(117,1,'OI1MX5ODP',1,21.77),(117,2,'8S_21TXUQO3',2,26.61),(117,3,'3IF569',3,58.26),(117,4,'GBZ4AS44',6,170.75),(117,5,'QLHCFCS5DH',0,9.91),(117,6,'LAYW/OOEUYN',1,34.58),(117,7,'ZXXVJUU8VDU',0,6.98),(117,8,'0WW6JLOO',8,152.91),(117,9,'8EPZ3H-DY',3,75.20),(117,10,'/O_KJ1UM/',2,29.30),(117,11,'BVBLMQOE1',1,27.28),(118,1,'4YYGYVAE',8,159.04),(119,1,'SIKT6O',0,9.78),(119,2,'AD1BED',9,184.63),(119,3,'G-T70U',2,33.35),(120,1,'SWL/RLB9',4,83.90),(120,2,'3B6YGH--B',4,90.61),(120,3,'1DOV0_-',0,6.37),(120,4,'4B73MPNA',2,14.31),(120,5,'F1PXGWP',1,12.19),(120,6,'DYOK8',3,68.47),(120,7,'Z-FBN9OPW1',1,17.14),(120,8,'6-64OKE-P',6,87.09),(120,9,'YTY4SH_',2,43.34),(120,10,'3IF569',0,6.31),(120,11,'1DOV0_-',0,10.19),(120,12,'VW1XNA_5IL',9,176.44),(121,1,'9OQKID3WIP',1,21.45),(121,2,'-VGTO',1,22.27),(121,3,'09KZYM5RX',4,81.83),(121,4,'JYDEQE5',2,31.19),(122,1,'UZ88_T',1,14.35),(122,2,'I-O9N5_J',3,68.04),(122,3,'7TI8DUFJ6IL',12,236.11),(123,1,'5VL/HP',0,6.11),(123,2,'HL5W/1Z90',6,105.68),(123,3,'J-Y53HO',3,51.08),(124,1,'7YG4A4',8,201.00),(124,2,'QT50ASKSDH1',3,63.66),(124,3,'VPOWDB26',3,51.30),(124,4,'JXZO-59R',0,3.41),(125,1,'Z5CSKRY',1,25.18),(125,2,'SIKT6O',2,39.10),(126,1,'P4VX2',0,13.75),(126,2,'RXJ5DGY2U',8,149.85),(127,1,'A-ER-9LA8X',1,20.78),(127,2,'Y6SJJ7GQ',2,45.02),(127,3,'1OWYEO3',0,6.20),(127,4,'7-BOZBA7',7,100.23),(127,5,'EFM-15CUOE1',7,131.24),(128,1,'LY8WW9-0T6',3,54.72),(128,2,'O/Q1XODG/',3,52.69),(128,3,'8S_21TXUQO3',1,20.18),(128,4,'4KZCQZZY',1,21.84),(128,5,'9GTB09L8//',3,51.92),(128,6,'_1-QAAJ4J',1,21.85),(128,7,'14R4IMYCRI',0,6.24),(128,8,'IOKVAHIMI',3,34.66),(128,9,'YVGQK',3,73.09),(129,1,'V-FJ9-2',1,35.08),(129,2,'2GJUEL4',1,12.56),(130,1,'Z5CSKRY',1,33.62),(130,2,'FKABF',2,34.31),(130,3,'WMF3XH',7,142.06),(130,4,'ORA6/UMW',0,0.46),(131,1,'BNU49CDX59W',4,75.36),(131,2,'51TXZW',5,99.27),(131,3,'70K-4S_',9,209.25),(131,4,'GI8Z/80P7',1,12.86),(131,5,'7BLPGYE',1,23.28),(132,1,'JONF6W-1R',0,6.77),(132,2,'J-Y53HO',2,38.03),(132,3,'Q8DTY',2,30.96),(132,4,'0PGK6DY',1,21.92),(132,5,'7_WD7DF1V',1,26.29),(132,6,'KA1CPD',2,42.17),(133,1,'WI/N8G',1,26.64),(133,2,'QT50ASKSDH1',4,80.65),(133,3,'XTSY073EM',1,15.94),(133,4,'RCK96O',0,5.73),(133,5,'HZVG2-74RJ1',13,264.87),(133,6,'N683TT4IB',3,66.57),(134,1,'O5QCZWZ30N',2,32.31),(134,2,'RXJ5DGY2U',8,151.93),(134,3,'2GA1K9',1,26.99),(135,1,'KLW42',2,37.19),(136,1,'U7K-5ZAY',5,90.03),(136,2,'JTU5_-/4BY-',0,7.41),(136,3,'C/OYQQ',1,14.73),(136,4,'T_SC7USC5F',2,61.34),(136,5,'M7K9F6',6,81.19),(137,1,'MCI7_',3,92.02),(137,2,'X417A0PY',1,16.30),(137,3,'VWOAA5CK',3,32.88),(137,4,'C9D53',1,20.55),(137,5,'4YYGYVAE',7,108.07),(138,1,'D_9NLUILZ_A',5,72.13),(138,2,'GQ0W/C',5,69.15),(138,3,'ZXXVJUU8VDU',1,17.48),(138,4,'YUNI1',1,16.00),(139,1,'F1PXGWP',1,28.47),(139,2,'SIKT6O',5,100.18),(139,3,'GM/R4/1Q',0,7.19),(139,4,'0L/ZY3OP5AS',2,59.53),(140,1,'G-T70U',5,100.01),(140,2,'5M12Z8H',5,124.86),(140,3,'V2RRKTF/',9,199.25),(140,4,'AE31ZT',1,15.87),(140,5,'M6VR-',1,26.71),(140,6,'3ZYWX',3,80.32),(140,7,'ZYNJTXAT25',2,49.94),(140,8,'-39W7BNHXC',3,56.38),(140,9,'8QB9GX3QGS',2,45.91),(141,1,'5-FCDBRCR',4,83.27),(141,2,'HL5W/1Z90',4,61.35),(141,3,'XP_C0K',0,3.21),(142,1,'WMF3XH',7,180.95),(142,2,'S-FEKR0FI',0,0.61),(143,1,'X_E5F82V68',2,59.34),(143,2,'YI2ZL427_',4,117.04),(144,1,'NOLTGD',7,114.86),(144,2,'L7AC1',7,185.68),(144,3,'45DPSL6/4',2,26.00),(145,1,'5VL/HP',1,31.74),(145,2,'DCGCMW',3,65.16),(145,3,'DJ0/NMEK36',5,103.95),(146,1,'AXXXFYICJDT',1,11.06),(146,2,'C1_T1S6KK6',5,105.83),(146,3,'V7B6FIK',1,20.37),(146,4,'OPYWQA',4,69.11),(146,5,'57CYGS03G',3,44.08),(146,6,'9TZC/BR4',8,187.43),(147,1,'1G5XVKNPFN',1,8.96),(147,2,'-Q/IFQPR',0,3.56),(148,1,'VXYGMV',9,195.57),(148,2,'25Y8BD5UO',11,177.55),(148,3,'O6UPJKQP0',3,61.29),(148,4,'46ECI908Y',2,40.82),(148,5,'YJYF/',1,9.27),(149,1,'3I356',2,43.18),(149,2,'XO29ZV-L',8,176.72),(150,1,'1N26DI',0,6.59),(150,2,'2G1ZH-BA9',2,45.75),(151,1,'7G2OHF',5,103.27),(151,2,'8PRW/8MS',14,267.53),(152,1,'9GTB09L8//',7,128.19),(152,2,'TLCHG2H',3,46.73),(152,3,'0L/ZY3OP5AS',0,10.14),(153,1,'RGI5V9',1,7.48),(153,2,'1G5XVKNPFN',0,3.69),(153,3,'7VQ-DBYJ4M',0,2.21),(153,4,'LL0E3GA4X',1,27.38),(153,5,'O16NT5DYND',2,40.29),(153,6,'6/VCB6A2',1,10.39),(154,1,'CY38BIO5GS',0,3.34),(154,2,'I8DNU',2,38.92),(154,3,'9OQKID3WIP',12,242.64),(155,1,'EFM-15CUOE1',11,207.12),(155,2,'_FPOGPFT7',3,32.60),(155,3,'7YG4A4',1,18.08),(155,4,'P5YB6QHS',2,28.67),(155,5,'AJPGORXO-',5,95.88),(155,6,'RQ9YGZ3PE',3,63.49),(155,7,'D63I7X_DWH',7,210.79),(155,8,'_1-QAAJ4J',1,10.22),(155,9,'83_JT_RE',6,115.60),(155,10,'Z2J4PC',1,15.97),(155,11,'8-9EHYHR',5,100.76),(155,12,'ZWLOTJW58S',5,93.93),(155,13,'MEJPPB',3,71.27),(155,14,'D_WO0YDD1_',2,44.84),(155,15,'14R4IMYCRI',0,9.48),(155,16,'K2M0XIT_L3B',3,67.45),(155,17,'GM/R4/1Q',2,24.68),(155,18,'R4LXJHIEZ',1,30.35),(156,1,'JK3JIKFQPW',9,163.24),(156,2,'GI8Z/80P7',1,29.38),(157,1,'SRG9QKL7',2,67.21),(157,2,'WY3KL0',4,114.98),(157,3,'DJ5I5',0,7.94),(157,4,'4B73MPNA',0,3.18),(157,5,'BV4AP',2,34.67),(157,6,'0MP0_M',2,33.47),(157,7,'6X9154W0GEG',1,12.19),(157,8,'51TXZW',0,4.54),(158,1,'S-FEKR0FI',1,25.92),(158,2,'_14XB5B',5,115.05),(158,3,'2GJUEL4',0,6.44),(158,4,'D3UK/O',2,37.85),(158,5,'5IV9GK',2,48.11),(158,6,'2Z589M2GMLQ',2,49.58),(158,7,'64L6WM1ER',9,144.63),(158,8,'DYOK8',1,13.37),(158,9,'RGI5V9',1,21.73),(158,10,'FEEOH73',8,167.13),(158,11,'RATOD5',2,25.41),(158,12,'70K-4S_',14,325.23),(159,1,'9TZC/BR4',2,52.21),(159,2,'JUK3Z-9I',9,199.92),(160,1,'_14XB5B',13,323.37),(160,2,'MCI7_',1,15.31),(160,3,'5L/E5PNEJPM',1,11.83),(160,4,'8EPZ3H-DY',2,49.11),(160,5,'FSCWCEEC',1,30.44),(161,1,'H-ACUF7',0,3.30),(161,2,'K3MY4F2H',1,30.42),(161,3,'3ZYWX',1,29.39),(162,1,'F40K1',2,43.14),(162,2,'D_WO0YDD1_',7,164.23),(163,1,'CBU0K9C_71L',2,33.57),(164,1,'Q1-4/DS',4,67.89),(164,2,'OKSDHOB1_A7',5,85.84),(164,3,'J1NK8WLEQXV',2,42.56),(164,4,'5H268',1,11.27),(164,5,'RQ9YGZ3PE',8,173.53),(165,1,'WO62N4VJ',3,73.92),(166,1,'PZLGPSTO',0,4.17),(167,1,'A3W4VD2Z/_',6,91.38),(167,2,'U7K-5ZAY',3,53.28),(167,3,'WB2U_A8',5,71.29),(167,4,'WO62N4VJ',0,4.76),(167,5,'3I356',6,110.92),(167,6,'IZ15WC8EBX',2,47.14),(167,7,'GU1LC6YTWB',1,30.30),(167,8,'WB2U_A8',2,53.53),(167,9,'B-RM878KO',0,7.25),(167,10,'BNU49CDX59W',1,7.05),(167,11,'I84-J',1,18.06),(168,1,'I8DNU',1,18.35),(168,2,'8VPNJSEEPHT',0,5.28),(169,1,'-VGTO',3,57.52),(169,2,'XLDXFPNF',1,26.67),(169,3,'DS3CJ6',7,110.41),(169,4,'UQH-S1OPY8_',3,53.46),(169,5,'IOKVAHIMI',2,25.66),(169,6,'EEABEFI9QDN',4,72.74),(170,1,'D/RINAK2',3,84.44),(170,2,'5Z3C1Q5',2,55.49),(170,3,'SFK3XZ',0,7.30),(170,4,'WMF3XH',4,109.15),(170,5,'XLDXFPNF',1,12.91),(171,1,'09KZYM5RX',5,121.34),(171,2,'NVJ9OAO4WI0',4,83.37),(171,3,'ES9_IUUY',1,13.56),(171,4,'X6LDU',4,92.56),(171,5,'OKSDHOB1_A7',4,94.30),(171,6,'45DPSL6/4',3,48.95),(171,7,'YUNI1',5,87.54),(171,8,'V-FJ9-2',0,4.09),(171,9,'-ZMSUHH9H4D',2,9.59),(172,1,'81P-I9',1,22.97),(172,2,'ZVNGYU',1,23.49),(172,3,'CPM-J-VLGN',1,15.44),(172,4,'V4VF_DI94',2,40.03),(172,5,'57CYGS03G',3,46.80),(172,6,'R4LXJHIEZ',5,125.41),(173,1,'I87DPH25O',1,21.43),(173,2,'M7K9F6',15,340.33),(173,3,'O68DJ',5,92.35),(173,4,'WMF3XH',5,104.05),(173,5,'VXYGMV',0,6.44),(174,1,'DYOK8',1,21.51),(174,2,'B3B1BGL',3,70.69),(174,3,'1XOLY',1,28.43),(174,4,'N_8MID',1,31.31),(175,1,'Z_WFC93-',0,4.22),(176,1,'DD0/1_K',11,238.50),(177,1,'D5/5J',4,79.62),(177,2,'0MP0_M',2,29.20),(177,3,'AWD-3I5YMM/',1,29.65),(178,1,'TK2NRK8TZA',1,34.69),(178,2,'MCI7_',4,119.38),(178,3,'F_Y06Y-VY',1,29.55),(179,1,'EEABEFI9QDN',0,10.17),(179,2,'I_JKWDXB',1,17.03),(179,3,'X03XWUZ46BX',0,5.47),(179,4,'0M65/',5,102.14),(180,1,'4JOVE9-_XK',1,17.78),(180,2,'QLHCFCS5DH',1,30.77),(180,3,'1FNB-',1,12.24),(180,4,'ZYNJTXAT25',17,356.97),(180,5,'JK3JIKFQPW',1,12.06),(180,6,'/HQ71C3NC9A',6,98.99),(180,7,'3/2XCNQI',6,158.92),(180,8,'D_WO0YDD1_',1,22.95),(180,9,'WMF3XH',0,10.92),(180,10,'78E33-BRW2',3,34.58),(181,1,'6ZHNY7I_Q',1,16.60),(181,2,'QVJQY25',3,53.33),(181,3,'LR04SW3Z9',1,31.02),(181,4,'AY52TT_Y',1,10.53),(181,5,'SDWMV',7,161.43),(181,6,'19-ZH',4,83.20),(181,7,'P1QI73-9XQH',6,117.84),(181,8,'5M12Z8H',1,30.99),(181,9,'57CYGS03G',1,16.99),(182,1,'5-FCDBRCR',2,51.88),(182,2,'C24-U8XIA8M',20,383.58),(182,3,'3SO7HE/JMLB',2,36.34),(182,4,'P1QI73-9XQH',0,0.77),(182,5,'OKSDHOB1_A7',2,50.03),(183,1,'RTH3IRUT_8V',4,76.94),(183,2,'70K-4S_',2,37.04),(183,3,'3U38F5/R',1,27.34),(183,4,'1N26DI',0,10.55),(183,5,'8ZA8P1',0,8.21),(184,1,'JUK3Z-9I',4,95.27),(184,2,'F1PXGWP',2,17.42),(184,3,'_1-QAAJ4J',0,5.97),(184,4,'I84-J',3,63.84),(185,1,'K4O_O/',1,12.19),(185,2,'KW7PU/O',1,27.30),(185,3,'0--WXEOMGI/',5,103.00),(185,4,'DS3CJ6',6,93.99),(185,5,'-Q/IFQPR',0,1.09),(185,6,'G3MZZ1',1,15.24),(185,7,'IYRDC7CLOS7',1,14.53),(185,8,'GYD3R03V6G',5,50.08),(186,1,'LMMC67',3,52.79),(187,1,'E/768',0,7.04),(187,2,'4NW/2HVUY',3,82.49),(187,3,'RN3-4R',0,3.13),(187,4,'JONF6W-1R',7,112.50),(188,1,'X6LDU',1,31.27),(188,2,'-39W7BNHXC',2,38.72),(188,3,'0WW6JLOO',1,21.79),(189,1,'KRGFTOYT8I',4,61.31),(189,2,'893/SPAT',2,37.68),(189,3,'ZLP75E0ZNQ',1,14.86),(190,1,'QVZX_U17/E',0,5.61),(191,1,'774LJAL',1,13.30),(191,2,'70K-4S_',2,39.66),(191,3,'58MCZW460O',1,14.69),(191,4,'K4O_O/',2,30.30),(192,1,'2B55IB1YLS',4,97.78),(192,2,'3C1MZ--QI',4,79.82),(192,3,'TFH-U',1,24.41),(193,1,'PY0CCMXZU',2,17.67),(193,2,'-_HC-',1,18.58),(193,3,'QVZX_U17/E',0,0.99),(193,4,'UZ88_T',0,2.97),(193,5,'5Z3C1Q5',3,67.57),(193,6,'24KP-',3,58.59),(194,1,'1FNB-',5,95.91),(194,2,'V7B6FIK',0,6.12),(194,3,'VXYGMV',1,15.56),(194,4,'QK_SS56U61',0,5.93),(194,5,'XGGWGMH_F',23,441.54),(194,6,'DJ5I5',2,42.16),(194,7,'ZLP75E0ZNQ',2,41.05),(195,1,'3B6YGH--B',1,20.79),(195,2,'8-9EHYHR',2,33.40),(195,3,'W9_K-55/',5,140.66),(196,1,'VFQYGI',2,44.72),(196,2,'IZ15WC8EBX',5,91.33),(197,1,'N19_MPRF0Z6',1,9.80),(197,2,'1DOV0_-',2,35.34),(198,1,'A5_2JJUZ2',0,5.03),(198,2,'GI8Z/80P7',4,27.39),(198,3,'RN3-4R',1,26.86),(198,4,'//X46J',3,72.22),(198,5,'JYDEQE5',8,109.19),(198,6,'87KC1OQ7',0,5.83),(198,7,'M6VR-',1,30.35),(198,8,'FSCWCEEC',1,31.05),(198,9,'8N4OW',3,65.76),(198,10,'ELV38K5X',1,33.79),(198,11,'DX4PCC',0,3.03),(198,12,'6ZHNY7I_Q',1,13.11),(198,13,'6Y7XMO',0,4.21),(198,14,'DBL/3',1,23.72),(198,15,'7TO913369',1,11.13),(198,16,'57E1XJ3ZU',1,19.43),(198,17,'SWL/RLB9',1,23.80),(198,18,'1O5XQP',3,61.35),(198,19,'69F3NHIY',0,10.96),(198,20,'2G1ZH-BA9',1,10.50),(198,21,'CRA9_40M_',4,90.64),(199,1,'2CNEU2THPHM',1,20.67),(199,2,'YXXF7',8,192.58),(199,3,'FKABF',3,51.86),(199,4,'JK3JIKFQPW',1,28.02),(199,5,'DJ0/NMEK36',2,33.98),(199,6,'8QMZA8RWQ',10,221.84),(199,7,'Z-FBN9OPW1',7,156.02),(200,1,'VH_9X0ZE02',3,70.25),(200,2,'I8DNU',0,4.70),(200,3,'A3W4VD2Z/_',3,43.99),(200,4,'1S411',1,20.17),(201,1,'K3MY4F2H',7,184.87),(201,2,'1G5XVKNPFN',1,12.49),(201,3,'DBL/3',4,72.10),(202,1,'F40K1',0,5.36),(202,2,'7OQBEQYKQ_',4,107.97),(202,3,'OAU3HE1WQ',2,45.71),(202,4,'Z2J4PC',1,21.35),(202,5,'OJ3EK',9,169.41),(202,6,'3SO7HE/JMLB',21,463.85),(202,7,'I--I9JJ',5,121.20),(203,1,'-OPC/5VNMHB',0,10.66),(203,2,'-_HC-',4,123.01),(204,1,'XE92S4XMV',1,16.35),(204,2,'VI8IZSCBC',1,21.00),(205,1,'7TI8DUFJ6IL',4,80.45),(205,2,'UZ88_T',0,3.95),(205,3,'_FPOGPFT7',7,168.03),(205,4,'JTU5_-/4BY-',0,5.40),(205,5,'Z2J4PC',6,95.62),(205,6,'F-FOVYVW',0,3.24),(205,7,'F40K1',2,31.70),(206,1,'M6YSF9',9,181.49),(206,2,'D/RINAK2',2,46.67),(206,3,'CPM-J-VLGN',6,166.96),(206,4,'F40K1',0,5.83),(207,1,'X417A0PY',2,32.87),(207,2,'YI2ZL427_',4,107.14),(207,3,'4KZCQZZY',9,194.95),(207,4,'7QBY7ZJKQ',0,10.77),(207,5,'O16NT5DYND',4,41.53),(207,6,'4YYGYVAE',4,71.75),(207,7,'NGWRIOW',11,180.54),(207,8,'46JUJWIMON',1,29.38),(207,9,'1TLGY77AME',2,37.58),(208,1,'EUYNKC2NZ',1,12.25),(208,2,'O82S1ZAEZ',1,10.84),(209,1,'OAU3HE1WQ',4,61.81),(209,2,'XWJ3M848S',3,54.11),(209,3,'7VQ-DBYJ4M',3,61.18),(209,4,'OJ3EK',4,72.21),(209,5,'OAU3HE1WQ',5,47.54),(210,1,'8VPNJSEEPHT',0,0.25),(210,2,'LMMC67',4,91.39),(210,3,'CSKBU',3,58.41),(210,4,'K2M0XIT_L3B',6,142.28),(211,1,'SDFXW',3,71.55),(211,2,'4B73MPNA',5,86.67),(211,3,'LL0E3GA4X',1,28.41),(212,1,'DBL/3',7,127.88),(212,2,'XWJ3M848S',2,39.05),(213,1,'XT22D390A-',2,41.87),(213,2,'M6VR-',5,112.65),(213,3,'46ECI908Y',0,5.58),(213,4,'7A9CMU',9,176.36),(213,5,'RCK96O',1,25.62),(213,6,'F_Y06Y-VY',3,84.92),(213,7,'36S8ZZVQ5F',8,146.22),(214,1,'B-ZHGU/-2',7,149.87),(214,2,'M6YSF9',8,162.16),(214,3,'1DOV0_-',1,12.41),(215,1,'IUW2M',2,30.14),(216,1,'PZLGPSTO',3,62.10),(216,2,'L7FKK0KN0QV',0,2.99),(217,1,'WY3KL0',4,88.54),(217,2,'GBZ4AS44',0,10.95),(217,3,'Q/KZZ59',4,61.02),(218,1,'3ZYWX',5,119.17),(218,2,'E2QXPJL_P1',1,14.63),(218,3,'8EPZ3H-DY',0,8.23),(218,4,'BEJ5HXQ',5,77.19),(219,1,'F_Y06Y-VY',4,125.25),(220,1,'LJDVWYE',9,216.23),(220,2,'F1PXGWP',4,80.89),(220,3,'M78GT2N',5,82.09),(221,1,'KA1CPD',3,80.60),(221,2,'D5/5J',4,75.57),(221,3,'2Z589M2GMLQ',1,32.57),(221,4,'3OFEN/I',4,88.19),(221,5,'E016Y/3GM',1,20.85),(221,6,'44KF_79',0,5.69),(221,7,'_3U5Z8NKP',0,1.94),(221,8,'AJPGORXO-',6,122.61),(221,9,'KY4-LC6MPIH',0,5.75),(222,1,'GYD3R03V6G',1,31.84),(222,2,'3ZYWX',6,142.87),(222,3,'0MP0_M',12,91.56),(223,1,'VFQYGI',6,120.19),(223,2,'CSKBU',5,95.25),(223,3,'KVFNS9',1,23.35),(223,4,'NGDSJ9ZXL_',1,23.58),(224,1,'64L6WM1ER',5,89.11),(224,2,'MWMGC',2,34.57),(224,3,'ZRUGI',0,3.17),(225,1,'UTCT2CW',1,17.53),(225,2,'ZGDNWL',1,18.30),(225,3,'P1RPX50',6,110.58),(226,1,'VI8IZSCBC',0,3.74),(226,2,'8PRW/8MS',0,7.47),(226,3,'RXJ5DGY2U',2,40.06),(226,4,'8UMAI44Q16G',1,16.67),(226,5,'JTU5_-/4BY-',1,24.58),(226,6,'DX4PCC',6,168.77),(226,7,'V-FJ9-2',0,1.45),(226,8,'S-FEKR0FI',3,58.26),(227,1,'O82S1ZAEZ',2,34.83),(227,2,'5-S/QLUJW',1,10.55),(227,3,'UMH0N0I',2,34.42),(227,4,'IZ15WC8EBX',6,125.90),(228,1,'1N26DI',1,24.71),(228,2,'1O5XQP',6,150.23),(228,3,'LJS4C_6E-ZF',4,119.27),(228,4,'/MLV6',2,37.72),(229,1,'O/Q1XODG/',0,5.80),(229,2,'893/SPAT',8,138.73),(229,3,'_FPOGPFT7',2,47.71),(229,4,'CY38BIO5GS',6,124.61),(229,5,'I84-J',2,29.58),(229,6,'UQH-S1OPY8_',1,27.58),(229,7,'K4O_O/',2,32.19),(229,8,'WI/N8G',2,47.98),(229,9,'RXJ5DGY2U',2,43.68),(229,10,'TQXXT0Z42X',4,64.75),(229,11,'M7K9F6',3,72.33),(229,12,'O/Q1XODG/',3,54.10),(230,1,'2Z589M2GMLQ',1,32.33),(230,2,'LA6TY8Y',9,145.07),(231,1,'I8DNU',2,50.62),(231,2,'5L/E5PNEJPM',11,176.67),(232,1,'K2M0XIT_L3B',4,53.89),(232,2,'XG2GU78E2_1',2,18.86),(232,3,'AJGC_14',1,10.83),(232,4,'2URHXCSN_G/',12,207.72),(233,1,'RTH3IRUT_8V',5,99.40),(233,2,'D/RINAK2',2,44.44),(233,3,'5H268',6,131.50),(233,4,'M7K9F6',2,45.24),(234,1,'B3B1BGL',2,57.45),(234,2,'PIZYO_RLNKF',1,14.42),(234,3,'G-T70U',7,92.85),(235,1,'VFQYGI',1,22.90),(235,2,'RZH6EGWK',1,18.57),(235,3,'L0_RO_X7',0,3.56),(235,4,'JTU5_-/4BY-',6,53.61),(235,5,'LJDVWYE',1,34.05),(235,6,'WMF3XH',1,28.30),(236,1,'L9Y5U',9,203.35),(237,1,'774LJAL',2,37.55),(237,2,'IZ15WC8EBX',2,37.03),(237,3,'F_Y06Y-VY',5,135.95),(237,4,'UMH0N0I',0,3.24),(238,1,'LA6TY8Y',4,61.48),(238,2,'D_WO0YDD1_',1,29.61),(239,1,'Q3YHOTI66',1,13.59),(239,2,'DR6L23S__',5,93.40),(239,3,'GBZ4AS44',2,42.80),(240,1,'-OPC/5VNMHB',3,75.24),(241,1,'QLHCFCS5DH',2,47.66),(241,2,'BV4AP',0,8.82),(241,3,'XO29ZV-L',2,51.62),(242,1,'U2IT3DIS8',1,20.95),(243,1,'T_SC7USC5F',4,112.23),(243,2,'G3MZZ1',9,219.40),(243,3,'I84-J',8,143.21),(243,4,'P4VX2',1,34.44),(244,1,'2B55IB1YLS',2,18.42),(244,2,'DV0BWXX//0N',1,18.70),(244,3,'W7AYGAA-L',10,167.27),(244,4,'F1PXGWP',7,153.89),(244,5,'24KP-',3,45.11),(244,6,'F-FOVYVW',1,20.01),(245,1,'QE33JQA7',18,405.86),(245,2,'8S_21TXUQO3',1,17.90),(245,3,'TFH-U',4,81.77),(246,1,'I87DPH25O',13,284.92),(246,2,'MWMGC',0,3.13),(246,3,'G-T70U',7,145.18),(246,4,'V1T5D',2,11.37),(246,5,'A0SKJ_I/U9M',8,148.74),(247,1,'D_WO0YDD1_',8,184.12),(247,2,'K0QWSUQL',12,325.05),(248,1,'46JUJWIMON',7,142.41),(248,2,'57E1XJ3ZU',2,50.82),(249,1,'QQWYR-3',2,39.58),(249,2,'QT50ASKSDH1',1,20.51),(249,3,'XLDXFPNF',2,52.56),(249,4,'69F3NHIY',3,76.01),(249,5,'O6UPJKQP0',3,73.53),(249,6,'S-FEKR0FI',3,48.70),(249,7,'P1RPX50',8,143.82),(249,8,'NKNRXUWQ-J',0,9.88),(250,1,'774LJAL',2,28.95),(250,2,'7QBY7ZJKQ',7,154.88),(250,3,'09KZYM5RX',1,16.53),(250,4,'NVJ9OAO4WI0',0,4.48),(251,1,'-XFW7RL-419',3,54.84),(251,2,'X_X61CXHVD',5,90.99),(251,3,'BNU49CDX59W',4,89.88),(251,4,'2B9O4',2,29.62),(251,5,'0PGK6DY',2,45.57),(251,6,'4JOVE9-_XK',0,0.81),(251,7,'QLHCFCS5DH',3,73.28),(252,1,'8M5UZ/',2,27.56),(253,1,'O2T0RF9M',0,5.72),(253,2,'/MLV6',4,65.17),(253,3,'F-FOVYVW',2,15.30),(253,4,'9TZC/BR4',1,20.05),(253,5,'6SYF-1I',1,9.27),(253,6,'9TZC/BR4',6,155.68),(254,1,'LJDVWYE',10,244.99),(254,2,'64L6WM1ER',3,55.19),(254,3,'3ZYWX',4,88.48),(254,4,'QVZX_U17/E',0,0.89),(255,1,'I-EVD2',1,15.60),(255,2,'B-ZHGU/-2',1,29.03),(255,3,'L/WEB',3,51.55),(255,4,'7_WD7DF1V',2,61.02),(256,1,'JSB4B4',1,13.63),(256,2,'DYOK8',1,34.01),(257,1,'8M5UZ/',2,27.39),(257,2,'64L6WM1ER',4,71.83),(257,3,'Q8DTY',1,23.76),(257,4,'A-ER-9LA8X',0,6.42),(257,5,'X_X61CXHVD',1,23.79),(257,6,'NGWRIOW',0,7.00),(257,7,'OJS_-5V',3,66.45),(257,8,'G3J3PPCOFGG',9,119.64),(258,1,'ZVNGYU',6,90.24),(258,2,'AJPGORXO-',4,73.67),(259,1,'PY0CCMXZU',13,233.64),(259,2,'-KU7EDA-TG2',2,53.59),(260,1,'R0FYM2-MN',12,291.40),(261,1,'5G0K5NT9',2,40.79),(262,1,'6/VCB6A2',14,190.66),(262,2,'670DJMAT',1,20.63),(262,3,'QE33JQA7',1,18.01),(262,4,'6Y7XMO',1,19.31),(262,5,'IZ15WC8EBX',1,17.72),(262,6,'GL7/23',3,52.46),(262,7,'K03_AMC-Z',2,37.75),(262,8,'P4VX2',2,58.49),(263,1,'9GTB09L8//',0,1.32),(263,2,'K03_AMC-Z',1,22.67),(263,3,'87KC1OQ7',1,19.96),(263,4,'PY0CCMXZU',4,63.54),(263,5,'_FPE0729T6',12,209.69),(263,6,'VFQYGI',1,29.41),(263,7,'J-Y53HO',3,57.09),(263,8,'5V_FMLWFX',0,0.11),(263,9,'7BLPGYE',2,41.03),(264,1,'F89XCO89J',1,5.71),(264,2,'CSKBU',4,38.94),(264,3,'XWJ3M848S',3,56.82),(264,4,'JONF6W-1R',2,24.03),(264,5,'OQWZUD3MH3J',6,116.42),(265,1,'O16NT5DYND',4,74.56),(265,2,'KW7PU/O',12,324.51),(266,1,'D_F2MOL',2,25.47),(266,2,'DJ5I5',3,54.36),(267,1,'BV4AP',1,19.50),(267,2,'4KZCQZZY',1,28.09),(267,3,'7BLPGYE',1,20.95),(267,4,'XG2GU78E2_1',7,155.60),(267,5,'Q1-4/DS',1,15.83),(267,6,'O68DJ',5,97.85),(267,7,'E/768',0,2.86),(268,1,'HN2YN0DLY1',0,4.17),(268,2,'7VQ-DBYJ4M',2,10.07),(269,1,'D_9NLUILZ_A',0,11.43),(270,1,'YD1/MHO4YLI',2,36.20),(270,2,'JTU5_-/4BY-',4,60.65),(270,3,'D/RINAK2',0,7.65),(270,4,'HL5W/1Z90',3,56.53),(271,1,'KY4-LC6MPIH',2,39.75),(271,2,'KY4-LC6MPIH',2,45.53),(271,3,'PIZYO_RLNKF',0,7.37),(271,4,'MKDHC',2,30.20),(271,5,'A0SKJ_I/U9M',4,65.78),(271,6,'70K-4S_',2,40.30),(271,7,'YUNI1',7,133.64),(271,8,'G-T70U',0,4.95),(272,1,'O6UPJKQP0',2,50.21),(272,2,'LY8WW9-0T6',2,30.14),(272,3,'T/U-F4V0EQ',11,204.27),(272,4,'G3J3PPCOFGG',2,44.43),(272,5,'7A9CMU',2,39.50),(273,1,'FVIPWP',8,172.19),(273,2,'J_GZU60XV',1,16.34),(273,3,'4NW/2HVUY',3,86.46),(273,4,'0--WXEOMGI/',3,51.63),(273,5,'8QMZA8RWQ',3,58.06),(273,6,'OPYWQA',0,4.35),(273,7,'SIKT6O',9,197.68),(273,8,'_14XB5B',5,118.22),(274,1,'-ZZGG',11,221.13),(274,2,'UTCT2CW',0,7.42),(274,3,'/O_KJ1UM/',3,53.89),(274,4,'_I9Z5O6B',5,104.32),(274,5,'774LJAL',1,26.64),(274,6,'GQPUTBQ13Q',2,66.66),(275,1,'1OWYEO3',0,6.18),(275,2,'0V_QZRWE1O4',1,16.18),(275,3,'-55MEISBPK',2,44.33),(275,4,'46ECI908Y',1,15.02),(275,5,'PECV/YN',1,21.23),(275,6,'XW2P8TF2WMK',3,53.98),(275,7,'VI8IZSCBC',3,21.78),(276,1,'RCK96O',9,175.44),(276,2,'5V_FMLWFX',3,86.64),(277,1,'_1-QAAJ4J',0,2.27),(277,2,'2B9O4',3,49.26),(277,3,'M78GT2N',22,332.20),(277,4,'3B6YGH--B',1,23.62),(277,5,'44KF_79',7,147.22),(277,6,'I87DPH25O',0,6.59),(277,7,'64L6WM1ER',2,42.19),(278,1,'SDFXW',2,34.03),(278,2,'3K_15',0,2.95),(278,3,'ZZDDSWOM3',1,19.16),(278,4,'KJ8GJOT',2,40.21),(278,5,'OSQ71PCQMUW',0,4.59),(279,1,'7VQ-DBYJ4M',1,7.58),(279,2,'AY52TT_Y',2,34.84),(280,1,'ZGDNWL',1,29.41),(280,2,'AVH1Y6L228',1,17.78),(281,1,'7_WD7DF1V',0,9.26),(281,2,'QK_SS56U61',2,54.57),(281,3,'AD1BED',2,41.50),(281,4,'J4727J5',10,215.98),(281,5,'MOC0V',3,72.45),(281,6,'1TGTD4LQ9N',4,76.86),(282,1,'I--I9JJ',2,17.62),(282,2,'QK_SS56U61',2,31.48),(282,3,'5VL/HP',4,93.36),(282,4,'6X1_P2QZ',5,98.45),(282,5,'HZVG2-74RJ1',3,64.96),(283,1,'DCGCMW',0,10.19),(283,2,'2Z589M2GMLQ',12,289.44),(283,3,'K_0RI',4,78.16),(283,4,'DX4PCC',1,10.40),(283,5,'D5/5J',3,61.74),(284,1,'AJGC_14',0,4.15),(284,2,'/O_KJ1UM/',2,23.90),(284,3,'KW7PU/O',9,233.01),(285,1,'GL7/23',1,21.07),(285,2,'893/SPAT',4,69.17),(285,3,'3EA9AJOA8C',1,16.76),(286,1,'3U38F5/R',5,129.27),(286,2,'UKEYB62A/IS',0,4.29),(286,3,'2G1ZH-BA9',6,128.12),(286,4,'0PGK6DY',16,349.45),(286,5,'S-FEKR0FI',0,1.72),(286,6,'WMF3XH',6,146.42),(287,1,'9N4MR',1,22.66),(287,2,'TK2NRK8TZA',8,189.25),(287,3,'7OQBEQYKQ_',1,15.52),(288,1,'MKVRUXC',1,25.09),(288,2,'JSB4B4',0,8.23),(288,3,'P5YB6QHS',3,61.68),(288,4,'EEABEFI9QDN',1,23.19),(288,5,'_FPE0729T6',1,14.71),(288,6,'2URHXCSN_G/',1,25.39),(288,7,'AJGC_14',6,99.76),(288,8,'DS3CJ6',2,29.68),(288,9,'8ZA8P1',5,123.86),(288,10,'YD1/MHO4YLI',4,83.13),(288,11,'DOTM9LM-MX',2,40.47),(288,12,'_1-QAAJ4J',0,7.57),(288,13,'4NW/2HVUY',10,282.06),(288,14,'R4LXJHIEZ',2,47.10),(288,15,'-OPC/5VNMHB',3,76.20),(288,16,'70K-4S_',1,24.55),(288,17,'/2TUN',4,71.97),(288,18,'XG2GU78E2_1',10,202.59),(288,19,'M6YSF9',7,145.29),(288,20,'CKDA1VT',0,0.94),(288,21,'8VPNJSEEPHT',2,41.19),(288,22,'1GN1X12Y',1,12.15),(288,23,'13_96OK6CZ',6,133.16),(288,24,'GU1LC6YTWB',0,6.01),(288,25,'8N4OW',1,23.80),(288,26,'S-FEKR0FI',12,221.86),(288,27,'1OWYEO3',1,21.39),(288,28,'K_0RI',5,95.88),(288,29,'TQXXT0Z42X',2,33.96),(288,30,'7VQ-DBYJ4M',10,180.66),(288,31,'R4LXJHIEZ',4,89.36),(288,32,'_FPOGPFT7',0,9.17),(288,33,'P5YB6QHS',3,63.12),(288,34,'YUNI1',5,91.58),(288,35,'I84-J',1,16.98),(288,36,'JSB4B4',7,58.32),(289,1,'XTSY073EM',1,25.54),(289,2,'MEJPPB',1,11.79),(289,3,'A0SKJ_I/U9M',1,17.82),(289,4,'RATOD5',2,26.04),(289,5,'LY8WW9-0T6',3,48.01),(289,6,'ZGDNWL',2,53.50),(289,7,'MKDHC',1,20.62),(289,8,'I8DNU',5,103.22),(289,9,'NJNHA-L5VQ',4,73.08),(289,10,'9OQKID3WIP',3,68.86),(289,11,'J_GZU60XV',12,301.17),(290,1,'O2T0RF9M',1,34.62),(290,2,'0O4MKPM7V',1,17.65),(290,3,'AY52TT_Y',2,21.89),(290,4,'3ZYWX',0,0.70),(291,1,'TC0GUIAWP',1,22.68),(291,2,'K03_AMC-Z',3,60.46),(291,3,'KY4-LC6MPIH',2,43.69),(291,4,'1N26DI',1,17.94),(291,5,'Z0XZL',1,15.31),(291,6,'LY8WW9-0T6',3,46.49),(291,7,'QJRX_R6OM',5,99.84),(291,8,'/O_KJ1UM/',7,114.33),(291,9,'CKDA1VT',2,30.11),(291,10,'70K-4S_',2,39.98),(291,11,'GQ0W/C',2,22.77),(292,1,'5IV9GK',0,4.09),(292,2,'SFK3XZ',1,11.77),(292,3,'O/Q1XODG/',2,29.04),(292,4,'JQ6YF6',1,20.91),(292,5,'QVZX_U17/E',1,22.29),(292,6,'X_X61CXHVD',0,1.21),(292,7,'7QBY7ZJKQ',3,57.60),(292,8,'JTU5_-/4BY-',4,57.77),(292,9,'SYJVVQ',1,16.11),(292,10,'A3W4VD2Z/_',3,52.95),(293,1,'44KF_79',14,167.28),(293,2,'XP_C0K',1,30.30),(293,3,'JUK3Z-9I',17,380.80),(293,4,'X417A0PY',1,14.52),(294,1,'DYOK8',2,39.37),(294,2,'D/NA/',1,28.11),(294,3,'Y_B6N1',0,3.00),(295,1,'JTU5_-/4BY-',1,16.02),(295,2,'W6XVHLYCR',1,36.18),(296,1,'BMP1UX/',1,20.30),(296,2,'2GJUEL4',4,93.19),(296,3,'UQH-S1OPY8_',4,69.52),(296,4,'WW68N8I',2,40.44),(296,5,'Z0XZL',3,44.59),(296,6,'IOKVAHIMI',23,380.85),(296,7,'O3W6FVCR_7',5,83.99),(296,8,'K2M0XIT_L3B',5,119.75),(297,1,'I1V7UNRC',2,36.45),(297,2,'8S_21TXUQO3',1,18.86),(297,3,'D63I7X_DWH',5,157.71),(297,4,'VFQYGI',15,305.66),(297,5,'7826F5',1,22.27),(297,6,'1OWYEO3',2,38.82),(297,7,'PXDOS-AM',2,41.75),(297,8,'7_WD7DF1V',9,222.65),(298,1,'I-O9N5_J',2,29.52),(299,1,'2G1ZH-BA9',8,150.41),(300,1,'GQPUTBQ13Q',1,35.89),(300,2,'SIKT6O',2,34.78),(300,3,'KJ8GJOT',5,100.53),(300,4,'4KZCQZZY',1,12.81),(300,5,'D63I7X_DWH',1,21.01),(300,6,'YUWYCZFK5',2,38.28),(301,1,'3U38F5/R',14,344.36),(301,2,'LY8WW9-0T6',5,92.84),(301,3,'SRG9QKL7',1,34.35),(301,4,'BNU49CDX59W',14,299.77),(301,5,'PY0CCMXZU',3,46.36),(301,6,'E/768',3,53.89),(302,1,'-4YHGX34Z',1,10.75),(302,2,'P1QI73-9XQH',5,96.83),(303,1,'5-S/QLUJW',1,26.13),(304,1,'RQ9YGZ3PE',7,140.29),(305,1,'QT50ASKSDH1',1,14.98),(305,2,'ORA6/UMW',4,93.86),(305,3,'PTN7/',3,49.14),(305,4,'3B6YGH--B',1,22.29),(305,5,'B-RM878KO',0,8.65),(306,1,'2URHXCSN_G/',3,53.51),(307,1,'66/4XGYS6XU',3,46.66),(307,2,'FSCWCEEC',0,1.87),(307,3,'5H268',1,13.29),(307,4,'84QB/N',2,33.92),(307,5,'SM3OB0EV32',2,40.74),(307,6,'LJDVWYE',0,4.58),(308,1,'EUYNKC2NZ',4,77.97),(308,2,'78E33-BRW2',1,14.81),(308,3,'JTU5_-/4BY-',0,6.64),(309,1,'DD0/1_K',14,300.38),(309,2,'XTSY073EM',4,98.09),(309,3,'BV4AP',4,76.21),(309,4,'D_F2MOL',3,38.65),(309,5,'NSS339-',2,48.86),(310,1,'5G0K5NT9',1,17.08),(310,2,'8QB9GX3QGS',3,64.70),(310,3,'LA6TY8Y',1,19.14),(311,1,'1FNB-',0,6.64),(311,2,'LW457K_',4,94.66),(311,3,'670DJMAT',2,38.47),(311,4,'C/OYQQ',7,135.72),(311,5,'6V9FCII',1,18.71),(311,6,'3G8H8U',0,5.63),(311,7,'W62UL',4,79.18),(311,8,'V7B6FIK',2,43.73),(311,9,'Y6SJJ7GQ',0,1.96),(311,10,'PTN7/',3,31.49),(311,11,'ZVNGYU',0,4.19),(312,1,'F1PXGWP',2,43.92),(312,2,'_FPOGPFT7',1,17.94),(312,3,'8N4OW',13,300.38),(313,1,'4B73MPNA',4,67.82),(314,1,'64L6WM1ER',3,57.89),(315,1,'DS3CJ6',5,88.54),(315,2,'7B7DUJ',3,37.92),(315,3,'XG2GU78E2_1',2,22.74),(315,4,'TK2NRK8TZA',5,112.00),(316,1,'G-T70U',2,37.28),(316,2,'F40K1',0,7.98),(316,3,'7BLPGYE',1,17.62),(317,1,'7QBY7ZJKQ',1,32.52),(317,2,'R_HL9',3,56.41),(318,1,'-ZMSUHH9H4D',1,17.38),(318,2,'0MP0_M',1,26.18),(318,3,'D5/5J',3,48.47),(319,1,'1PKR_R9',2,39.01),(319,2,'O/Q1XODG/',0,3.97),(319,3,'_I9Z5O6B',2,26.34),(319,4,'5L/E5PNEJPM',0,2.36),(320,1,'BFM2QDZR0',8,118.39),(320,2,'C24-U8XIA8M',1,24.44),(321,1,'V-FJ9-2',1,34.87),(321,2,'-ZZGG',1,10.96),(322,1,'XP_C0K',4,37.14),(322,2,'RGI5V9',3,61.42),(322,3,'S-UKU8-SPMK',0,6.51),(322,4,'P1RPX50',1,13.88),(322,5,'S-FEKR0FI',7,133.55),(322,6,'SDWMV',2,25.66),(323,1,'7TI8DUFJ6IL',0,8.96),(323,2,'CSKBU',3,47.77),(324,1,'GRRJP',7,104.94),(324,2,'I-O9N5_J',3,32.61),(324,3,'D/NA/',1,27.70),(324,4,'E/768',2,31.62),(324,5,'F1PXGWP',3,72.91),(324,6,'3C1MZ--QI',5,100.99),(324,7,'/XYAP8',2,60.25),(325,1,'1PKR_R9',1,29.62),(325,2,'9YO9A/-9',3,42.89),(325,3,'T_SC7USC5F',1,31.34),(326,1,'CY38BIO5GS',3,69.94),(326,2,'ZRUGI',3,60.16),(326,3,'3/2XCNQI',0,2.57),(326,4,'2CNEU2THPHM',3,28.69),(326,5,'-Q/IFQPR',3,50.87),(326,6,'5VL/HP',4,99.10),(326,7,'MCI7_',8,228.91),(326,8,'D/RINAK2',5,130.75),(326,9,'KLW42',4,98.52),(327,1,'EMCLW1QNKNZ',1,17.73),(327,2,'35B84EA3U',7,124.13),(327,3,'XG2GU78E2_1',2,42.58),(327,4,'NJNHA-L5VQ',6,99.35),(327,5,'C9D53',6,138.73),(327,6,'MOC0V',3,63.31),(327,7,'36S8ZZVQ5F',3,59.03),(327,8,'9N4MR',1,7.09),(327,9,'W7AYGAA-L',8,139.53),(327,10,'0M65/',4,95.73),(327,11,'GU1LC6YTWB',10,215.66),(328,1,'3/2XCNQI',6,153.75),(328,2,'T_UJ/_9R',0,5.33),(328,3,'C/OYQQ',0,5.62),(328,4,'/HQ71C3NC9A',5,28.38),(328,5,'JUK3Z-9I',3,38.85),(328,6,'NVJ9OAO4WI0',1,19.23),(328,7,'XO29ZV-L',6,36.56),(328,8,'_FPOGPFT7',1,22.13),(328,9,'YJYF/',0,2.53),(328,10,'8N4OW',5,127.71),(328,11,'J-Y53HO',0,4.19),(328,12,'NL-5PI',1,29.93),(328,13,'X03XWUZ46BX',3,56.57),(329,1,'5/3QB323',1,20.45),(329,2,'7YG4A4',7,168.46),(330,1,'UTCT2CW',4,80.49),(330,2,'UTCT2CW',1,18.60),(331,1,'P1QI73-9XQH',1,23.36),(331,2,'D5/5J',6,120.60),(331,3,'KFQZMI',3,103.07),(331,4,'LVJY1U87R',0,1.49),(331,5,'B-ZHGU/-2',1,23.62),(332,1,'ABT3R0',5,90.49),(332,2,'Y6SJJ7GQ',3,70.19),(333,1,'GBZ4AS44',1,14.43),(333,2,'MCI7_',12,321.15),(333,3,'F40K1',2,22.68),(334,1,'BEJ5HXQ',3,46.63),(334,2,'EUYNKC2NZ',0,4.90),(334,3,'ZYNJTXAT25',5,105.61),(334,4,'Q3YHOTI66',2,29.35),(334,5,'BMP1UX/',2,60.80),(334,6,'YI2ZL427_',3,93.06),(335,1,'66/4XGYS6XU',1,11.27),(335,2,'7OQBEQYKQ_',2,57.72),(336,1,'5IV9GK',11,294.48),(336,2,'EMCLW1QNKNZ',6,146.14),(337,1,'VI8IZSCBC',26,661.59),(337,2,'NF43E',5,111.72),(337,3,'0L/ZY3OP5AS',13,224.26),(338,1,'U/H_S9R1',1,15.97),(339,1,'ZRUGI',3,54.69),(339,2,'UKEYB62A/IS',5,91.75),(340,1,'_3U5Z8NKP',0,4.38),(340,2,'CKDA1VT',8,129.19),(341,1,'SWL/RLB9',13,282.09),(341,2,'7TI8DUFJ6IL',0,6.72),(341,3,'X417A0PY',0,7.83),(341,4,'BVBLMQOE1',10,190.25),(341,5,'PIZYO_RLNKF',13,235.64),(341,6,'GYD3R03V6G',4,112.87),(341,7,'/2TUN',3,61.13),(341,8,'D_9NLUILZ_A',3,64.07),(341,9,'PY0CCMXZU',2,34.86),(341,10,'OSQ71PCQMUW',2,61.76),(341,11,'/HQ71C3NC9A',9,143.89),(341,12,'SWOND/',14,287.37),(341,13,'M7K9F6',2,37.86),(341,14,'OPYWQA',2,31.44),(341,15,'C/OYQQ',1,17.39),(341,16,'U/H_S9R1',3,52.90),(341,17,'1OWYEO3',11,168.04),(341,18,'XO29ZV-L',1,23.82),(341,19,'Q8DTY',7,126.27),(341,20,'Q/KZZ59',8,121.40),(341,21,'3K_15',6,137.12),(342,1,'LMMC67',17,356.29),(342,2,'KOET-6',0,10.69),(343,1,'RZH6EGWK',1,11.29),(343,2,'XW2P8TF2WMK',3,68.20),(344,1,'M6YSF9',5,109.66),(344,2,'DBZY0I_/I88',4,88.27),(344,3,'QVJQY25',3,60.84),(344,4,'YDLEG',3,79.42),(344,5,'QE33JQA7',1,15.54),(345,1,'CRA9_40M_',7,145.50),(345,2,'2G1ZH-BA9',2,38.19),(345,3,'Y6SJJ7GQ',4,35.34),(345,4,'X6LDU',2,35.58),(345,5,'Z/JF7OM54',3,54.39),(345,6,'SIKT6O',15,319.67),(345,7,'O6UPJKQP0',0,6.23),(345,8,'YTY4SH_',0,8.56),(345,9,'SWL/RLB9',0,3.55),(346,1,'7-BOZBA7',4,52.94),(347,1,'BNU49CDX59W',3,57.76),(347,2,'KOET-6',2,57.75),(347,3,'YTY4SH_',1,24.94),(347,4,'I-EVD2',1,24.74),(348,1,'XE92S4XMV',2,36.09),(349,1,'A5_2JJUZ2',3,72.72),(349,2,'KVFNS9',6,120.19),(349,3,'66/4XGYS6XU',1,20.63),(349,4,'CRA9_40M_',0,9.35),(350,1,'XW2P8TF2WMK',6,125.11),(350,2,'MEJPPB',3,81.66),(350,3,'7QBY7ZJKQ',4,93.80),(350,4,'I-EVD2',3,72.32),(350,5,'CPM-J-VLGN',12,309.99),(350,6,'Z5CSKRY',3,103.95),(350,7,'N683TT4IB',1,16.23),(351,1,'_GX2QDDUKIG',1,22.86),(351,2,'SIKT6O',1,15.50),(352,1,'2BKRN1SKCC',0,4.91),(353,1,'DD0/1_K',4,83.45),(353,2,'IZ15WC8EBX',8,161.42),(354,1,'QQWYR-3',4,60.00),(354,2,'KRGFTOYT8I',0,1.10),(355,1,'NM07E-L',3,83.29),(355,2,'-4YHGX34Z',2,46.17),(355,3,'W-8FCFUP2',2,41.29),(355,4,'P5YB6QHS',2,36.24),(355,5,'OJS_-5V',8,183.62),(355,6,'M7K9F6',1,15.96),(356,1,'7QBY7ZJKQ',1,25.29),(356,2,'EFM-15CUOE1',1,18.19),(356,3,'-ZMSUHH9H4D',3,54.78),(356,4,'-39W7BNHXC',0,5.39),(356,5,'R_HL9',3,66.62),(356,6,'-ZZGG',0,2.01),(357,1,'_FPOGPFT7',16,410.53),(357,2,'J-Y53HO',0,4.06),(357,3,'O2T0RF9M',6,128.46),(358,1,'-KU7EDA-TG2',2,42.74),(358,2,'GQ0W/C',12,176.06),(358,3,'AJPGORXO-',1,17.17),(358,4,'RCK96O',0,4.56),(359,1,'36S8ZZVQ5F',15,279.96),(359,2,'J-Y53HO',2,39.54),(359,3,'AJGC_14',3,41.23),(359,4,'R5H50RGDW5',3,55.39),(359,5,'2URHXCSN_G/',5,92.50),(359,6,'-XFW7RL-419',1,21.24),(359,7,'UTCT2CW',8,160.88),(359,8,'IYRDC7CLOS7',1,26.07),(359,9,'AD1BED',0,5.74),(359,10,'KVFNS9',0,8.19),(359,11,'45DPSL6/4',6,94.18),(360,1,'/XYAP8',0,11.15),(361,1,'PXDOS-AM',7,131.31),(361,2,'2B55IB1YLS',3,78.68),(361,3,'PY0CCMXZU',3,50.91),(361,4,'8IPC8T0-3',2,23.13),(361,5,'ZXXVJUU8VDU',20,363.80),(361,6,'HYTRD',4,76.49),(361,7,'NVJ9OAO4WI0',0,2.85),(361,8,'R0FYM2-MN',1,28.48),(361,9,'_14XB5B',4,108.70),(362,1,'1XOLY',5,90.07),(363,1,'2CNEU2THPHM',1,6.93),(363,2,'N_8MID',0,3.87),(363,3,'8ZA8P1',0,2.89),(364,1,'IV/U/IBW',3,55.43),(364,2,'D2K6NZ3HU',2,36.58),(364,3,'PAI0W',4,91.01),(365,1,'-VGTO',3,27.65),(365,2,'D63I7X_DWH',1,16.70),(365,3,'IUW2M',11,211.69),(366,1,'70K-4S_',1,29.97),(366,2,'DD0/1_K',2,34.22),(366,3,'PXDOS-AM',1,23.63),(367,1,'G-STM-7',1,9.82),(367,2,'3K_15',4,83.37),(367,3,'_TL3ZFW/',11,245.33),(367,4,'/O_KJ1UM/',1,21.58),(367,5,'D_9NLUILZ_A',3,73.38),(368,1,'-Q/IFQPR',18,301.85),(368,2,'4KZCQZZY',9,196.24),(369,1,'RN3-4R',5,140.15),(369,2,'M78GT2N',6,93.61),(370,1,'O16NT5DYND',0,3.79),(370,2,'W62UL',0,7.19),(370,3,'7VQ-DBYJ4M',1,13.04),(370,4,'C/OYQQ',7,130.11),(370,5,'3U38F5/R',1,26.55),(370,6,'7YG4A4',5,67.95),(370,7,'CKDA1VT',0,1.61),(371,1,'ZRUGI',2,31.57),(371,2,'KFQZMI',3,77.81),(371,3,'SFK3XZ',5,99.72),(371,4,'DS3CJ6',2,41.09),(371,5,'AJPGORXO-',3,52.78),(371,6,'IOKVAHIMI',0,2.13),(371,7,'S/ZRAS',4,27.65),(371,8,'-Q/IFQPR',3,54.86),(372,1,'7B7DUJ',2,29.12),(372,2,'JYDEQE5',6,93.73),(373,1,'A7Q89LCW4',1,26.99),(373,2,'4KZCQZZY',4,84.96),(373,3,'_FPOGPFT7',1,25.32),(373,4,'2Z589M2GMLQ',1,13.30),(373,5,'X03XWUZ46BX',6,113.93),(373,6,'_1-QAAJ4J',2,28.56),(373,7,'-ZZGG',4,66.18),(374,1,'CY38BIO5GS',8,164.41),(374,2,'KVFNS9',0,4.40),(374,3,'N_8MID',2,51.14),(374,4,'WMF3XH',2,14.05),(374,5,'W62UL',6,100.37),(374,6,'2Z589M2GMLQ',6,157.21),(374,7,'W-8FCFUP2',4,74.78),(374,8,'K/STR_X',4,67.25),(375,1,'M5-W/Y8',9,164.86),(375,2,'SYJVVQ',4,55.84),(375,3,'AJPGORXO-',1,5.06),(375,4,'JONF6W-1R',10,159.45),(375,5,'-_HC-',3,70.62),(375,6,'SDWMV',1,31.00),(376,1,'13_96OK6CZ',3,67.39),(376,2,'DCGCMW',1,23.70),(377,1,'78E33-BRW2',9,152.30),(377,2,'NF43E',1,27.22),(377,3,'7G2OHF',2,40.03),(377,4,'WW68N8I',2,44.68),(377,5,'EEABEFI9QDN',1,23.65),(378,1,'NJNHA-L5VQ',21,355.21),(378,2,'WW68N8I',1,8.05),(378,3,'13_96OK6CZ',13,317.25),(379,1,'0M65/',3,63.19),(379,2,'0WW6JLOO',1,21.24),(379,3,'ZWLOTJW58S',0,3.12),(379,4,'YD1/MHO4YLI',8,89.13),(379,5,'J4727J5',16,341.15),(379,6,'DCGCMW',1,31.47),(379,7,'I-EVD2',0,1.60),(379,8,'DBZY0I_/I88',3,79.31),(380,1,'TK2NRK8TZA',0,9.90),(381,1,'M5-W/Y8',10,180.02),(381,2,'Y6SJJ7GQ',2,55.84),(381,3,'TQXXT0Z42X',1,13.28),(381,4,'IYRDC7CLOS7',2,38.45),(381,5,'D5/5J',6,115.02),(381,6,'5Z3C1Q5',6,128.86),(381,7,'1TGTD4LQ9N',2,44.01),(382,1,'1TGTD4LQ9N',3,62.06),(382,2,'G3J3PPCOFGG',1,8.81),(382,3,'ES9_IUUY',2,40.85),(382,4,'1DOV0_-',1,26.47),(382,5,'DJ5I5',6,131.48),(382,6,'V2RRKTF/',1,11.39),(383,1,'I-EVD2',3,61.51),(383,2,'2GJUEL4',1,21.57),(383,3,'U/H_S9R1',1,29.27),(384,1,'0O4MKPM7V',2,23.71),(384,2,'M6YSF9',6,57.16),(385,1,'PXDOS-AM',4,72.20),(385,2,'QVZX_U17/E',11,219.43),(385,3,'BEJ5HXQ',2,34.78),(385,4,'13_96OK6CZ',7,167.75),(385,5,'X_X61CXHVD',7,147.82),(385,6,'IV/U/IBW',2,37.16),(385,7,'I87DPH25O',9,188.42),(385,8,'ZLP75E0ZNQ',8,144.24),(385,9,'W9_K-55/',1,25.43),(385,10,'BEJ5HXQ',1,8.56),(386,1,'XTSY073EM',3,55.40),(386,2,'M6VR-',9,196.68),(386,3,'O16NT5DYND',2,49.29),(387,1,'VD6TF3OK',9,169.08),(388,1,'_TABP',1,26.73),(389,1,'KLW42',0,6.69),(389,2,'69F3NHIY',0,8.88),(389,3,'ELV38K5X',1,22.08),(390,1,'D/NA/',3,72.96),(390,2,'19-ZH',4,87.72),(390,3,'SRW2P-',2,41.37),(390,4,'V1T5D',1,10.32),(390,5,'-Q/IFQPR',2,41.84),(390,6,'JXZO-59R',2,23.24),(390,7,'OJ3EK',1,22.51),(391,1,'-KU7EDA-TG2',12,123.70),(391,2,'UTCT2CW',1,23.16),(392,1,'PY0CCMXZU',8,137.58),(392,2,'CY38BIO5GS',1,15.89),(392,3,'I8DNU',7,134.19),(392,4,'R5H50RGDW5',1,12.84),(392,5,'KLW42',1,18.02),(392,6,'36S8ZZVQ5F',1,10.48),(392,7,'3IF569',6,118.43),(392,8,'PECV/YN',7,164.49),(392,9,'_3U5Z8NKP',4,53.53),(393,1,'GIPWJ62ZQA0',0,7.25),(393,2,'M5-W/Y8',0,8.22),(393,3,'O5QCZWZ30N',4,70.55),(393,4,'DD0/1_K',2,42.25),(393,5,'YXXF7',0,8.92),(393,6,'VPOWDB26',0,6.79),(394,1,'NOLTGD',1,20.22),(394,2,'C24-U8XIA8M',3,56.05),(394,3,'YTY4SH_',18,378.44),(394,4,'031O36F6ZYM',6,150.16),(394,5,'/2TUN',5,106.62),(394,6,'XE92S4XMV',1,9.81),(394,7,'5IV9GK',4,101.02),(394,8,'TQXXT0Z42X',2,29.26),(394,9,'YVGQK',2,45.73),(394,10,'S/ZRAS',5,92.37),(394,11,'4D30FBACB',0,7.57),(394,12,'LR04SW3Z9',1,27.34),(394,13,'YUNI1',3,51.73),(395,1,'RN3-4R',8,227.86),(395,2,'PXDOS-AM',3,33.10),(396,1,'0V_QZRWE1O4',1,22.03),(396,2,'Z2J4PC',4,54.76),(396,3,'IZ15WC8EBX',0,7.81),(397,1,'YJYF/',2,50.51),(397,2,'O5QCZWZ30N',0,3.64),(398,1,'36S8ZZVQ5F',5,88.61),(398,2,'DJ5I5',3,69.58),(398,3,'E2QXPJL_P1',1,25.83),(398,4,'PXDOS-AM',1,24.86),(398,5,'OMYMT',2,51.22),(399,1,'58MCZW460O',1,31.25),(399,2,'JTU5_-/4BY-',4,62.64),(399,3,'W7AYGAA-L',4,76.76),(399,4,'8QMZA8RWQ',7,160.80),(400,1,'GQ0W/C',5,76.61),(400,2,'2/4KR7T-Z/8',0,5.08),(400,3,'8-9EHYHR',2,34.62),(400,4,'JN3CRHFDE5I',3,52.59),(400,5,'1N26DI',2,43.12),(400,6,'I-EVD2',7,175.42),(400,7,'DR6L23S__',0,8.26),(401,1,'RXJ5DGY2U',1,22.38),(402,1,'N683TT4IB',8,150.28),(402,2,'BMP1UX/',8,203.06),(402,3,'13_96OK6CZ',1,34.52),(402,4,'BMP1UX/',1,33.44),(402,5,'09KZYM5RX',3,60.78),(402,6,'X03XWUZ46BX',1,16.78),(402,7,'R4LXJHIEZ',6,147.61),(402,8,'NSS339-',9,191.83),(402,9,'XE92S4XMV',1,10.05),(402,10,'U5A3PZ9F1/',2,21.48),(402,11,'Z_WFC93-',3,68.99),(402,12,'SYJVVQ',4,57.73),(402,13,'QVZX_U17/E',10,192.41),(402,14,'LJDVWYE',0,7.14),(403,1,'K4O_O/',3,39.72),(403,2,'_TL3ZFW/',8,182.87),(403,3,'6-64OKE-P',0,0.42),(403,4,'CSKBU',2,45.56),(403,5,'7-BOZBA7',0,3.56),(403,6,'D3UK/O',3,30.23),(403,7,'8S_21TXUQO3',3,38.38),(404,1,'SDWMV',2,48.39),(404,2,'LL0E3GA4X',0,7.53),(404,3,'XTSY073EM',2,36.05),(405,1,'NF43E',2,37.63),(405,2,'TQXXT0Z42X',1,16.77),(405,3,'1TGTD4LQ9N',2,33.58),(405,4,'DCGCMW',7,155.12),(405,5,'J1NK8WLEQXV',2,29.97),(405,6,'Z_WFC93-',0,1.19),(405,7,'0PGK6DY',0,10.96),(405,8,'DX4PCC',5,130.78),(406,1,'VPOWDB26',11,182.77),(406,2,'OWDUG',1,24.67),(406,3,'-VGTO',2,46.90),(406,4,'RXJ5DGY2U',2,45.36),(407,1,'L00/KC',3,74.15),(407,2,'_GX2QDDUKIG',0,7.16),(407,3,'GU1LC6YTWB',9,118.38),(407,4,'OQWZUD3MH3J',1,21.87),(408,1,'S/ZRAS',3,62.69),(408,2,'BFM2QDZR0',0,0.05),(408,3,'O/Q1XODG/',1,14.32),(408,4,'ORA6/UMW',1,22.72),(409,1,'ZZDDSWOM3',6,99.06),(409,2,'8S_21TXUQO3',13,193.61),(409,3,'RGI5V9',5,98.55),(409,4,'Z_WFC93-',1,14.74),(409,5,'1XOLY',2,19.28),(409,6,'UQH-S1OPY8_',2,32.63),(409,7,'S-FEKR0FI',3,49.89),(409,8,'IUW2M',4,86.49),(409,9,'SDFXW',1,11.33),(409,10,'T_UJ/_9R',0,2.25),(409,11,'YDLEG',1,31.40),(409,12,'MCI7_',8,224.06),(409,13,'5V_FMLWFX',0,12.31),(409,14,'Q8DTY',3,65.15),(410,1,'FKABF',1,17.37),(410,2,'6V9FCII',23,515.44),(410,3,'64L6WM1ER',0,2.97),(410,4,'I1V7UNRC',3,35.56),(410,5,'_FPE0729T6',0,4.55),(410,6,'FEEOH73',0,3.27),(411,1,'IOKVAHIMI',7,107.86),(412,1,'YD1/MHO4YLI',7,151.62),(412,2,'V7B6FIK',6,113.90),(413,1,'I_JKWDXB',0,7.85),(413,2,'T_UJ/_9R',3,66.54),(414,1,'AE31ZT',3,79.56),(414,2,'VI8IZSCBC',0,4.24),(414,3,'7TI8DUFJ6IL',8,157.36),(415,1,'7A9CMU',2,39.78),(415,2,'PXDOS-AM',6,111.12),(415,3,'MKVRUXC',2,36.67),(415,4,'ORA6/UMW',6,133.67),(415,5,'B-RM878KO',3,54.02),(415,6,'46ECI908Y',3,41.17),(415,7,'O/Q1XODG/',2,31.77),(415,8,'GRRJP',3,46.86),(415,9,'0PGK6DY',1,19.47),(416,1,'6V9FCII',2,33.75),(416,2,'9RVWP',4,71.53),(417,1,'LW457K_',0,0.99),(417,2,'CKDA1VT',2,39.07),(417,3,'/O_KJ1UM/',3,48.50),(418,1,'3U38F5/R',3,68.72),(418,2,'NL-5PI',0,5.43),(418,3,'84QB/N',5,62.70),(418,4,'YGVRJQCG',2,31.88),(418,5,'N683TT4IB',1,14.82),(418,6,'W9_K-55/',1,29.17),(418,7,'F89XCO89J',1,25.41),(418,8,'_14XB5B',0,7.31),(418,9,'P1RPX50',3,51.77),(418,10,'3SO7HE/JMLB',3,61.97),(418,11,'M5-W/Y8',4,69.21),(418,12,'031O36F6ZYM',2,55.70),(419,1,'LL0E3GA4X',0,9.49),(419,2,'N683TT4IB',8,161.94),(419,3,'PAI0W',10,226.09),(419,4,'STHK0N3IM',0,7.05),(420,1,'7VQ-DBYJ4M',4,74.55),(420,2,'R5H50RGDW5',0,5.17),(420,3,'T_SC7USC5F',10,251.32),(420,4,'AY52TT_Y',9,154.36),(420,5,'G-STM-7',2,50.48),(420,6,'ZLP75E0ZNQ',1,15.01),(421,1,'ZGDNWL',7,150.39),(421,2,'OWDUG',0,3.36),(421,3,'1O5XQP',5,130.89),(422,1,'4D30FBACB',15,296.01),(422,2,'U2IT3DIS8',3,74.61),(422,3,'70K-4S_',1,27.83),(422,4,'-XFW7RL-419',5,85.86),(422,5,'YUNI1',7,137.72),(422,6,'SIKT6O',4,77.07),(423,1,'DV0BWXX//0N',3,57.38),(423,2,'CRA9_40M_',2,31.71),(423,3,'K4O_O/',5,67.96),(423,4,'6X9154W0GEG',3,18.40),(424,1,'LA6TY8Y',2,41.32),(424,2,'8QB9GX3QGS',3,56.00),(424,3,'NKNRXUWQ-J',5,123.85),(425,1,'LA6TY8Y',1,25.06),(425,2,'YXXF7',1,33.39),(425,3,'G-STM-7',2,59.15),(425,4,'G_2F6AM7X2',3,38.69),(425,5,'FKABF',1,10.15),(426,1,'E/768',4,89.11),(426,2,'XLDXFPNF',1,16.38),(426,3,'-ZZGG',1,16.77),(426,4,'I1V7UNRC',2,47.28),(426,5,'E2QXPJL_P1',5,105.35),(426,6,'GBZ4AS44',5,135.42),(426,7,'E016Y/3GM',1,21.56),(426,8,'AD1BED',1,17.15),(426,9,'G-STM-7',12,307.49),(426,10,'MWMGC',1,26.85),(426,11,'QJRX_R6OM',10,184.81),(426,12,'5IV9GK',0,0.78),(426,13,'JONF6W-1R',4,56.86),(427,1,'M6VR-',5,104.02),(427,2,'XP_C0K',5,98.31),(427,3,'IYRDC7CLOS7',0,6.00),(427,4,'1OWYEO3',3,43.63),(427,5,'7TO913369',8,185.11),(427,6,'_GX2QDDUKIG',5,120.15),(427,7,'_GX2QDDUKIG',2,32.31),(427,8,'66/4XGYS6XU',1,24.48),(428,1,'WB2U_A8',9,209.63),(428,2,'NKNRXUWQ-J',0,1.80),(428,3,'X87LDNMBWPP',1,14.09),(428,4,'W62UL',2,34.15),(428,5,'0MKOF288VQ',2,44.11),(429,1,'-39W7BNHXC',1,16.49),(430,1,'HZVG2-74RJ1',0,3.37),(430,2,'V4VF_DI94',3,79.69),(430,3,'XE92S4XMV',2,37.50),(431,1,'9RVWP',5,95.06),(431,2,'QVJQY25',8,137.99),(431,3,'WB2U_A8',5,111.75),(431,4,'V-FJ9-2',3,86.34),(432,1,'SDWMV',1,21.96),(432,2,'LA6TY8Y',4,66.78),(432,3,'7YG4A4',2,33.53),(432,4,'BVBLMQOE1',0,4.55),(432,5,'0L/ZY3OP5AS',4,96.86),(432,6,'7A9CMU',0,3.39),(432,7,'9OQKID3WIP',4,80.51),(432,8,'Q3YHOTI66',2,28.08),(433,1,'DX4PCC',6,151.24),(433,2,'LA6TY8Y',3,51.66),(433,3,'OWDUG',3,61.08),(433,4,'M7K9F6',3,63.99),(434,1,'AY52TT_Y',3,46.45),(434,2,'XWJ3M848S',7,131.75),(435,1,'IZ15WC8EBX',1,26.06),(435,2,'DOTM9LM-MX',1,18.93),(436,1,'LY8WW9-0T6',6,108.57),(436,2,'DJ0/NMEK36',1,22.17),(437,1,'UTCT2CW',3,53.23),(437,2,'NGWRIOW',2,39.64),(437,3,'IUW2M',1,27.04),(437,4,'H-ACUF7',0,5.31),(437,5,'JUK3Z-9I',5,116.12),(438,1,'A7Q89LCW4',1,13.25),(438,2,'-Q/IFQPR',2,39.10),(438,3,'GRRJP',1,12.88),(438,4,'893/SPAT',0,6.38),(438,5,'MEJPPB',1,11.41),(438,6,'AD1BED',5,95.07),(439,1,'YI2ZL427_',2,62.77),(439,2,'8PRW/8MS',9,166.33),(439,3,'YJYF/',10,211.31),(439,4,'0--WXEOMGI/',9,168.79),(439,5,'SIKT6O',5,106.49),(439,6,'35B84EA3U',1,19.04),(439,7,'8QMZA8RWQ',1,15.91),(440,1,'DCGCMW',2,47.00),(440,2,'8QB9GX3QGS',11,209.03),(440,3,'M5-W/Y8',0,8.02),(440,4,'JQ6YF6',1,34.12),(440,5,'BVBLMQOE1',3,69.07),(441,1,'Q8DTY',6,117.78),(441,2,'6ZHNY7I_Q',0,2.53),(441,3,'D2K6NZ3HU',6,103.28),(441,4,'DP92CVU0',5,81.67),(441,5,'PY0CCMXZU',9,153.10),(441,6,'U/H_S9R1',0,0.44),(441,7,'SWL/RLB9',0,7.24),(441,8,'N19_MPRF0Z6',0,8.40),(441,9,'N1U51ZB-79',0,2.65),(442,1,'9TZC/BR4',2,57.76),(442,2,'5L/E5PNEJPM',3,59.41),(442,3,'D/NA/',5,121.11),(442,4,'IOKVAHIMI',3,53.32),(443,1,'FKABF',2,33.05),(443,2,'6ZHNY7I_Q',4,78.66),(443,3,'ZM-OJ5HW7',0,0.31),(443,4,'TY1MP',4,93.31),(443,5,'58MCZW460O',3,66.69),(443,6,'KFQZMI',2,58.95),(443,7,'CGL0I56O',1,31.23),(443,8,'A7Q89LCW4',1,20.11),(443,9,'H-ACUF7',0,2.16),(443,10,'O/Q1XODG/',2,36.29),(444,1,'Y6SJJ7GQ',1,33.21),(444,2,'2G1ZH-BA9',1,20.51),(444,3,'FKABF',8,132.68),(445,1,'BVBLMQOE1',8,159.94),(445,2,'1PKR_R9',2,34.48),(445,3,'SM3OB0EV32',2,47.16),(445,4,'36S8ZZVQ5F',2,34.19),(445,5,'1GN1X12Y',0,2.06),(446,1,'/O_KJ1UM/',13,202.49),(446,2,'QT50ASKSDH1',2,42.66),(446,3,'13_96OK6CZ',2,55.27),(446,4,'4YYGYVAE',0,7.53),(446,5,'D6TN8E9U',1,17.22),(446,6,'QQWYR-3',7,104.60),(446,7,'L/WEB',3,49.00),(447,1,'_14XB5B',1,24.79),(447,2,'L00/KC',4,94.29),(447,3,'YI2ZL427_',1,39.26),(447,4,'HZVG2-74RJ1',5,67.22),(447,5,'JYDEQE5',3,38.50),(447,6,'GU1LC6YTWB',2,44.28),(447,7,'NVE1QPDTGT',0,6.17),(447,8,'7_WD7DF1V',4,111.69),(447,9,'LC7MN2SP5',0,0.11),(447,10,'5IV9GK',6,156.78),(447,11,'/HQ71C3NC9A',1,10.28),(447,12,'R0FYM2-MN',7,171.42),(447,13,'R_HL9',7,146.23),(448,1,'C1_T1S6KK6',4,80.73),(448,2,'G2ZTL',1,22.38),(448,3,'C/OYQQ',1,28.29),(448,4,'-ZMSUHH9H4D',2,36.86),(449,1,'RATOD5',4,54.43),(449,2,'H-ACUF7',1,12.35),(449,3,'6V9FCII',3,61.41),(449,4,'RGI5V9',17,366.41),(450,1,'V1T5D',1,21.02),(450,2,'-ZZGG',2,37.70),(450,3,'2GA1K9',1,15.68),(450,4,'VPOWDB26',12,230.02),(450,5,'V4VF_DI94',4,92.58),(450,6,'WO62N4VJ',6,123.40),(450,7,'LMMC67',2,45.15),(450,8,'57CYGS03G',0,1.65),(450,9,'K2M0XIT_L3B',6,134.57),(450,10,'/HQ71C3NC9A',9,148.09),(450,11,'X6LDU',0,8.61),(450,12,'YJYF/',1,13.85),(450,13,'DYOK8',1,17.69),(450,14,'YI2ZL427_',1,39.67),(450,15,'7QBY7ZJKQ',1,20.61),(450,16,'58MCZW460O',1,25.50),(450,17,'RATOD5',2,33.44),(451,1,'CGL0I56O',6,147.07),(452,1,'_TL3ZFW/',1,13.39),(452,2,'0O4MKPM7V',3,66.60),(452,3,'2F1-WKLGW',1,26.35),(453,1,'VW1XNA_5IL',2,19.33),(453,2,'5111X/5M1ZS',1,30.91),(453,3,'2B9O4',3,46.79),(453,4,'ZZDDSWOM3',2,35.87),(453,5,'I8DNU',4,88.54),(453,6,'SM3OB0EV32',5,95.64),(453,7,'R5H50RGDW5',1,16.13),(454,1,'ZVNGYU',1,19.20),(454,2,'A7Q89LCW4',0,3.25),(455,1,'69F3NHIY',4,90.15),(455,2,'IL9B3C5NZ8V',1,23.57),(455,3,'64L6WM1ER',3,48.67),(455,4,'SYJVVQ',1,21.07),(456,1,'3K_15',3,59.39),(456,2,'AY52TT_Y',2,36.33),(457,1,'KW7PU/O',1,26.19),(457,2,'4NW/2HVUY',0,6.45),(457,3,'670DJMAT',5,100.56),(457,4,'CBU0K9C_71L',0,4.81),(457,5,'X03XWUZ46BX',0,8.54),(457,6,'DS3CJ6',2,32.59),(458,1,'RQ9YGZ3PE',3,71.59),(458,2,'X417A0PY',0,0.24),(458,3,'GL7/23',5,30.35),(458,4,'1GN1X12Y',1,16.27),(458,5,'J-Y53HO',5,89.76),(458,6,'B3B1BGL',9,218.45),(459,1,'8ZA8P1',1,12.59),(459,2,'K03_AMC-Z',0,0.26),(459,3,'OJ3EK',0,1.31),(459,4,'SWL/RLB9',8,154.94),(459,5,'B3B1BGL',3,37.04),(459,6,'1TGTD4LQ9N',3,72.71),(459,7,'2B55IB1YLS',2,50.68),(459,8,'OJS_-5V',11,254.39),(460,1,'4B73MPNA',3,51.46),(460,2,'51TXZW',8,175.68),(460,3,'1OWYEO3',3,54.77),(460,4,'OMYMT',2,35.58),(460,5,'DP92CVU0',0,6.04),(461,1,'GQ0W/C',3,43.39),(461,2,'5Z3C1Q5',3,59.63),(461,3,'84QB/N',0,2.74),(461,4,'JQ6YF6',10,250.43),(461,5,'7TO913369',0,7.57),(461,6,'P4VX2',2,49.50),(461,7,'SDFXW',3,62.52),(461,8,'0M65/',12,272.28),(461,9,'5H268',1,18.22),(461,10,'5H268',21,445.97),(462,1,'XLDXFPNF',0,3.78),(462,2,'WO62N4VJ',0,7.72),(462,3,'VPOWDB26',1,20.27),(462,4,'VI8IZSCBC',0,5.02),(462,5,'6SYF-1I',5,95.26),(462,6,'RZH6EGWK',3,59.86),(463,1,'N19_MPRF0Z6',4,63.13),(463,2,'C/OYQQ',0,5.33),(463,3,'-XFW7RL-419',0,5.62),(463,4,'NVJ9OAO4WI0',15,282.62),(463,5,'1GN1X12Y',12,245.29),(463,6,'VWOAA5CK',1,7.82),(463,7,'IUW2M',1,29.79),(463,8,'3U38F5/R',6,158.00),(463,9,'DD0/1_K',5,96.09),(463,10,'E2QXPJL_P1',5,110.79),(464,1,'VD6TF3OK',1,17.96),(464,2,'-JETA',22,390.63),(464,3,'66/4XGYS6XU',1,22.65),(464,4,'Q8DTY',4,69.77),(465,1,'U/H_S9R1',1,24.99),(465,2,'IZ15WC8EBX',6,118.19),(466,1,'70K-4S_',8,202.93),(466,2,'YD1/MHO4YLI',2,22.39),(466,3,'YXXF7',10,221.41),(466,4,'DV0BWXX//0N',4,81.48),(466,5,'FVIPWP',4,82.64),(466,6,'SRG9QKL7',5,145.09),(467,1,'1G5XVKNPFN',10,166.28),(467,2,'D/RINAK2',1,17.38),(467,3,'CRA9_40M_',4,92.20),(467,4,'BV4AP',13,228.89),(467,5,'VW1XNA_5IL',3,40.60),(468,1,'3I356',2,38.55),(468,2,'L7FKK0KN0QV',0,0.13),(469,1,'V7B6FIK',0,8.00),(469,2,'7_WD7DF1V',6,156.29),(469,3,'HZVG2-74RJ1',2,39.52),(469,4,'A5_2JJUZ2',2,52.49),(469,5,'FVIPWP',3,67.80),(469,6,'70K-4S_',1,14.43),(469,7,'XW2P8TF2WMK',7,145.34),(469,8,'IZ15WC8EBX',8,150.12),(469,9,'LR04SW3Z9',3,53.79),(469,10,'WW68N8I',1,26.26),(469,11,'8EPZ3H-DY',1,26.24),(469,12,'5H268',1,12.64),(469,13,'JYG19',1,19.96),(469,14,'/XYAP8',4,97.93),(470,1,'IOKVAHIMI',6,101.73),(470,2,'670DJMAT',2,40.09),(470,3,'QQWYR-3',1,19.72),(470,4,'AY52TT_Y',4,63.72),(470,5,'L0_RO_X7',1,21.56),(471,1,'6-64OKE-P',1,19.18),(471,2,'VI8IZSCBC',1,15.31),(471,3,'7TI8DUFJ6IL',1,28.83),(472,1,'G-T70U',1,24.50),(472,2,'C1_T1S6KK6',3,48.58),(472,3,'_I9Z5O6B',1,12.75),(473,1,'GBZ4AS44',4,122.49),(473,2,'69F3NHIY',1,18.12),(473,3,'VPOWDB26',3,59.95),(473,4,'2B9O4',7,111.15),(473,5,'5L/E5PNEJPM',1,21.51),(474,1,'G5WZLCF5DZJ',4,83.43),(475,1,'U5A3PZ9F1/',10,192.26),(475,2,'GI8Z/80P7',4,84.24),(475,3,'ORA6/UMW',1,29.54),(475,4,'O68DJ',13,239.79),(476,1,'1O5XQP',0,8.11),(476,2,'-VGTO',1,18.58),(476,3,'HL5W/1Z90',2,28.11),(476,4,'M6YSF9',1,12.98),(476,5,'XTSY073EM',3,62.90),(477,1,'K0QWSUQL',2,48.39),(477,2,'6/VCB6A2',3,59.72),(477,3,'_FPOGPFT7',3,86.05),(478,1,'R0FYM2-MN',6,141.96),(478,2,'I-O9N5_J',9,158.24),(478,3,'0U8S/B',3,64.32),(478,4,'_FPOGPFT7',0,10.83),(479,1,'OQWZUD3MH3J',0,0.48),(479,2,'GU1LC6YTWB',1,30.63),(480,1,'7TI8DUFJ6IL',0,1.06),(481,1,'JYG19',3,45.85),(481,2,'7-BOZBA7',3,44.91),(481,3,'9TZC/BR4',2,45.10),(482,1,'3G8H8U',2,38.14),(482,2,'OSQ71PCQMUW',2,54.41),(482,3,'Z2J4PC',0,1.48),(482,4,'AJPGORXO-',2,41.11),(482,5,'N19_MPRF0Z6',1,15.91),(483,1,'DS3CJ6',3,50.24),(483,2,'LJDVWYE',3,74.81),(484,1,'VPOWDB26',11,221.05),(484,2,'JSB4B4',1,11.43),(484,3,'13_96OK6CZ',7,159.26),(485,1,'D3UK/O',3,52.62),(485,2,'5-S/QLUJW',4,91.88),(485,3,'IYRDC7CLOS7',0,4.26),(486,1,'OAU3HE1WQ',1,19.43),(486,2,'C9D53',3,65.65),(486,3,'2B55IB1YLS',3,79.01),(486,4,'-X8DT36W',0,8.99),(486,5,'8N4OW',3,61.50),(486,6,'J_GZU60XV',1,27.67),(486,7,'X_E5F82V68',4,82.40),(486,8,'GM/R4/1Q',8,157.47),(487,1,'5M12Z8H',1,14.76),(487,2,'8IPC8T0-3',4,77.49),(488,1,'N19_MPRF0Z6',4,74.89),(488,2,'QVZX_U17/E',3,67.97),(488,3,'8-9EHYHR',1,14.29),(488,4,'WMF3XH',9,237.20),(488,5,'UKEYB62A/IS',2,39.84),(489,1,'F89XCO89J',5,108.60),(489,2,'46ECI908Y',3,45.84),(490,1,'44KF_79',5,80.67),(490,2,'OMYMT',3,43.21),(491,1,'XLDXFPNF',6,125.44),(491,2,'NJNHA-L5VQ',5,82.70),(492,1,'UMH0N0I',2,32.03),(492,2,'M6YSF9',5,97.82),(493,1,'4YYGYVAE',0,5.34),(494,1,'670DJMAT',8,171.06),(494,2,'NVE1QPDTGT',1,17.28),(494,3,'AVH1Y6L228',5,77.42),(494,4,'7BLPGYE',12,235.88),(494,5,'NSS339-',1,21.19),(494,6,'AJGC_14',5,34.62),(494,7,'YD1/MHO4YLI',1,17.87),(494,8,'JUK3Z-9I',1,17.64),(494,9,'Z/JF7OM54',5,99.31),(494,10,'WI/N8G',1,26.86),(494,11,'VI8IZSCBC',3,65.99),(495,1,'IYRDC7CLOS7',5,84.31),(495,2,'VH_9X0ZE02',1,29.87),(495,3,'IUW2M',1,20.66),(495,4,'J1NK8WLEQXV',0,8.76),(496,1,'P5YB6QHS',34,652.30),(497,1,'BFM2QDZR0',4,49.49),(497,2,'M7K9F6',7,158.76),(498,1,'SM3OB0EV32',4,78.25),(498,2,'AJGC_14',7,111.21),(498,3,'7TO913369',7,178.67),(499,1,'UMH0N0I',4,74.33),(499,2,'9YO9A/-9',1,9.27),(499,3,'/2TUN',6,121.69),(499,4,'VW1XNA_5IL',4,81.48),(499,5,'5111X/5M1ZS',10,219.72),(499,6,'X6LDU',0,4.33),(499,7,'UZ88_T',6,97.32),(499,8,'F1PXGWP',1,14.45),(499,9,'KFQZMI',0,5.15),(499,10,'FVIPWP',2,54.20),(499,11,'-4YHGX34Z',5,100.18),(499,12,'IL9B3C5NZ8V',0,1.04),(500,1,'F89XCO89J',1,22.06),(500,2,'YUNI1',9,167.76),(501,1,'XGGWGMH_F',15,280.80),(501,2,'/HQ71C3NC9A',1,12.11),(501,3,'4D30FBACB',5,100.36),(501,4,'7OQBEQYKQ_',4,92.79),(501,5,'DJ0/NMEK36',17,396.10),(501,6,'Q/KZZ59',1,7.80),(502,1,'EFM-15CUOE1',4,74.91),(502,2,'JQ6YF6',3,80.20),(502,3,'JTU5_-/4BY-',2,35.88),(502,4,'ORA6/UMW',1,34.40),(502,5,'B-RM878KO',4,68.97),(502,6,'6V9FCII',9,190.33),(503,1,'5IV9GK',7,185.77),(503,2,'OQWZUD3MH3J',3,52.81),(503,3,'JQ6YF6',4,105.70),(504,1,'V2RRKTF/',7,156.59),(504,2,'SRG9QKL7',8,218.82),(504,3,'IZ15WC8EBX',7,140.76),(504,4,'6SYF-1I',1,22.76),(504,5,'UKEYB62A/IS',4,89.73),(504,6,'7826F5',3,65.93),(504,7,'3U38F5/R',4,106.55),(504,8,'IZ15WC8EBX',16,321.68),(504,9,'QQWYR-3',2,31.32),(504,10,'XLDXFPNF',2,49.62),(504,11,'L00/KC',2,53.45),(504,12,'DNFVHEIS0/V',0,6.14),(504,13,'M7K9F6',2,35.46),(504,14,'U7K-5ZAY',5,93.24),(505,1,'IUW2M',1,11.82),(505,2,'NSS339-',1,11.08),(505,3,'5M12Z8H',4,94.24),(505,4,'7TO913369',3,73.88),(505,5,'OSQ71PCQMUW',6,155.35),(506,1,'UZ88_T',23,384.06),(506,2,'66/4XGYS6XU',9,167.61),(507,1,'-55MEISBPK',1,16.54),(507,2,'VH_9X0ZE02',1,20.04),(507,3,'8IPC8T0-3',1,9.66),(507,4,'AE31ZT',12,281.47),(507,5,'81P-I9',5,85.39),(507,6,'AY52TT_Y',6,107.82),(507,7,'RATOD5',1,10.69),(507,8,'-X8DT36W',6,125.09),(507,9,'D/RINAK2',1,7.14),(507,10,'XT22D390A-',1,20.94),(507,11,'JUK3Z-9I',5,102.65),(507,12,'IV/U/IBW',5,116.62),(507,13,'H-ACUF7',10,192.26),(508,1,'LA6TY8Y',1,12.43),(509,1,'OJ3EK',0,5.92),(509,2,'J4727J5',12,261.99),(509,3,'KOET-6',4,107.37),(510,1,'A3W4VD2Z/_',2,28.12),(510,2,'7826F5',5,103.09),(510,3,'_FPE0729T6',4,59.83),(510,4,'/MLV6',9,158.27),(511,1,'Q3YHOTI66',4,73.67),(511,2,'84QB/N',0,9.28),(511,3,'BFM2QDZR0',0,4.60),(512,1,'1O5XQP',2,47.35),(512,2,'2G1ZH-BA9',9,184.70),(513,1,'Q/KZZ59',1,20.12),(514,1,'L7FKK0KN0QV',5,36.46),(514,2,'AE31ZT',3,83.70),(514,3,'XO29ZV-L',2,22.96),(514,4,'SRW2P-',1,29.55),(514,5,'0MP0_M',2,32.71),(514,6,'-_HC-',3,86.61),(515,1,'P4VX2',4,46.41),(516,1,'SIKT6O',10,208.69),(516,2,'ZGDNWL',0,3.87),(517,1,'WO62N4VJ',5,113.43),(518,1,'STHK0N3IM',6,119.23),(518,2,'OPYWQA',6,108.78),(519,1,'VI8IZSCBC',4,95.91),(519,2,'ZZDDSWOM3',4,64.09),(519,3,'SFK3XZ',1,15.38),(519,4,'F_Y06Y-VY',0,7.81),(520,1,'QT50ASKSDH1',1,14.31),(520,2,'V4VF_DI94',2,52.12),(521,1,'MEJPPB',2,52.41),(522,1,'XLDXFPNF',3,64.37),(522,2,'WMF3XH',2,56.71),(523,1,'UMH0N0I',22,367.91),(524,1,'DCGCMW',1,32.52),(524,2,'I--I9JJ',5,128.86),(524,3,'MKDHC',4,81.05),(524,4,'ELV38K5X',7,193.58),(524,5,'WB2U_A8',12,267.47),(524,6,'DJ0/NMEK36',11,256.66),(524,7,'6SYF-1I',8,169.06),(524,8,'6Y7XMO',4,80.34),(524,9,'L/WEB',0,0.19),(524,10,'XG2GU78E2_1',2,32.54),(524,11,'FSCWCEEC',4,76.57),(524,12,'LAYW/OOEUYN',3,83.76),(524,13,'LJS4C_6E-ZF',2,23.07),(524,14,'U/H_S9R1',7,163.81),(524,15,'K/STR_X',10,176.06),(524,16,'8N4OW',1,22.73),(524,17,'DP92CVU0',1,16.36),(525,1,'9TZC/BR4',1,27.42),(525,2,'UTCT2CW',2,29.63),(525,3,'N1U51ZB-79',7,149.97),(526,1,'HYTRD',0,5.40),(527,1,'78E33-BRW2',1,12.35),(527,2,'4B73MPNA',27,477.62),(527,3,'K2M0XIT_L3B',0,0.17),(527,4,'ZM-OJ5HW7',6,143.14),(528,1,'YGVRJQCG',3,52.16),(528,2,'83_JT_RE',12,243.14),(529,1,'3C1MZ--QI',6,139.11),(529,2,'X_X61CXHVD',12,226.09),(529,3,'EYC-9CM',0,4.96),(530,1,'0--WXEOMGI/',0,4.30),(530,2,'B-ZHGU/-2',2,35.12),(530,3,'PAI0W',1,33.36),(530,4,'FEEOH73',0,7.21),(530,5,'670DJMAT',5,101.56),(530,6,'UKEYB62A/IS',1,8.79),(530,7,'Z_WFC93-',0,0.34),(530,8,'LR04SW3Z9',2,51.34),(530,9,'9N4MR',1,18.66),(531,1,'J-Y53HO',5,93.04),(531,2,'DJ5I5',7,146.98),(531,3,'LAYW/OOEUYN',9,225.64),(531,4,'58MCZW460O',9,217.43),(531,5,'S-UKU8-SPMK',3,43.59),(531,6,'774LJAL',8,149.40),(532,1,'J-Y53HO',2,41.47),(533,1,'5G0K5NT9',4,72.15),(533,2,'SRW2P-',1,31.11),(533,3,'TK2NRK8TZA',0,11.22),(533,4,'OSQ71PCQMUW',1,36.49),(533,5,'ABT3R0',0,4.24),(533,6,'TK2NRK8TZA',7,157.02),(533,7,'R_HL9',1,28.35),(534,1,'BNU49CDX59W',5,101.34),(535,1,'0WW6JLOO',1,22.92),(535,2,'SWL/RLB9',0,0.88),(535,3,'O5QCZWZ30N',3,37.82),(535,4,'0--WXEOMGI/',7,128.35),(535,5,'W6XVHLYCR',2,40.64),(535,6,'SRG9QKL7',3,68.19),(535,7,'TFH-U',5,98.30),(535,8,'AWD-3I5YMM/',1,17.59),(536,1,'8VPNJSEEPHT',0,1.00),(537,1,'3K_15',0,8.12),(537,2,'0O4MKPM7V',3,79.58),(538,1,'3I356',0,4.46),(538,2,'3/2XCNQI',5,123.60),(538,3,'5Z3C1Q5',4,103.23),(539,1,'YI2ZL427_',1,21.98),(539,2,'ELV38K5X',8,204.45),(539,3,'/XYAP8',4,104.81),(540,1,'TC0GUIAWP',1,14.96),(541,1,'NJNHA-L5VQ',1,11.72),(542,1,'R4LXJHIEZ',0,11.51),(542,2,'OSQ71PCQMUW',1,14.56),(542,3,'NF43E',7,159.94),(542,4,'F40K1',1,20.25),(542,5,'I-O9N5_J',15,294.96),(543,1,'69F3NHIY',4,103.99),(543,2,'JUK3Z-9I',2,48.69),(543,3,'JTU5_-/4BY-',4,67.26),(543,4,'A0SKJ_I/U9M',1,9.52),(543,5,'6V9FCII',0,4.60),(544,1,'Z2J4PC',3,49.71),(544,2,'QT50ASKSDH1',2,37.27),(545,1,'OKSDHOB1_A7',7,156.54),(545,2,'BFM2QDZR0',3,52.77),(545,3,'51TXZW',0,6.99),(545,4,'ZXXVJUU8VDU',0,3.56),(545,5,'AY52TT_Y',4,39.46),(545,6,'SRW2P-',3,67.03),(545,7,'GIPWJ62ZQA0',3,43.30),(545,8,'57CYGS03G',4,56.03),(545,9,'D_WO0YDD1_',6,78.90),(546,1,'OQWZUD3MH3J',2,42.23),(547,1,'F40K1',5,108.40),(547,2,'_GX2QDDUKIG',1,11.05),(547,3,'OI1MX5ODP',3,69.95),(547,4,'V7B6FIK',0,7.62),(547,5,'CRA9_40M_',1,30.73),(547,6,'RZH6EGWK',0,8.86),(547,7,'IOKVAHIMI',0,2.82),(548,1,'EEABEFI9QDN',7,142.01),(548,2,'YTY4SH_',4,83.01),(548,3,'3U38F5/R',2,41.63),(548,4,'ZWLOTJW58S',9,160.34),(549,1,'8S_21TXUQO3',4,60.28),(549,2,'VFQYGI',3,52.54),(549,3,'E/768',1,20.89),(549,4,'KFQZMI',0,13.95),(550,1,'-ZMSUHH9H4D',3,52.65),(550,2,'1OWYEO3',3,25.38),(550,3,'Z_WFC93-',0,4.33),(550,4,'0MKOF288VQ',2,48.52),(550,5,'T_SC7USC5F',2,58.37),(550,6,'VI8IZSCBC',3,44.15),(551,1,'IV/U/IBW',3,72.11),(551,2,'8-9EHYHR',4,27.32),(551,3,'ELV38K5X',2,62.25),(551,4,'UKEYB62A/IS',0,5.81),(552,1,'O5QCZWZ30N',2,40.57),(552,2,'D_9NLUILZ_A',6,142.64),(552,3,'Z/JF7OM54',3,62.01),(552,4,'VH_9X0ZE02',7,144.71),(552,5,'JYG19',4,66.36),(553,1,'G_2F6AM7X2',3,43.92),(553,2,'3IF569',9,196.37),(553,3,'N_8MID',3,88.44),(553,4,'8QMZA8RWQ',1,22.82),(553,5,'M5-W/Y8',1,21.27),(554,1,'RXJ5DGY2U',1,21.93),(554,2,'-Q/IFQPR',10,176.97),(554,3,'MEJPPB',1,18.77),(555,1,'P1RPX50',3,45.64),(555,2,'7A9CMU',1,15.98),(555,3,'R_HL9',14,272.98),(556,1,'K/STR_X',2,29.20),(556,2,'WY3KL0',1,18.57),(556,3,'P5YB6QHS',1,28.28),(556,4,'WY3KL0',3,34.89),(557,1,'IOKVAHIMI',1,6.92),(558,1,'PIZYO_RLNKF',3,50.85),(558,2,'NF43E',0,8.32),(558,3,'6-64OKE-P',2,32.61),(558,4,'E/768',4,80.57),(559,1,'-JETA',2,29.01),(559,2,'-39W7BNHXC',3,70.33),(559,3,'UKEYB62A/IS',1,12.22),(559,4,'UMH0N0I',0,0.74),(559,5,'Y_B6N1',3,63.78),(559,6,'ES9_IUUY',3,45.50),(560,1,'O2T0RF9M',6,133.48),(560,2,'KW7PU/O',1,33.07),(560,3,'QQWYR-3',6,88.97),(560,4,'A5_2JJUZ2',4,82.91),(561,1,'O3W6FVCR_7',7,45.46),(561,2,'ELV38K5X',2,59.09),(561,3,'SFK3XZ',2,33.99),(561,4,'/XYAP8',4,128.25),(561,5,'45DPSL6/4',3,53.99),(561,6,'Z5CSKRY',5,55.49),(561,7,'G_2F6AM7X2',0,4.31),(561,8,'69F3NHIY',2,49.96),(561,9,'RN3-4R',11,294.52),(562,1,'_1-QAAJ4J',0,0.20),(562,2,'X_X61CXHVD',1,12.92),(562,3,'031O36F6ZYM',0,5.32),(562,4,'DP92CVU0',4,80.18),(562,5,'ZXXVJUU8VDU',2,38.38),(562,6,'K_0RI',7,144.65),(562,7,'N19_MPRF0Z6',1,23.49),(562,8,'0MKOF288VQ',3,72.32),(562,9,'GI8Z/80P7',3,58.92),(562,10,'3/2XCNQI',2,38.74),(562,11,'LW457K_',4,84.08),(562,12,'5H268',2,41.99),(563,1,'4JOVE9-_XK',2,57.17),(563,2,'5V_FMLWFX',6,158.20),(563,3,'F89XCO89J',0,5.65),(564,1,'57E1XJ3ZU',3,66.43),(564,2,'ZXXVJUU8VDU',4,79.18),(564,3,'Z5CSKRY',9,120.57),(564,4,'0--WXEOMGI/',0,9.48),(564,5,'G_2F6AM7X2',6,87.59),(564,6,'GYD3R03V6G',1,13.91),(564,7,'YTY4SH_',2,34.48),(564,8,'TQXXT0Z42X',3,57.49),(564,9,'LA6TY8Y',8,128.96),(564,10,'D6TN8E9U',4,72.63),(565,1,'LL0E3GA4X',0,3.74),(565,2,'8N4OW',0,5.46),(565,3,'7_WD7DF1V',4,94.24),(565,4,'D_WO0YDD1_',0,9.12),(565,5,'6V9FCII',1,14.64),(565,6,'57CYGS03G',1,22.21),(565,7,'GI8Z/80P7',1,23.88),(566,1,'-KU7EDA-TG2',4,100.53),(566,2,'1OWYEO3',3,47.98),(566,3,'57E1XJ3ZU',1,29.22),(566,4,'FKABF',5,75.03),(566,5,'2B55IB1YLS',1,29.07),(566,6,'E2QXPJL_P1',0,4.90),(566,7,'D_F2MOL',3,46.86),(567,1,'9N4MR',1,14.72),(567,2,'E2QXPJL_P1',6,135.55),(567,3,'6Y7XMO',10,195.05),(567,4,'STHK0N3IM',1,12.74),(567,5,'-ZMSUHH9H4D',1,24.53),(567,6,'HYTRD',6,112.30),(567,7,'0WW6JLOO',0,0.86),(567,8,'HL5W/1Z90',7,122.70),(567,9,'X417A0PY',2,29.99),(567,10,'G-T70U',0,7.13),(567,11,'7TO913369',7,165.78),(567,12,'ELV38K5X',4,117.76),(567,13,'B-ZHGU/-2',8,175.10),(568,1,'2GA1K9',2,54.04),(568,2,'E016Y/3GM',4,91.49),(568,3,'G3MZZ1',9,223.49),(569,1,'JONF6W-1R',1,5.50),(569,2,'K3MY4F2H',0,8.53),(569,3,'9TZC/BR4',6,139.97),(569,4,'6X1_P2QZ',2,28.74),(569,5,'EYC-9CM',2,35.81),(570,1,'M78GT2N',3,47.40),(570,2,'Q1-4/DS',2,26.11),(570,3,'13_96OK6CZ',3,40.68),(570,4,'T_SC7USC5F',7,174.34),(570,5,'LY8WW9-0T6',4,66.43),(570,6,'Y_B6N1',3,61.01),(570,7,'QVZX_U17/E',12,238.30),(570,8,'JTU5_-/4BY-',0,5.93),(570,9,'2GJUEL4',5,112.50),(570,10,'SDFXW',2,49.86),(571,1,'YTY4SH_',6,79.61),(572,1,'T_SC7USC5F',4,102.11),(573,1,'ZVNGYU',1,17.40),(573,2,'774LJAL',3,54.57),(573,3,'/HQ71C3NC9A',12,195.86),(573,4,'O16NT5DYND',3,23.89),(573,5,'X417A0PY',6,99.31),(573,6,'GYD3R03V6G',0,6.28),(574,1,'NF43E',4,82.94),(574,2,'R_HL9',7,139.85),(574,3,'JQ6YF6',1,13.80),(574,4,'8IPC8T0-3',8,150.29),(574,5,'E/768',1,23.05),(574,6,'DX4PCC',2,45.95),(574,7,'5/3QB323',1,24.13),(574,8,'IUW2M',3,50.74),(574,9,'2GJUEL4',4,81.07),(574,10,'LR04SW3Z9',5,107.57),(574,11,'U5A3PZ9F1/',18,348.00),(574,12,'D5/5J',2,35.09),(574,13,'BNU49CDX59W',2,34.64),(574,14,'46JUJWIMON',2,42.36),(574,15,'WMF3XH',4,115.76),(574,16,'7QBY7ZJKQ',3,57.59),(574,17,'WI/N8G',2,39.11),(574,18,'KA1CPD',7,175.41),(574,19,'_FPE0729T6',4,73.61),(574,20,'BFM2QDZR0',1,16.86),(574,21,'1TLGY77AME',3,52.30),(574,22,'VXYGMV',1,16.95),(574,23,'84QB/N',5,101.81),(574,24,'-55MEISBPK',5,112.82),(575,1,'CRA9_40M_',3,64.66),(575,2,'2G1ZH-BA9',3,52.75),(575,3,'-X8DT36W',3,62.18),(575,4,'3SO7HE/JMLB',3,68.84),(575,5,'-X8DT36W',2,43.70),(576,1,'K2M0XIT_L3B',3,80.30),(576,2,'2G1ZH-BA9',1,13.73),(576,3,'57E1XJ3ZU',2,40.47),(576,4,'E/768',9,180.37),(576,5,'MOC0V',1,27.71),(576,6,'3IF569',4,75.16),(576,7,'KA1CPD',3,62.24),(576,8,'7B7DUJ',0,6.41),(577,1,'WMF3XH',3,90.23),(578,1,'GYD3R03V6G',5,119.33),(578,2,'UQH-S1OPY8_',6,117.21),(578,3,'CSKBU',3,58.00),(578,4,'M7K9F6',3,63.13),(579,1,'7QBY7ZJKQ',1,23.54),(579,2,'G-T70U',0,9.59),(580,1,'K0QWSUQL',1,32.09),(580,2,'J4727J5',1,22.44),(580,3,'7TO913369',2,50.67),(580,4,'UQH-S1OPY8_',5,36.53),(580,5,'9N4MR',2,39.11),(580,6,'7G2OHF',5,115.85),(580,7,'EMCLW1QNKNZ',5,133.87),(580,8,'5M12Z8H',5,121.07),(581,1,'TQXXT0Z42X',3,52.97),(581,2,'XP_C0K',3,57.65),(581,3,'G-T70U',3,54.59),(581,4,'X6LDU',0,10.23),(581,5,'W-8FCFUP2',5,103.89),(581,6,'K_0RI',2,41.57),(581,7,'7VQ-DBYJ4M',5,94.90),(582,1,'J_GZU60XV',0,5.79),(582,2,'XT22D390A-',3,59.67),(582,3,'MOC0V',1,3.55),(583,1,'L00/KC',5,141.58),(583,2,'D63I7X_DWH',0,8.76),(583,3,'XGGWGMH_F',1,16.18),(584,1,'NKNRXUWQ-J',1,40.42),(584,2,'DCGCMW',3,58.87),(584,3,'5111X/5M1ZS',0,5.50),(585,1,'W7AYGAA-L',1,11.99),(586,1,'_3U5Z8NKP',5,74.07),(586,2,'9RVWP',4,71.18),(586,3,'3SO7HE/JMLB',11,237.41),(586,4,'D_F2MOL',0,0.21),(586,5,'YGVRJQCG',11,161.50),(586,6,'ZXXVJUU8VDU',3,52.03),(587,1,'70K-4S_',5,127.76),(587,2,'U2IT3DIS8',0,8.68),(587,3,'NL-5PI',2,40.10),(587,4,'HL5W/1Z90',3,43.77),(587,5,'QK_SS56U61',2,53.95),(587,6,'LJS4C_6E-ZF',2,63.25),(587,7,'YTY4SH_',3,53.24),(588,1,'CSKBU',3,48.75),(589,1,'FSCWCEEC',3,63.89),(589,2,'RXJ5DGY2U',1,17.93),(590,1,'1PKR_R9',4,74.21),(590,2,'35B84EA3U',2,37.63),(590,3,'GM/R4/1Q',3,57.25),(590,4,'I--I9JJ',4,108.17),(590,5,'EYC-9CM',0,7.58),(591,1,'XO29ZV-L',10,211.69),(591,2,'RATOD5',7,106.76),(591,3,'T_SC7USC5F',0,10.08),(591,4,'2BKRN1SKCC',3,59.45),(591,5,'W6XVHLYCR',15,378.44),(591,6,'I8DNU',1,29.66),(591,7,'2BKRN1SKCC',4,87.38),(591,8,'YGVRJQCG',0,2.22),(591,9,'3G8H8U',1,13.79),(591,10,'OJS_-5V',1,11.93),(591,11,'_TABP',5,86.45),(591,12,'3K_15',14,301.46),(592,1,'I84-J',3,51.88),(592,2,'O16NT5DYND',7,146.10),(592,3,'3SO7HE/JMLB',2,53.98),(592,4,'IV/U/IBW',3,59.60),(592,5,'1S411',4,37.56),(592,6,'3B6YGH--B',18,391.62),(592,7,'NOLTGD',3,46.22),(592,8,'3I356',1,15.28),(592,9,'LC7MN2SP5',1,22.18),(592,10,'6SYF-1I',1,19.36),(593,1,'AY52TT_Y',2,38.95),(593,2,'1TLGY77AME',1,21.55),(593,3,'J_GZU60XV',0,0.28),(593,4,'NM07E-L',4,96.17),(594,1,'BFM2QDZR0',1,22.60),(594,2,'K2M0XIT_L3B',10,220.53),(594,3,'K3MY4F2H',5,100.67),(595,1,'/MLV6',0,5.21),(595,2,'-JETA',5,81.93),(596,1,'ELV38K5X',1,21.27),(596,2,'66/4XGYS6XU',4,39.59),(597,1,'7QBY7ZJKQ',1,18.03),(597,2,'HL5W/1Z90',2,38.56),(597,3,'0O4MKPM7V',2,38.58),(598,1,'36S8ZZVQ5F',2,37.67),(598,2,'OQWZUD3MH3J',8,154.10),(598,3,'OAU3HE1WQ',0,2.75),(599,1,'8IPC8T0-3',0,8.32),(599,2,'NVE1QPDTGT',1,17.98),(600,1,'-_HC-',1,20.35),(600,2,'BFM2QDZR0',2,38.66),(600,3,'D_F2MOL',3,37.75),(601,1,'-4YHGX34Z',0,2.51),(601,2,'HL5W/1Z90',2,40.15),(601,3,'B3B1BGL',2,56.65),(601,4,'RQ9YGZ3PE',1,12.36),(602,1,'V-FJ9-2',1,15.88),(602,2,'U/H_S9R1',2,43.03),(602,3,'-ZZGG',2,31.14),(602,4,'66/4XGYS6XU',0,2.86),(603,1,'ZYNJTXAT25',1,20.60),(603,2,'D2K6NZ3HU',7,113.91),(604,1,'V7B6FIK',3,48.50),(605,1,'/2TUN',4,34.58),(606,1,'K_0RI',7,139.95),(606,2,'Z2J4PC',4,62.14),(607,1,'D3UK/O',1,23.00),(607,2,'70K-4S_',0,6.25),(607,3,'D63I7X_DWH',5,147.48),(607,4,'1G5XVKNPFN',0,0.08),(607,5,'I--I9JJ',1,22.34),(607,6,'Z2J4PC',1,14.32),(607,7,'0PGK6DY',4,81.85),(607,8,'KA1CPD',4,90.82),(607,9,'WY3KL0',0,11.54),(608,1,'L/WEB',5,78.36),(608,2,'DD0/1_K',1,18.84),(608,3,'LW457K_',1,20.49),(608,4,'670DJMAT',7,90.13),(609,1,'2F1-WKLGW',2,42.27),(609,2,'51TXZW',4,78.14),(610,1,'X_E5F82V68',8,219.31),(610,2,'/XYAP8',1,15.05),(611,1,'LVJY1U87R',5,82.19),(611,2,'YD1/MHO4YLI',0,2.14),(611,3,'AJPGORXO-',1,17.54),(611,4,'XO29ZV-L',9,180.01),(612,1,'JUK3Z-9I',1,23.47),(613,1,'SWL/RLB9',4,75.83),(613,2,'ZRUGI',2,48.68),(614,1,'8-9EHYHR',3,53.05),(614,2,'SYJVVQ',3,53.07),(614,3,'AJPGORXO-',9,166.78),(614,4,'AWD-3I5YMM/',4,77.36),(614,5,'YTY4SH_',1,27.13),(615,1,'LJDVWYE',0,7.86),(615,2,'GRRJP',0,1.95),(615,3,'DBL/3',5,89.82),(615,4,'R0FYM2-MN',2,41.65),(615,5,'7-BOZBA7',3,43.02),(615,6,'JSB4B4',5,63.21),(615,7,'CSKBU',0,2.10),(616,1,'D2K6NZ3HU',5,82.26),(616,2,'AVH1Y6L228',1,4.32),(616,3,'WB2U_A8',2,56.08),(616,4,'MEJPPB',5,120.14),(616,5,'893/SPAT',4,73.45),(616,6,'RQ9YGZ3PE',3,56.25),(617,1,'3ZYWX',8,201.05),(617,2,'YXXF7',4,60.27),(617,3,'DS3CJ6',1,23.02),(617,4,'NVJ9OAO4WI0',4,78.38),(617,5,'7QBY7ZJKQ',4,89.04),(617,6,'LC7MN2SP5',3,66.18),(617,7,'U2IT3DIS8',1,32.33),(618,1,'RZH6EGWK',14,274.82),(618,2,'D5/5J',1,16.41),(619,1,'J-Y53HO',18,329.16),(619,2,'YTY4SH_',6,134.93),(619,3,'D2K6NZ3HU',4,73.12),(620,1,'S-FEKR0FI',1,13.53),(620,2,'4NW/2HVUY',0,8.26),(620,3,'IOKVAHIMI',0,7.67),(620,4,'V1T5D',1,9.26),(621,1,'5-FCDBRCR',1,11.89),(621,2,'8N4OW',0,10.70),(622,1,'0PGK6DY',0,2.56),(622,2,'ZZDDSWOM3',10,175.11),(622,3,'3ZYWX',0,7.32),(622,4,'O3W6FVCR_7',10,182.68),(623,1,'TLCHG2H',3,41.51),(624,1,'9RVWP',3,57.69),(624,2,'5V_FMLWFX',10,268.94),(624,3,'3C1MZ--QI',8,166.57),(624,4,'N19_MPRF0Z6',0,0.81),(625,1,'2B55IB1YLS',4,87.24),(625,2,'SDWMV',3,86.05),(625,3,'RXJ5DGY2U',16,299.56),(626,1,'YD1/MHO4YLI',1,20.92),(626,2,'-ZZGG',2,42.96),(626,3,'NM07E-L',2,43.52),(626,4,'5-S/QLUJW',1,19.19),(626,5,'TFH-U',1,13.49),(626,6,'8S_21TXUQO3',1,10.33),(627,1,'T_UJ/_9R',3,50.74),(628,1,'1O5XQP',1,28.14),(628,2,'_3U5Z8NKP',1,19.25),(628,3,'GIPWJ62ZQA0',1,13.86),(628,4,'F1PXGWP',0,10.51),(628,5,'7826F5',1,12.58),(628,6,'XO29ZV-L',5,100.16),(628,7,'DCGCMW',2,50.48),(628,8,'ZRUGI',1,29.19),(628,9,'Z0XZL',1,10.33),(628,10,'5VL/HP',8,212.24),(628,11,'LA6TY8Y',6,99.48),(629,1,'1TGTD4LQ9N',0,4.00),(629,2,'69F3NHIY',3,71.34),(629,3,'LW457K_',2,26.21),(630,1,'ELV38K5X',1,20.99),(630,2,'E/768',3,69.83),(630,3,'1FNB-',3,49.84),(630,4,'QE33JQA7',2,39.10),(630,5,'IL9B3C5NZ8V',1,23.89),(631,1,'F40K1',2,42.31),(631,2,'6-64OKE-P',1,15.34),(631,3,'ZYNJTXAT25',1,11.87),(632,1,'UQH-S1OPY8_',1,13.14),(632,2,'/O_KJ1UM/',2,27.19),(632,3,'KJ8GJOT',5,106.68),(632,4,'D/RINAK2',1,21.43),(632,5,'YDLEG',4,83.58),(632,6,'5IV9GK',0,7.29),(632,7,'7TO913369',3,67.14),(632,8,'VH_9X0ZE02',0,7.74),(633,1,'XWJ3M848S',3,61.41),(633,2,'Y_B6N1',3,71.65),(633,3,'AXXXFYICJDT',0,3.45),(633,4,'19-ZH',1,16.96),(634,1,'S-UKU8-SPMK',1,21.86),(635,1,'RN3-4R',2,59.28),(635,2,'M5-W/Y8',0,6.46),(635,3,'_1-QAAJ4J',3,26.51),(635,4,'Q3YHOTI66',4,63.02),(636,1,'JUK3Z-9I',3,73.06),(637,1,'O/Q1XODG/',2,25.71),(637,2,'E/768',11,215.83),(637,3,'0M65/',2,53.27),(637,4,'U2IT3DIS8',15,371.91),(637,5,'C/OYQQ',1,21.99),(638,1,'WMF3XH',2,21.01),(638,2,'0MP0_M',7,123.99),(639,1,'M6YSF9',1,29.55),(639,2,'QLHCFCS5DH',2,49.63),(639,3,'-ZZGG',6,119.25),(639,4,'YDLEG',3,35.88),(640,1,'19-ZH',3,67.43),(640,2,'5H268',1,20.22),(641,1,'HZVG2-74RJ1',3,21.31),(641,2,'OJS_-5V',11,263.89),(641,3,'WB2U_A8',1,16.00),(641,4,'-JETA',1,18.71),(641,5,'DYOK8',1,31.71),(642,1,'O68DJ',1,23.99),(642,2,'ZYNJTXAT25',4,74.90),(642,3,'Q1-4/DS',3,42.94),(643,1,'SRW2P-',0,0.22),(643,2,'1PKR_R9',2,38.73),(643,3,'YTY4SH_',4,88.92),(643,4,'M5-W/Y8',20,369.01),(643,5,'BV4AP',1,25.59),(643,6,'ORA6/UMW',6,146.19),(643,7,'KA1CPD',1,14.22),(643,8,'7BLPGYE',2,45.60),(644,1,'FKABF',0,0.64),(644,2,'6/VCB6A2',5,99.32),(644,3,'ZVNGYU',0,2.48),(644,4,'WMF3XH',9,243.24),(644,5,'GQPUTBQ13Q',1,15.23),(644,6,'CSKBU',3,47.79),(645,1,'4KZCQZZY',11,232.73),(645,2,'5M12Z8H',2,36.60),(645,3,'58MCZW460O',2,47.44),(645,4,'CY38BIO5GS',5,94.97),(645,5,'SRW2P-',1,16.57),(645,6,'DD0/1_K',3,58.53),(645,7,'JTU5_-/4BY-',3,56.41),(645,8,'WW68N8I',1,23.11),(645,9,'KJ8GJOT',3,66.35),(645,10,'MOC0V',2,39.41),(645,11,'1FNB-',0,8.93),(645,12,'8M5UZ/',3,48.79),(646,1,'-Q/IFQPR',2,22.34),(646,2,'OJ3EK',1,19.99),(646,3,'J_GZU60XV',3,83.78),(646,4,'DOTM9LM-MX',1,27.49),(646,5,'L9Y5U',0,1.97),(646,6,'YJYF/',6,125.57),(647,1,'LY8WW9-0T6',5,53.98),(647,2,'XWJ3M848S',3,58.08),(647,3,'/O_KJ1UM/',7,106.80),(647,4,'M6YSF9',2,40.65),(647,5,'L7FKK0KN0QV',3,46.79),(647,6,'L7FKK0KN0QV',2,25.37),(647,7,'Y6SJJ7GQ',0,11.24),(647,8,'QJRX_R6OM',2,43.20),(647,9,'DNFVHEIS0/V',1,14.72),(647,10,'SFK3XZ',0,3.56),(647,11,'1TGTD4LQ9N',4,93.49),(648,1,'HN2YN0DLY1',3,80.87),(648,2,'LJS4C_6E-ZF',0,3.34),(648,3,'NM07E-L',1,15.95),(648,4,'BV4AP',3,45.39),(648,5,'QVJQY25',0,2.94),(649,1,'YJYF/',0,1.93),(649,2,'QVZX_U17/E',1,25.81),(650,1,'XE92S4XMV',3,57.05),(650,2,'DBZY0I_/I88',13,319.37),(650,3,'35B84EA3U',3,54.29),(651,1,'TC0GUIAWP',0,8.88),(651,2,'AWD-3I5YMM/',0,1.61),(651,3,'QK_SS56U61',0,10.32),(651,4,'E016Y/3GM',3,68.27),(651,5,'WO62N4VJ',12,253.39),(651,6,'7TO913369',5,112.80),(651,7,'YXXF7',1,32.19),(652,1,'IL9B3C5NZ8V',6,102.09),(652,2,'D63I7X_DWH',3,75.16),(652,3,'K/STR_X',4,70.66),(652,4,'W6XVHLYCR',4,97.39),(653,1,'RN3-4R',10,257.82),(653,2,'6Y7XMO',1,26.38),(654,1,'YI2ZL427_',2,49.67),(654,2,'PXDOS-AM',1,10.87),(654,3,'ZLP75E0ZNQ',1,13.79),(654,4,'J4727J5',3,57.55),(655,1,'3OFEN/I',6,134.56),(655,2,'DP92CVU0',7,118.09),(655,3,'L00/KC',0,5.75),(655,4,'MCI7_',2,51.99),(655,5,'I-EVD2',4,80.37),(655,6,'L7FKK0KN0QV',20,369.76),(655,7,'WY3KL0',5,162.86),(655,8,'6ZHNY7I_Q',7,148.04),(655,9,'AD1BED',1,18.66),(655,10,'XLDXFPNF',4,83.80),(655,11,'8IPC8T0-3',9,157.73),(655,12,'XLDXFPNF',14,303.75),(655,13,'G_2F6AM7X2',0,4.59),(656,1,'AVH1Y6L228',2,34.30),(656,2,'DS3CJ6',2,34.09),(656,3,'3C1MZ--QI',4,86.53),(656,4,'_3U5Z8NKP',2,24.27),(656,5,'RQ9YGZ3PE',14,305.58),(656,6,'N683TT4IB',4,79.73),(656,7,'NSS339-',2,44.19),(656,8,'YI2ZL427_',5,150.16),(656,9,'PECV/YN',2,40.35),(657,1,'WMF3XH',2,39.97),(657,2,'031O36F6ZYM',4,101.26),(658,1,'Y_B6N1',5,124.88),(658,2,'7VQ-DBYJ4M',1,14.40),(658,3,'KVFNS9',6,126.82),(658,4,'OI1MX5ODP',3,54.00),(659,1,'LAYW/OOEUYN',3,63.74),(659,2,'_GX2QDDUKIG',1,24.81),(659,3,'5111X/5M1ZS',4,95.30),(660,1,'G5WZLCF5DZJ',0,3.63),(660,2,'I-O9N5_J',1,29.07),(660,3,'A-ER-9LA8X',4,90.56),(660,4,'8EPZ3H-DY',2,54.97),(660,5,'QJRX_R6OM',1,13.14),(660,6,'EEABEFI9QDN',2,32.52),(660,7,'T/U-F4V0EQ',13,168.03),(660,8,'9GTB09L8//',3,56.34),(660,9,'-XFW7RL-419',4,66.45),(661,1,'3ZYWX',0,5.66),(662,1,'AE31ZT',3,64.11),(662,2,'AY52TT_Y',1,17.74),(662,3,'T_SC7USC5F',4,107.95),(662,4,'V7B6FIK',1,17.09),(662,5,'HL5W/1Z90',2,38.51),(662,6,'HYTRD',5,88.95),(663,1,'PTN7/',0,6.27),(663,2,'RATOD5',1,12.21),(663,3,'031O36F6ZYM',0,7.29),(663,4,'3G8H8U',3,75.84),(664,1,'2GJUEL4',6,130.74),(664,2,'ZLP75E0ZNQ',6,116.38),(664,3,'-KU7EDA-TG2',1,20.60),(664,4,'I_JKWDXB',0,6.27),(664,5,'D_9NLUILZ_A',0,7.73),(664,6,'PZLGPSTO',4,88.88),(664,7,'I--I9JJ',1,14.54),(665,1,'58MCZW460O',0,6.35),(665,2,'UKEYB62A/IS',16,318.04),(666,1,'0--WXEOMGI/',1,15.45),(666,2,'RATOD5',4,67.14),(667,1,'_FPE0729T6',2,22.45),(667,2,'K4O_O/',6,85.55),(667,3,'0MKOF288VQ',3,68.37),(667,4,'2G1ZH-BA9',6,129.28),(667,5,'OJ3EK',4,41.24),(668,1,'0L/ZY3OP5AS',1,13.44),(668,2,'DJ0/NMEK36',7,167.25),(668,3,'L00/KC',3,77.02),(668,4,'KVFNS9',3,68.67),(669,1,'DJ5I5',10,214.48),(669,2,'QK_SS56U61',9,201.70),(669,3,'-XFW7RL-419',1,12.73),(669,4,'A-ER-9LA8X',2,43.76),(670,1,'JQH9FVIO',8,204.61),(670,2,'J-Y53HO',4,74.26),(670,3,'ES9_IUUY',1,23.66),(670,4,'2B9O4',2,27.50),(670,5,'6V9FCII',1,25.24),(670,6,'X_E5F82V68',2,48.28),(670,7,'GQPUTBQ13Q',1,19.16),(670,8,'09KZYM5RX',8,187.65),(670,9,'LJDVWYE',14,329.54),(670,10,'X6LDU',2,39.23),(671,1,'9GTB09L8//',4,64.36),(671,2,'BVBLMQOE1',3,54.17),(671,3,'OMYMT',4,94.64),(671,4,'5111X/5M1ZS',6,131.21),(672,1,'GU1LC6YTWB',4,96.84),(672,2,'QLHCFCS5DH',0,5.84),(672,3,'S/ZRAS',2,38.96),(672,4,'2BKRN1SKCC',0,0.40),(672,5,'EMCLW1QNKNZ',6,143.04),(673,1,'JK3JIKFQPW',1,18.42),(674,1,'UKEYB62A/IS',6,110.90),(674,2,'6/VCB6A2',3,58.51),(675,1,'A0SKJ_I/U9M',0,5.31),(675,2,'GU1LC6YTWB',2,39.80),(675,3,'YXXF7',0,5.23),(675,4,'DX4PCC',1,18.61),(675,5,'6X1_P2QZ',1,15.48),(675,6,'EMCLW1QNKNZ',9,213.39),(675,7,'81P-I9',0,6.47),(675,8,'G5WZLCF5DZJ',6,125.76),(675,9,'D3UK/O',0,1.52),(675,10,'W6XVHLYCR',5,128.84),(675,11,'9TZC/BR4',3,81.02),(675,12,'X6LDU',3,66.37),(675,13,'X6LDU',2,37.57),(676,1,'OWDUG',1,25.05),(677,1,'3C1MZ--QI',1,12.32),(677,2,'69F3NHIY',0,2.70),(677,3,'0WW6JLOO',1,27.01),(678,1,'V7B6FIK',0,0.15),(678,2,'F40K1',7,143.87),(678,3,'JQ6YF6',0,9.37),(678,4,'9OQKID3WIP',0,3.93),(678,5,'IZ15WC8EBX',1,25.34),(678,6,'LC7MN2SP5',3,63.04),(678,7,'NM07E-L',1,16.80),(678,8,'4B73MPNA',1,13.82),(678,9,'XT22D390A-',2,42.00),(678,10,'GL7/23',1,16.67),(678,11,'KRGFTOYT8I',2,36.28),(678,12,'_1-QAAJ4J',0,1.75),(678,13,'7OQBEQYKQ_',0,12.46),(678,14,'SWL/RLB9',1,10.76),(678,15,'T_UJ/_9R',1,26.40),(678,16,'D63I7X_DWH',1,28.42),(679,1,'-VGTO',4,90.26),(679,2,'W6XVHLYCR',8,207.70),(679,3,'JUK3Z-9I',0,5.58),(679,4,'K03_AMC-Z',5,109.73),(679,5,'6V9FCII',6,123.81),(679,6,'O6UPJKQP0',8,185.72),(679,7,'ZVNGYU',1,23.03),(679,8,'LC7MN2SP5',1,12.80),(680,1,'7_WD7DF1V',6,161.10),(680,2,'OPYWQA',1,12.13),(680,3,'P4VX2',0,12.60),(680,4,'46JUJWIMON',1,23.27),(680,5,'8QMZA8RWQ',0,8.42),(680,6,'GRRJP',3,40.61),(680,7,'4KZCQZZY',9,186.83),(680,8,'VPOWDB26',1,22.04),(681,1,'W7AYGAA-L',1,11.60),(681,2,'Z_WFC93-',1,32.46),(681,3,'VW1XNA_5IL',1,15.71),(681,4,'0--WXEOMGI/',1,15.92),(681,5,'UZ88_T',3,41.45),(681,6,'KFQZMI',1,25.11),(681,7,'KFQZMI',0,12.12),(682,1,'D5/5J',1,10.16),(682,2,'GBZ4AS44',4,111.74),(683,1,'Y_B6N1',1,16.16),(683,2,'7VQ-DBYJ4M',3,42.64),(683,3,'HL5W/1Z90',1,8.69),(683,4,'O/Q1XODG/',3,50.13),(684,1,'F1PXGWP',5,111.79),(684,2,'8QB9GX3QGS',12,243.10),(684,3,'7A9CMU',0,4.49),(684,4,'I-EVD2',0,9.74),(684,5,'EEABEFI9QDN',5,109.45),(684,6,'OWDUG',2,42.60),(684,7,'A7Q89LCW4',0,1.34),(684,8,'XO29ZV-L',2,47.07),(685,1,'PY0CCMXZU',7,131.25),(685,2,'OI1MX5ODP',1,28.56),(685,3,'NL-5PI',5,90.64),(685,4,'8N4OW',4,93.37),(685,5,'V1T5D',5,95.17),(685,6,'HYTRD',1,14.82),(685,7,'6ZHNY7I_Q',1,27.73),(685,8,'XP_C0K',0,4.32),(685,9,'N683TT4IB',7,141.12),(685,10,'7-BOZBA7',0,3.12),(685,11,'CBU0K9C_71L',10,214.28),(685,12,'GRRJP',1,15.22),(685,13,'NGWRIOW',5,90.65),(685,14,'GIPWJ62ZQA0',6,102.68),(685,15,'1N26DI',1,21.38),(686,1,'DYOK8',1,24.52),(686,2,'I-EVD2',16,375.76),(686,3,'7QBY7ZJKQ',1,22.50),(686,4,'OKSDHOB1_A7',0,1.55),(686,5,'4NW/2HVUY',2,61.22),(686,6,'9GTB09L8//',4,62.47),(686,7,'DX4PCC',2,40.26),(687,1,'P1QI73-9XQH',2,36.36),(687,2,'GQ0W/C',4,53.06),(687,3,'Q/KZZ59',1,10.49),(687,4,'7TI8DUFJ6IL',10,199.22),(687,5,'7826F5',8,163.12),(688,1,'EEABEFI9QDN',1,25.29),(689,1,'1PKR_R9',13,281.01),(689,2,'2URHXCSN_G/',2,25.71),(689,3,'JYDEQE5',2,32.35),(689,4,'MEJPPB',1,18.69),(689,5,'I84-J',2,35.84),(689,6,'F_Y06Y-VY',15,443.75),(689,7,'6SYF-1I',7,130.48),(689,8,'70K-4S_',7,177.72),(690,1,'T_SC7USC5F',2,54.44),(690,2,'HL5W/1Z90',2,28.04),(690,3,'_I9Z5O6B',4,78.61),(690,4,'NOLTGD',1,25.06),(690,5,'-KU7EDA-TG2',2,52.61),(690,6,'X87LDNMBWPP',0,9.86),(690,7,'_TL3ZFW/',0,8.22),(690,8,'LJDVWYE',0,7.41),(691,1,'O2T0RF9M',1,34.23),(691,2,'KRGFTOYT8I',3,51.48),(691,3,'0PGK6DY',5,100.50),(691,4,'WB2U_A8',4,88.61),(691,5,'W62UL',2,45.98),(691,6,'_14XB5B',1,34.75),(691,7,'EEABEFI9QDN',5,92.64),(691,8,'JYG19',1,19.28),(691,9,'GQ0W/C',21,307.87),(691,10,'2B55IB1YLS',7,152.06),(692,1,'X87LDNMBWPP',2,44.90),(692,2,'X_X61CXHVD',5,108.92),(693,1,'4D30FBACB',11,212.12),(694,1,'_1-QAAJ4J',1,17.70),(694,2,'AE31ZT',4,107.45),(694,3,'GM/R4/1Q',5,91.12),(694,4,'DOTM9LM-MX',1,33.59),(694,5,'2BKRN1SKCC',0,2.99),(695,1,'6-64OKE-P',4,60.22),(695,2,'7VQ-DBYJ4M',2,38.56),(695,3,'O16NT5DYND',0,9.30),(695,4,'QK_SS56U61',0,7.30),(696,1,'-ZZGG',5,105.29),(696,2,'O3W6FVCR_7',11,206.42),(696,3,'ZRUGI',2,15.61),(696,4,'I1V7UNRC',3,36.67),(696,5,'RQ9YGZ3PE',2,34.29),(696,6,'B-ZHGU/-2',0,1.42),(696,7,'Q3YHOTI66',3,57.76),(696,8,'A0SKJ_I/U9M',2,31.88),(697,1,'5M12Z8H',4,90.45),(697,2,'EUYNKC2NZ',7,150.29),(697,3,'1PKR_R9',4,93.84),(698,1,'DR6L23S__',7,132.49),(698,2,'JN3CRHFDE5I',6,107.87),(698,3,'46ECI908Y',2,41.05),(698,4,'JSB4B4',0,4.43),(698,5,'H2VAOT0IMR',1,27.81),(698,6,'W7AYGAA-L',1,24.02),(698,7,'I1V7UNRC',5,88.60),(698,8,'7OQBEQYKQ_',4,102.32),(698,9,'1N26DI',2,53.77),(698,10,'D63I7X_DWH',0,1.48),(698,11,'O3W6FVCR_7',3,51.91),(698,12,'RCK96O',2,26.06),(698,13,'P4VX2',5,138.33),(698,14,'LC7MN2SP5',4,85.86),(698,15,'BNU49CDX59W',3,58.88),(698,16,'B-ZHGU/-2',1,28.45),(699,1,'D5/5J',6,121.81),(699,2,'RTH3IRUT_8V',6,105.66),(699,3,'R5H50RGDW5',1,16.15),(699,4,'XE92S4XMV',0,5.10),(699,5,'QQWYR-3',2,31.45),(699,6,'0PGK6DY',0,0.03),(700,1,'Z_WFC93-',1,10.42),(700,2,'_FPE0729T6',2,25.79),(700,3,'46ECI908Y',6,105.05),(700,4,'_14XB5B',2,60.48),(700,5,'GM/R4/1Q',0,6.73),(701,1,'BNU49CDX59W',2,49.79),(701,2,'09KZYM5RX',10,218.81),(701,3,'9OQKID3WIP',0,9.56),(701,4,'O/Q1XODG/',2,28.83),(701,5,'1OWYEO3',3,52.18),(701,6,'7826F5',3,65.95),(701,7,'WW68N8I',1,16.53),(701,8,'2Z589M2GMLQ',9,216.97),(701,9,'/HQ71C3NC9A',11,80.63),(702,1,'7VQ-DBYJ4M',1,18.00),(702,2,'KRGFTOYT8I',4,73.24),(702,3,'0L/ZY3OP5AS',8,187.52),(702,4,'3OFEN/I',0,8.86),(702,5,'ZXXVJUU8VDU',5,52.28),(702,6,'G3MZZ1',1,26.15),(703,1,'W9_K-55/',0,3.11),(703,2,'GQPUTBQ13Q',9,92.76),(703,3,'XO29ZV-L',11,221.80),(704,1,'7QBY7ZJKQ',1,27.85),(704,2,'QJRX_R6OM',7,138.08),(705,1,'OMYMT',1,18.74),(705,2,'F1PXGWP',1,13.29),(705,3,'0O4MKPM7V',2,44.68),(705,4,'NOLTGD',11,178.46),(705,5,'9N4MR',3,63.39),(706,1,'35B84EA3U',2,33.30),(706,2,'3/2XCNQI',1,34.29),(707,1,'SFK3XZ',1,14.52),(707,2,'X_X61CXHVD',1,22.46),(707,3,'N683TT4IB',0,8.43),(707,4,'F1PXGWP',1,31.06),(707,5,'K_0RI',11,213.65),(707,6,'6SYF-1I',1,24.98),(707,7,'F_Y06Y-VY',15,439.20),(707,8,'T_SC7USC5F',2,51.57),(707,9,'QVZX_U17/E',1,20.23),(707,10,'P1RPX50',3,60.19),(707,11,'YUNI1',0,6.03),(707,12,'-39W7BNHXC',1,32.73),(707,13,'X417A0PY',3,48.83),(707,14,'TFH-U',7,141.70),(707,15,'AXXXFYICJDT',1,23.56),(707,16,'MKDHC',5,67.97),(707,17,'P1RPX50',2,35.45),(707,18,'EUYNKC2NZ',2,35.19),(708,1,'NSS339-',4,77.85),(708,2,'OI1MX5ODP',3,64.77),(709,1,'G-STM-7',4,103.36),(709,2,'G-STM-7',1,12.70),(709,3,'A5_2JJUZ2',7,164.27),(709,4,'M6VR-',2,34.61),(709,5,'GIPWJ62ZQA0',5,80.68),(710,1,'1DOV0_-',2,35.84),(710,2,'EMCLW1QNKNZ',0,8.39),(710,3,'3EA9AJOA8C',0,6.28),(710,4,'DCGCMW',8,172.34),(711,1,'XTSY073EM',3,73.80),(711,2,'P4VX2',12,362.91),(712,1,'KA1CPD',2,60.50),(712,2,'XP_C0K',2,50.04),(712,3,'24KP-',26,468.31),(712,4,'KW7PU/O',4,106.98),(712,5,'U/H_S9R1',7,170.58),(712,6,'-X8DT36W',16,326.22),(713,1,'S-UKU8-SPMK',3,50.37),(713,2,'N1U51ZB-79',6,116.59),(713,3,'MOC0V',7,140.22),(714,1,'14R4IMYCRI',1,25.68),(714,2,'QT50ASKSDH1',2,46.28),(715,1,'GIPWJ62ZQA0',8,125.71),(715,2,'5-S/QLUJW',8,175.01),(715,3,'WMF3XH',1,32.73),(715,4,'MWMGC',1,10.63),(715,5,'5111X/5M1ZS',1,31.53),(716,1,'WY3KL0',7,219.02),(716,2,'KY4-LC6MPIH',5,92.74),(717,1,'DBZY0I_/I88',2,40.49),(717,2,'K/STR_X',2,28.69),(717,3,'GU1LC6YTWB',10,216.20),(717,4,'DV0BWXX//0N',1,16.49),(717,5,'K2M0XIT_L3B',2,47.38),(717,6,'1GN1X12Y',1,17.25),(718,1,'64L6WM1ER',10,173.53),(718,2,'ELV38K5X',1,20.04),(718,3,'WY3KL0',1,33.11),(719,1,'1TGTD4LQ9N',1,11.05),(719,2,'ORA6/UMW',5,109.55),(720,1,'51TXZW',3,54.49),(720,2,'0PGK6DY',2,40.03),(721,1,'X_E5F82V68',6,165.00),(721,2,'UKEYB62A/IS',2,45.73),(722,1,'QT50ASKSDH1',1,14.47),(722,2,'0U8S/B',1,14.88),(722,3,'DYOK8',2,38.89),(722,4,'LR04SW3Z9',6,123.25),(722,5,'R5H50RGDW5',0,4.83),(723,1,'6-64OKE-P',2,34.24),(723,2,'8-9EHYHR',3,71.62),(724,1,'J4727J5',3,68.43),(724,2,'O6UPJKQP0',2,20.41),(724,3,'DD0/1_K',3,64.11),(724,4,'KW7PU/O',2,61.05),(725,1,'DP92CVU0',2,35.21),(725,2,'OJS_-5V',1,21.10),(725,3,'BEJ5HXQ',3,47.98),(726,1,'QVZX_U17/E',4,75.46),(726,2,'K0QWSUQL',3,86.84),(727,1,'VD6TF3OK',2,45.17),(727,2,'OKSDHOB1_A7',0,0.78),(727,3,'XT22D390A-',8,150.22),(727,4,'DNFVHEIS0/V',1,17.90),(728,1,'24KP-',1,15.61),(728,2,'OAU3HE1WQ',2,13.60),(729,1,'N_8MID',1,17.45),(729,2,'ELV38K5X',5,140.77),(729,3,'NSS339-',4,61.96),(729,4,'X03XWUZ46BX',4,74.60),(729,5,'8QMZA8RWQ',0,6.14),(729,6,'4JOVE9-_XK',9,195.60),(729,7,'AXXXFYICJDT',0,4.09),(730,1,'7YG4A4',1,24.83),(730,2,'TC0GUIAWP',6,121.30),(730,3,'RZH6EGWK',7,127.15),(730,4,'KA1CPD',3,65.57),(730,5,'25Y8BD5UO',2,25.30),(731,1,'K0QWSUQL',8,237.56),(731,2,'9GTB09L8//',0,7.09),(731,3,'4NW/2HVUY',0,7.21),(731,4,'AE31ZT',5,113.85),(732,1,'W9_K-55/',2,57.77),(733,1,'TLCHG2H',2,36.59),(733,2,'QQWYR-3',5,87.41),(733,3,'H-ACUF7',2,34.72),(733,4,'IZ15WC8EBX',2,41.24),(733,5,'XE92S4XMV',1,13.58),(733,6,'UMH0N0I',1,15.19),(733,7,'OI1MX5ODP',1,13.32),(734,1,'MKDHC',8,159.20),(734,2,'G_2F6AM7X2',1,9.61),(734,3,'NVE1QPDTGT',7,138.03),(734,4,'XWJ3M848S',1,15.44),(734,5,'P5YB6QHS',4,67.38),(734,6,'SM3OB0EV32',6,127.49),(734,7,'6/VCB6A2',2,33.36),(734,8,'X03XWUZ46BX',1,12.26),(735,1,'L00/KC',3,81.74),(735,2,'1O5XQP',6,148.62),(735,3,'6/VCB6A2',6,114.14),(735,4,'44KF_79',0,7.46),(735,5,'7826F5',5,111.72),(736,1,'PTN7/',1,8.08),(736,2,'Z2J4PC',0,0.19),(736,3,'LA6TY8Y',0,7.59),(736,4,'TFH-U',5,89.65),(737,1,'64L6WM1ER',0,7.81),(737,2,'NGDSJ9ZXL_',0,3.38),(737,3,'36S8ZZVQ5F',9,164.36),(737,4,'D3UK/O',12,243.30),(737,5,'19-ZH',0,5.44),(738,1,'EUYNKC2NZ',2,36.63),(738,2,'JTU5_-/4BY-',1,13.16),(738,3,'0V_QZRWE1O4',8,174.50),(739,1,'WY3KL0',9,267.12),(739,2,'4YYGYVAE',15,309.81),(739,3,'IV/U/IBW',0,10.58),(739,4,'DX4PCC',1,32.49),(739,5,'HL5W/1Z90',3,49.05),(740,1,'8QB9GX3QGS',0,7.63),(740,2,'SM3OB0EV32',0,3.68),(740,3,'DD0/1_K',0,2.45),(740,4,'6ZHNY7I_Q',6,114.62),(741,1,'1S411',3,82.63),(742,1,'VXYGMV',1,14.09),(742,2,'X417A0PY',2,40.02),(742,3,'0M65/',0,2.56),(742,4,'VW1XNA_5IL',1,22.24),(742,5,'P4VX2',1,35.58),(743,1,'C24-U8XIA8M',0,7.68),(743,2,'O68DJ',1,25.54),(743,3,'5M12Z8H',2,56.79),(743,4,'GQ0W/C',8,118.27),(743,5,'FKABF',2,37.26),(743,6,'5G0K5NT9',7,136.91),(744,1,'/HQ71C3NC9A',10,153.96),(744,2,'IOKVAHIMI',7,110.74),(744,3,'QE33JQA7',5,117.88),(745,1,'YUWYCZFK5',3,52.91),(745,2,'EMCLW1QNKNZ',0,0.21),(745,3,'7G2OHF',3,68.79),(745,4,'UQH-S1OPY8_',3,51.83),(746,1,'ELV38K5X',5,97.09),(747,1,'5Z3C1Q5',2,45.35),(747,2,'5-S/QLUJW',1,22.27),(747,3,'-OPC/5VNMHB',4,99.03),(747,4,'WMF3XH',3,85.53),(747,5,'E016Y/3GM',0,5.81),(747,6,'DJ5I5',1,30.75),(748,1,'RCK96O',2,30.12),(748,2,'5G0K5NT9',2,28.77),(748,3,'KRGFTOYT8I',3,45.62),(749,1,'24KP-',3,47.69),(749,2,'893/SPAT',5,88.64),(749,3,'GU1LC6YTWB',2,51.66),(749,4,'1G5XVKNPFN',1,9.72),(749,5,'1G5XVKNPFN',13,208.02),(750,1,'CBU0K9C_71L',1,16.66),(750,2,'HN2YN0DLY1',0,2.02),(751,1,'WMF3XH',1,32.50),(752,1,'V4VF_DI94',4,103.09),(752,2,'H2VAOT0IMR',3,78.40),(753,1,'C24-U8XIA8M',6,109.77),(754,1,'0O4MKPM7V',3,71.60),(754,2,'OI1MX5ODP',2,49.51),(754,3,'ELV38K5X',0,11.45),(755,1,'E016Y/3GM',1,24.19),(755,2,'K/STR_X',14,159.18),(755,3,'OQWZUD3MH3J',0,2.74),(755,4,'SDFXW',3,55.46),(755,5,'X417A0PY',1,14.39),(756,1,'3EA9AJOA8C',0,1.80),(756,2,'78E33-BRW2',5,86.82),(757,1,'DOTM9LM-MX',5,70.58),(757,2,'2B9O4',6,90.78),(757,3,'-JETA',2,41.64),(757,4,'D3UK/O',7,145.86),(757,5,'D2K6NZ3HU',1,15.91),(757,6,'45DPSL6/4',1,21.47),(757,7,'VPOWDB26',2,41.19),(757,8,'_GX2QDDUKIG',2,34.44),(757,9,'GM/R4/1Q',6,116.40),(757,10,'69F3NHIY',8,197.21),(757,11,'MKDHC',7,124.46),(757,12,'GM/R4/1Q',8,149.27),(757,13,'H2VAOT0IMR',2,52.42),(757,14,'RGI5V9',1,12.94),(757,15,'031O36F6ZYM',5,118.08),(757,16,'RQ9YGZ3PE',2,46.65),(757,17,'OI1MX5ODP',4,71.46),(757,18,'V1T5D',6,89.29),(758,1,'D2K6NZ3HU',2,35.09),(758,2,'3ZYWX',6,133.33),(758,3,'031O36F6ZYM',5,118.68),(758,4,'YXXF7',2,37.50),(758,5,'8VPNJSEEPHT',5,70.87),(758,6,'LY8WW9-0T6',4,64.19),(758,7,'1G5XVKNPFN',5,49.29),(758,8,'J4727J5',0,9.47),(758,9,'3ZYWX',0,8.56),(758,10,'GRRJP',1,9.34),(759,1,'RQ9YGZ3PE',4,86.67),(759,2,'QE33JQA7',0,9.90),(759,3,'RCK96O',12,221.95),(759,4,'-KU7EDA-TG2',4,100.45),(759,5,'GYD3R03V6G',3,85.13),(759,6,'QLHCFCS5DH',2,38.15),(760,1,'GL7/23',6,114.70),(760,2,'D/RINAK2',0,6.70),(761,1,'NVJ9OAO4WI0',0,0.20),(761,2,'ES9_IUUY',4,62.21),(761,3,'DYOK8',1,21.18),(761,4,'5VL/HP',3,75.57),(761,5,'PECV/YN',2,53.58),(761,6,'ABT3R0',3,51.07),(762,1,'1TLGY77AME',0,1.58),(762,2,'NM07E-L',1,24.36),(763,1,'/HQ71C3NC9A',2,37.28),(763,2,'5VL/HP',1,34.47),(763,3,'5V_FMLWFX',6,151.41),(763,4,'TY1MP',1,14.83),(763,5,'NL-5PI',3,57.39),(764,1,'XT22D390A-',1,20.92),(764,2,'66/4XGYS6XU',14,249.00),(764,3,'J1NK8WLEQXV',0,6.71),(764,4,'XLDXFPNF',2,43.23),(764,5,'-Q/IFQPR',7,126.37),(764,6,'0PGK6DY',2,40.40),(765,1,'UTCT2CW',13,238.36),(766,1,'GRRJP',6,86.46),(766,2,'UQH-S1OPY8_',2,29.30),(767,1,'4B73MPNA',6,104.02),(767,2,'YJYF/',3,74.91),(768,1,'NGDSJ9ZXL_',8,168.43),(768,2,'HYTRD',0,7.73),(768,3,'/HQ71C3NC9A',1,20.27),(768,4,'EMCLW1QNKNZ',2,62.11),(769,1,'ZVNGYU',1,22.00),(769,2,'MEJPPB',0,5.36),(770,1,'031O36F6ZYM',0,0.01),(770,2,'BNU49CDX59W',5,101.61),(770,3,'BFM2QDZR0',9,175.23),(770,4,'HN2YN0DLY1',1,31.87),(770,5,'EYC-9CM',0,0.66),(771,1,'I87DPH25O',1,10.95),(772,1,'3EA9AJOA8C',4,83.06),(772,2,'8EPZ3H-DY',5,87.17),(772,3,'6V9FCII',1,21.66),(772,4,'ZVNGYU',5,87.96),(772,5,'9N4MR',6,121.06),(772,6,'G_2F6AM7X2',4,60.88),(772,7,'F-FOVYVW',2,33.52),(772,8,'F89XCO89J',0,0.83),(773,1,'C24-U8XIA8M',1,26.05),(773,2,'UTCT2CW',6,107.58),(773,3,'0--WXEOMGI/',1,27.02),(773,4,'ZRUGI',4,82.75),(773,5,'-39W7BNHXC',3,55.07),(773,6,'XP_C0K',7,51.32),(773,7,'G-T70U',1,27.40),(774,1,'7B7DUJ',3,44.24),(774,2,'A7Q89LCW4',1,25.32),(774,3,'WI/N8G',2,49.39),(774,4,'9GTB09L8//',2,36.94),(774,5,'6-64OKE-P',2,30.03),(774,6,'HZVG2-74RJ1',4,85.78),(774,7,'2B9O4',4,72.51),(774,8,'LJS4C_6E-ZF',8,217.03),(775,1,'GBZ4AS44',2,65.70),(775,2,'F40K1',2,32.13),(775,3,'WMF3XH',0,9.29),(775,4,'0O4MKPM7V',1,18.61),(775,5,'HN2YN0DLY1',1,15.96),(775,6,'KOET-6',4,88.96),(775,7,'U2IT3DIS8',5,111.24),(775,8,'8UMAI44Q16G',0,0.27),(775,9,'VXYGMV',5,114.27),(775,10,'A-ER-9LA8X',12,250.73),(775,11,'G3J3PPCOFGG',1,24.99),(776,1,'XG2GU78E2_1',1,27.16),(776,2,'/2TUN',2,31.46),(777,1,'6/VCB6A2',0,2.26),(777,2,'W6XVHLYCR',3,70.62),(777,3,'-39W7BNHXC',3,59.89),(777,4,'51TXZW',4,88.99),(777,5,'-KU7EDA-TG2',1,21.45),(778,1,'SWOND/',2,35.01),(778,2,'Q3YHOTI66',3,52.40),(778,3,'Z5CSKRY',5,139.76),(779,1,'5Z3C1Q5',1,20.68),(779,2,'OAU3HE1WQ',5,90.11),(779,3,'5V_FMLWFX',4,109.60),(780,1,'A3W4VD2Z/_',4,55.83),(780,2,'0--WXEOMGI/',8,148.61),(780,3,'ZM-OJ5HW7',3,60.03),(780,4,'RQ9YGZ3PE',2,33.74),(780,5,'OSQ71PCQMUW',0,1.20),(780,6,'A7Q89LCW4',6,120.78),(780,7,'MKDHC',15,284.66),(780,8,'GI8Z/80P7',4,79.88),(780,9,'LAYW/OOEUYN',1,19.32),(780,10,'3K_15',2,38.26),(780,11,'4B73MPNA',1,13.47),(780,12,'031O36F6ZYM',0,0.45),(781,1,'57CYGS03G',1,18.31),(781,2,'3IF569',1,19.79),(781,3,'NM07E-L',3,66.70),(782,1,'5/3QB323',2,53.99),(782,2,'MKVRUXC',2,35.18),(782,3,'VH_9X0ZE02',1,11.06),(783,1,'BNU49CDX59W',3,56.42),(783,2,'0PGK6DY',5,111.48),(783,3,'LMMC67',4,81.47),(784,1,'A-ER-9LA8X',0,9.42),(784,2,'RATOD5',6,91.59),(784,3,'6-64OKE-P',3,48.42),(784,4,'BEJ5HXQ',1,12.59),(784,5,'3B6YGH--B',2,40.48),(784,6,'MOC0V',3,69.64),(784,7,'CGL0I56O',5,125.94),(784,8,'1DOV0_-',1,24.82),(784,9,'ORA6/UMW',5,115.48),(785,1,'45DPSL6/4',1,10.50),(785,2,'F_Y06Y-VY',4,124.91),(785,3,'_TL3ZFW/',3,61.81),(785,4,'K_0RI',2,45.03),(785,5,'8QMZA8RWQ',12,245.66),(786,1,'MWMGC',1,11.07),(786,2,'5-S/QLUJW',3,62.61),(786,3,'N1U51ZB-79',0,5.85),(786,4,'M7K9F6',14,295.31),(787,1,'CRA9_40M_',4,81.18),(787,2,'IZ15WC8EBX',5,109.40),(788,1,'M6VR-',2,42.12),(788,2,'2GA1K9',2,46.96),(789,1,'YUWYCZFK5',0,3.88),(789,2,'N683TT4IB',3,50.23),(789,3,'7BLPGYE',12,117.00),(790,1,'OMYMT',6,131.71),(790,2,'X_E5F82V68',6,165.57),(790,3,'-XFW7RL-419',0,1.61),(790,4,'8-9EHYHR',3,61.94),(790,5,'GQ0W/C',1,11.28),(790,6,'F1PXGWP',0,7.11),(790,7,'8N4OW',2,44.53),(791,1,'D2K6NZ3HU',9,151.88),(791,2,'X87LDNMBWPP',3,69.38),(791,3,'D/NA/',2,35.41),(791,4,'4JOVE9-_XK',0,2.85),(791,5,'XTSY073EM',4,98.06),(791,6,'AY52TT_Y',0,1.97),(791,7,'9OQKID3WIP',0,7.75),(791,8,'2GJUEL4',14,300.36),(792,1,'E/768',1,10.08),(792,2,'MCI7_',7,176.00),(792,3,'83_JT_RE',2,20.74),(793,1,'JXZO-59R',14,199.50),(793,2,'A-ER-9LA8X',1,23.72),(793,3,'R5H50RGDW5',6,105.87),(793,4,'JK3JIKFQPW',3,57.09),(793,5,'6ZHNY7I_Q',3,63.87),(793,6,'X03XWUZ46BX',6,117.90),(794,1,'D6TN8E9U',2,37.61),(794,2,'7YG4A4',3,78.92),(794,3,'A7Q89LCW4',2,44.46),(795,1,'5M12Z8H',1,30.31),(796,1,'1DOV0_-',4,86.63),(796,2,'_TL3ZFW/',3,60.66),(797,1,'JK3JIKFQPW',0,0.93),(797,2,'W6XVHLYCR',0,4.92),(797,3,'LAYW/OOEUYN',8,187.00),(797,4,'9TZC/BR4',8,180.62),(797,5,'70K-4S_',1,12.45),(797,6,'M6YSF9',2,47.60),(797,7,'X03XWUZ46BX',1,16.91),(797,8,'N683TT4IB',1,18.48),(797,9,'5H268',1,16.61),(797,10,'70K-4S_',7,175.61),(797,11,'RN3-4R',4,117.36),(797,12,'S-FEKR0FI',7,129.02),(797,13,'K4O_O/',2,30.64),(798,1,'8EPZ3H-DY',10,209.91),(798,2,'G3MZZ1',5,115.03),(798,3,'D5/5J',7,139.44),(799,1,'BV4AP',6,113.68),(800,1,'ZVNGYU',3,35.63),(800,2,'YTY4SH_',0,0.93),(800,3,'78E33-BRW2',0,2.73),(801,1,'1TLGY77AME',5,86.03),(801,2,'-39W7BNHXC',0,5.58),(802,1,'IYRDC7CLOS7',4,79.90),(802,2,'D/NA/',1,11.83),(803,1,'0L/ZY3OP5AS',4,95.98),(804,1,'KA1CPD',1,33.06),(804,2,'_FPOGPFT7',2,60.09),(805,1,'ZVNGYU',3,52.86),(805,2,'ZZDDSWOM3',1,17.48),(805,3,'PY0CCMXZU',2,41.56),(805,4,'ELV38K5X',1,33.10),(805,5,'/O_KJ1UM/',1,16.18),(806,1,'WMF3XH',8,213.18),(806,2,'R5H50RGDW5',1,15.79),(806,3,'F40K1',1,24.21),(806,4,'KFQZMI',0,5.76),(806,5,'0--WXEOMGI/',9,166.30),(806,6,'LVJY1U87R',4,73.40),(806,7,'ZRUGI',1,22.73),(806,8,'78E33-BRW2',1,18.36),(806,9,'64L6WM1ER',1,15.12),(807,1,'E016Y/3GM',1,15.13),(807,2,'L/WEB',1,11.73),(807,3,'YDLEG',4,41.10),(807,4,'A0SKJ_I/U9M',1,20.92),(807,5,'L7AC1',1,30.43),(808,1,'0--WXEOMGI/',6,110.45),(809,1,'ZZDDSWOM3',5,87.32),(809,2,'J4727J5',2,17.01),(809,3,'CY38BIO5GS',2,37.11),(809,4,'3ZYWX',2,37.35),(809,5,'RQ9YGZ3PE',2,39.26),(810,1,'PXDOS-AM',1,12.88),(810,2,'87KC1OQ7',1,25.04),(811,1,'G-STM-7',2,41.24),(811,2,'C1_T1S6KK6',7,154.72),(811,3,'ES9_IUUY',2,29.08),(811,4,'O2T0RF9M',2,38.85),(811,5,'IYRDC7CLOS7',2,30.35),(811,6,'6SYF-1I',2,30.33),(811,7,'ZVNGYU',1,9.98),(811,8,'LA6TY8Y',3,59.02),(812,1,'O16NT5DYND',2,46.54),(812,2,'LMMC67',3,68.09),(812,3,'FSCWCEEC',1,23.11),(812,4,'1GN1X12Y',3,58.24),(813,1,'CKDA1VT',4,75.56),(813,2,'DV0BWXX//0N',7,141.93),(814,1,'MWMGC',5,97.90),(815,1,'P4VX2',6,194.54),(815,2,'LMMC67',3,72.52),(816,1,'44KF_79',1,27.98),(816,2,'D/NA/',5,106.86),(816,3,'57CYGS03G',3,51.05),(817,1,'QQWYR-3',2,34.03),(817,2,'QJRX_R6OM',1,22.40),(818,1,'A3W4VD2Z/_',5,58.32),(818,2,'IUW2M',7,100.70),(818,3,'L7FKK0KN0QV',1,20.80),(819,1,'4D30FBACB',2,9.45),(819,2,'6SYF-1I',2,32.29),(819,3,'84QB/N',5,104.69),(819,4,'I--I9JJ',2,44.80),(819,5,'6X9154W0GEG',1,15.62),(820,1,'PECV/YN',0,4.05),(820,2,'YTY4SH_',2,35.84),(820,3,'3SO7HE/JMLB',3,58.18),(820,4,'7VQ-DBYJ4M',1,17.07),(821,1,'F_Y06Y-VY',9,256.85),(821,2,'QK_SS56U61',4,84.36),(821,3,'SIKT6O',0,7.84),(821,4,'7A9CMU',2,40.86),(822,1,'Z0XZL',6,96.29),(822,2,'P5YB6QHS',5,86.90),(822,3,'MOC0V',4,79.65),(822,4,'KY4-LC6MPIH',0,1.48),(822,5,'GBZ4AS44',0,5.38),(822,6,'OJ3EK',4,74.31),(822,7,'NSS339-',2,35.70),(823,1,'1OWYEO3',1,14.85),(823,2,'46JUJWIMON',1,11.44),(823,3,'LL0E3GA4X',3,50.73),(823,4,'KVFNS9',3,60.36),(824,1,'9N4MR',1,17.17),(824,2,'0L/ZY3OP5AS',18,420.63),(824,3,'SWL/RLB9',1,13.10),(824,4,'S-UKU8-SPMK',1,14.68),(824,5,'ELV38K5X',9,254.58),(825,1,'2BKRN1SKCC',3,64.97),(825,2,'PIZYO_RLNKF',4,78.19),(825,3,'5L/E5PNEJPM',2,15.92),(825,4,'-Q/IFQPR',8,142.57),(825,5,'Y_B6N1',3,77.22),(825,6,'8EPZ3H-DY',2,40.26),(825,7,'-KU7EDA-TG2',1,25.73),(825,8,'031O36F6ZYM',3,61.48),(825,9,'5G0K5NT9',5,92.53),(825,10,'2BKRN1SKCC',3,36.99),(825,11,'OKSDHOB1_A7',14,331.96),(825,12,'4YYGYVAE',7,143.31),(825,13,'81P-I9',4,69.86),(825,14,'VXYGMV',11,244.93),(826,1,'EMCLW1QNKNZ',3,72.90),(826,2,'893/SPAT',4,67.24),(826,3,'-55MEISBPK',1,31.18),(826,4,'G2ZTL',6,140.83),(827,1,'PIZYO_RLNKF',2,27.88),(827,2,'P1QI73-9XQH',3,54.13),(827,3,'5L/E5PNEJPM',2,36.80),(827,4,'WMF3XH',5,118.61),(827,5,'K4O_O/',1,15.41),(827,6,'_TABP',1,14.55),(827,7,'Z2J4PC',7,100.81),(828,1,'ABT3R0',0,1.02),(829,1,'7-BOZBA7',4,55.08),(829,2,'AWD-3I5YMM/',4,80.51),(829,3,'WB2U_A8',2,45.84),(830,1,'8-9EHYHR',3,61.35),(831,1,'MEJPPB',0,6.12),(831,2,'L/WEB',6,88.97),(831,3,'U5A3PZ9F1/',1,24.42),(831,4,'U2IT3DIS8',8,187.62),(831,5,'WY3KL0',4,123.29),(831,6,'T/U-F4V0EQ',2,39.70),(831,7,'DNFVHEIS0/V',1,17.97),(831,8,'ZYNJTXAT25',0,5.77),(832,1,'_TABP',2,33.88),(833,1,'Z_WFC93-',2,20.32),(833,2,'-VGTO',0,7.27),(833,3,'ZLP75E0ZNQ',6,70.52),(834,1,'SYJVVQ',1,15.43),(835,1,'QQWYR-3',0,2.79),(835,2,'GRRJP',0,0.76),(835,3,'LY8WW9-0T6',0,0.74),(835,4,'QE33JQA7',7,150.09),(835,5,'TFH-U',1,10.16),(836,1,'XT22D390A-',5,96.30),(836,2,'7826F5',5,97.20),(836,3,'DBZY0I_/I88',2,41.55),(837,1,'3ZYWX',4,50.51),(838,1,'NOLTGD',7,112.35),(838,2,'JTU5_-/4BY-',3,46.34),(838,3,'NOLTGD',5,80.03),(839,1,'8IPC8T0-3',1,26.32),(839,2,'I84-J',0,3.44),(839,3,'DBL/3',8,149.83),(839,4,'CBU0K9C_71L',3,56.28),(839,5,'7A9CMU',2,38.24),(840,1,'44KF_79',11,233.78),(840,2,'I87DPH25O',5,35.47),(840,3,'8PRW/8MS',5,89.31),(840,4,'V1T5D',8,132.86),(840,5,'CGL0I56O',0,1.28),(840,6,'2B9O4',0,4.87),(840,7,'87KC1OQ7',7,134.24),(840,8,'D_WO0YDD1_',1,26.91),(840,9,'GI8Z/80P7',1,23.37),(841,1,'2/4KR7T-Z/8',1,27.68),(841,2,'LC7MN2SP5',4,93.59),(841,3,'6Y7XMO',3,49.75),(841,4,'SYJVVQ',7,103.86),(841,5,'KOET-6',0,10.10),(841,6,'V2RRKTF/',27,592.92),(842,1,'BNU49CDX59W',4,77.13),(842,2,'8PRW/8MS',1,26.55),(842,3,'NGDSJ9ZXL_',0,8.10),(842,4,'K4O_O/',1,21.31),(842,5,'JN3CRHFDE5I',3,61.25),(843,1,'OWDUG',2,43.69),(843,2,'3EA9AJOA8C',2,57.20),(843,3,'DNFVHEIS0/V',5,124.07),(843,4,'8VPNJSEEPHT',1,13.03),(843,5,'I1V7UNRC',3,49.37),(843,6,'KLW42',1,17.93),(843,7,'VFQYGI',5,109.67),(843,8,'UTCT2CW',2,45.08),(843,9,'XG2GU78E2_1',2,49.41),(843,10,'-4YHGX34Z',1,11.78),(843,11,'_TABP',0,2.38),(843,12,'ELV38K5X',2,46.22),(843,13,'G3MZZ1',1,27.93),(843,14,'AVH1Y6L228',3,49.49),(844,1,'G-T70U',0,6.54),(844,2,'EEABEFI9QDN',0,5.20),(845,1,'JSB4B4',1,21.96),(845,2,'AWD-3I5YMM/',0,6.56),(845,3,'4B73MPNA',1,21.32),(845,4,'D/RINAK2',9,192.56),(845,5,'7TI8DUFJ6IL',1,14.98),(845,6,'2F1-WKLGW',1,26.09),(846,1,'9OQKID3WIP',4,76.49),(846,2,'OJ3EK',0,7.47),(846,3,'DCGCMW',1,17.05),(846,4,'A7Q89LCW4',0,9.35),(846,5,'87KC1OQ7',4,76.12),(846,6,'H2VAOT0IMR',0,3.95),(846,7,'E016Y/3GM',3,18.83),(847,1,'5IV9GK',2,59.01),(847,2,'0U8S/B',1,30.64),(847,3,'JSB4B4',13,267.94),(848,1,'MKVRUXC',2,42.79),(848,2,'0L/ZY3OP5AS',13,310.98),(849,1,'/O_KJ1UM/',0,1.71),(849,2,'IV/U/IBW',3,62.01),(849,3,'P1QI73-9XQH',0,7.88),(849,4,'W7AYGAA-L',0,0.31),(849,5,'E/768',3,68.16),(849,6,'_1-QAAJ4J',7,126.27),(849,7,'-KU7EDA-TG2',3,71.54),(849,8,'XO29ZV-L',0,2.36),(850,1,'VD6TF3OK',9,170.01),(850,2,'O3W6FVCR_7',4,70.86),(850,3,'KFQZMI',1,30.18),(850,4,'SYJVVQ',1,21.09),(850,5,'ZVNGYU',12,224.07),(851,1,'A0SKJ_I/U9M',2,29.52),(851,2,'YTY4SH_',4,93.17),(851,3,'/HQ71C3NC9A',8,123.40),(851,4,'HL5W/1Z90',4,71.87),(851,5,'0O4MKPM7V',2,50.44),(851,6,'SDWMV',13,275.14),(851,7,'RGI5V9',2,35.89),(851,8,'QVZX_U17/E',1,12.00),(851,9,'DD0/1_K',0,1.64),(851,10,'ZYNJTXAT25',16,325.51),(852,1,'KA1CPD',0,7.23),(852,2,'-Q/IFQPR',14,141.06),(852,3,'ZRUGI',3,60.89),(853,1,'RN3-4R',1,37.26),(853,2,'L0_RO_X7',7,94.25),(853,3,'_GX2QDDUKIG',4,90.09),(853,4,'WW68N8I',3,57.52),(853,5,'A0SKJ_I/U9M',3,55.97),(853,6,'XE92S4XMV',1,6.59),(853,7,'GIPWJ62ZQA0',3,54.12),(853,8,'0L/ZY3OP5AS',0,1.78),(853,9,'P1QI73-9XQH',1,11.41),(853,10,'W-8FCFUP2',2,31.10),(853,11,'PAI0W',2,54.99),(854,1,'/XYAP8',2,65.57),(854,2,'78E33-BRW2',2,32.76),(854,3,'X417A0PY',5,89.76),(854,4,'I-EVD2',7,151.62),(854,5,'X6LDU',2,50.01),(854,6,'QE33JQA7',2,43.11),(854,7,'VH_9X0ZE02',4,77.83),(854,8,'KLW42',2,45.38),(854,9,'774LJAL',11,142.98),(855,1,'M5-W/Y8',3,42.19),(855,2,'QJRX_R6OM',10,196.32),(855,3,'N_8MID',0,10.01),(855,4,'1TGTD4LQ9N',4,79.64),(856,1,'-JETA',8,150.70),(856,2,'LMMC67',3,69.35),(856,3,'C24-U8XIA8M',0,2.18),(856,4,'9GTB09L8//',10,174.11),(856,5,'F40K1',5,115.43),(857,1,'GQPUTBQ13Q',1,26.47),(857,2,'J1NK8WLEQXV',2,28.67),(858,1,'A0SKJ_I/U9M',7,125.79),(858,2,'GL7/23',1,28.04),(858,3,'G_2F6AM7X2',6,82.36),(858,4,'XE92S4XMV',2,34.24),(859,1,'Z2J4PC',1,13.50),(859,2,'SRG9QKL7',0,0.96),(859,3,'VW1XNA_5IL',2,31.88),(860,1,'2G1ZH-BA9',2,34.52),(860,2,'CGL0I56O',0,1.27),(860,3,'81P-I9',3,41.26),(860,4,'7-BOZBA7',5,76.32),(861,1,'2GA1K9',1,19.14),(861,2,'1TGTD4LQ9N',7,146.03),(861,3,'NGWRIOW',4,70.75),(861,4,'KA1CPD',1,13.42),(861,5,'JQ6YF6',1,33.65),(861,6,'M6YSF9',4,81.02),(861,7,'4KZCQZZY',0,0.86),(861,8,'I_JKWDXB',0,2.86),(862,1,'P4VX2',2,48.44),(862,2,'B-ZHGU/-2',0,7.64),(862,3,'F_Y06Y-VY',6,166.31),(862,4,'7TO913369',7,174.01),(862,5,'HL5W/1Z90',3,43.73),(862,6,'6ZHNY7I_Q',6,127.76),(862,7,'D_WO0YDD1_',4,93.01),(862,8,'GL7/23',1,23.33),(862,9,'D/NA/',3,66.82),(862,10,'8PRW/8MS',0,2.04),(862,11,'1OWYEO3',7,114.05),(862,12,'K2M0XIT_L3B',8,175.43),(863,1,'L/WEB',1,13.42),(863,2,'_I9Z5O6B',1,25.63),(863,3,'_GX2QDDUKIG',6,132.93),(863,4,'5V_FMLWFX',1,14.77),(863,5,'-VGTO',3,80.14),(863,6,'64L6WM1ER',1,8.62),(864,1,'Z2J4PC',4,58.56),(864,2,'P5YB6QHS',3,55.93),(864,3,'774LJAL',4,69.13),(864,4,'UKEYB62A/IS',0,3.89),(864,5,'OJS_-5V',1,19.98),(864,6,'GQPUTBQ13Q',3,71.91),(864,7,'AJGC_14',1,21.46),(864,8,'DJ5I5',2,34.15),(864,9,'_FPOGPFT7',0,3.74),(865,1,'F-FOVYVW',7,124.94),(865,2,'9TZC/BR4',0,6.43),(865,3,'Y6SJJ7GQ',0,0.30),(865,4,'5IV9GK',6,147.91),(865,5,'G3MZZ1',0,5.52),(865,6,'S-FEKR0FI',4,73.69),(865,7,'EUYNKC2NZ',4,77.39),(865,8,'GQ0W/C',3,40.15),(865,9,'N19_MPRF0Z6',2,41.11),(865,10,'/MLV6',4,63.25),(865,11,'D_WO0YDD1_',0,4.47),(865,12,'DV0BWXX//0N',1,8.99),(866,1,'ZWLOTJW58S',1,21.40),(866,2,'S/ZRAS',2,40.58),(866,3,'/2TUN',5,51.82),(866,4,'W6XVHLYCR',4,98.13),(867,1,'1DOV0_-',6,131.11),(868,1,'QE33JQA7',1,33.69),(868,2,'S-FEKR0FI',2,31.40),(868,3,'ZYNJTXAT25',3,69.58),(868,4,'2GA1K9',4,117.11),(869,1,'P4VX2',1,37.22),(870,1,'KW7PU/O',3,90.61),(870,2,'E/768',1,24.92),(870,3,'KFQZMI',11,325.02),(870,4,'DJ0/NMEK36',7,150.63),(871,1,'N683TT4IB',3,58.09),(871,2,'D3UK/O',2,43.48),(871,3,'-VGTO',7,151.63),(871,4,'RGI5V9',2,37.04),(872,1,'SWL/RLB9',5,104.41),(872,2,'M7K9F6',1,14.78),(873,1,'YGVRJQCG',4,66.75),(873,2,'OPYWQA',9,146.46),(873,3,'M6VR-',1,32.11),(873,4,'AVH1Y6L228',0,4.70),(873,5,'_GX2QDDUKIG',8,168.84),(873,6,'1DOV0_-',5,107.50),(873,7,'SM3OB0EV32',1,10.73),(873,8,'Q3YHOTI66',4,67.81),(874,1,'7826F5',4,53.10),(874,2,'Z5CSKRY',2,63.87),(875,1,'XLDXFPNF',3,66.37),(876,1,'YUWYCZFK5',1,11.52),(876,2,'SRW2P-',0,9.95),(876,3,'KOET-6',2,42.73),(876,4,'13_96OK6CZ',9,218.38),(876,5,'7YG4A4',3,67.74),(876,6,'V-FJ9-2',4,104.50),(876,7,'2G1ZH-BA9',1,12.89),(876,8,'XTSY073EM',1,25.48),(876,9,'W-8FCFUP2',5,97.14),(877,1,'H2VAOT0IMR',1,13.65),(877,2,'JXZO-59R',2,28.64),(877,3,'PECV/YN',5,129.25),(877,4,'7QBY7ZJKQ',2,48.95),(877,5,'SRW2P-',2,40.19),(877,6,'8VPNJSEEPHT',2,40.05),(877,7,'CY38BIO5GS',3,55.64),(877,8,'5/3QB323',3,57.14),(877,9,'X6LDU',2,41.74),(877,10,'2GJUEL4',6,122.38),(877,11,'CGL0I56O',1,29.99),(878,1,'D_F2MOL',8,117.27),(879,1,'9N4MR',3,63.35),(879,2,'7A9CMU',3,57.25),(880,1,'-Q/IFQPR',6,96.01),(880,2,'1O5XQP',2,58.80),(880,3,'3IF569',2,19.52),(880,4,'H2VAOT0IMR',14,355.72),(881,1,'3B6YGH--B',9,192.58),(881,2,'N1U51ZB-79',3,42.72),(881,3,'44KF_79',10,130.45),(881,4,'AJPGORXO-',1,13.76),(881,5,'VH_9X0ZE02',7,148.54),(881,6,'OQWZUD3MH3J',3,52.98),(881,7,'O3W6FVCR_7',5,90.73),(882,1,'W7AYGAA-L',1,23.24),(882,2,'LJS4C_6E-ZF',11,317.91),(882,3,'JYDEQE5',7,104.55),(883,1,'CPM-J-VLGN',6,161.21),(883,2,'2F1-WKLGW',1,21.88),(884,1,'8M5UZ/',2,34.81),(884,2,'A3W4VD2Z/_',1,8.01),(885,1,'O2T0RF9M',3,77.62),(886,1,'2G1ZH-BA9',3,50.91),(886,2,'-ZZGG',0,9.74),(886,3,'LL0E3GA4X',6,52.91),(887,1,'78E33-BRW2',1,23.99),(887,2,'NF43E',1,16.94),(888,1,'7TI8DUFJ6IL',4,77.26),(888,2,'V4VF_DI94',3,73.70),(888,3,'5G0K5NT9',1,13.58),(889,1,'031O36F6ZYM',3,67.38),(889,2,'G-T70U',1,19.00),(889,3,'FEEOH73',3,64.95),(889,4,'-39W7BNHXC',3,69.99),(889,5,'G3MZZ1',0,0.57),(890,1,'R5H50RGDW5',4,73.19),(890,2,'DCGCMW',5,103.56),(890,3,'_FPE0729T6',1,13.58),(891,1,'-X8DT36W',1,13.09),(891,2,'1TLGY77AME',0,2.04),(891,3,'HYTRD',1,28.48),(891,4,'OWDUG',7,45.07),(892,1,'J-Y53HO',2,44.45),(892,2,'_TL3ZFW/',5,107.50),(892,3,'3U38F5/R',5,132.38),(892,4,'K2M0XIT_L3B',0,8.12),(892,5,'U7K-5ZAY',1,15.21),(892,6,'KOET-6',0,2.83),(892,7,'L7AC1',2,59.86),(893,1,'893/SPAT',1,20.24),(893,2,'RCK96O',1,15.29),(893,3,'GQPUTBQ13Q',4,123.56),(893,4,'8EPZ3H-DY',0,9.91),(893,5,'WW68N8I',6,112.59),(893,6,'FEEOH73',1,10.57),(894,1,'JQ6YF6',1,16.35),(894,2,'H2VAOT0IMR',3,67.00),(895,1,'K_0RI',1,16.83),(895,2,'8UMAI44Q16G',3,49.63),(895,3,'U2IT3DIS8',1,12.85),(895,4,'NM07E-L',2,48.89),(896,1,'1OWYEO3',2,24.75),(896,2,'-JETA',2,44.53),(896,3,'K2M0XIT_L3B',1,11.84),(896,4,'2URHXCSN_G/',0,2.51),(896,5,'3K_15',7,154.11),(896,6,'66/4XGYS6XU',7,126.82),(896,7,'AY52TT_Y',5,97.02),(896,8,'670DJMAT',4,83.12),(896,9,'YDLEG',3,72.19),(897,1,'LR04SW3Z9',5,95.72),(897,2,'GRRJP',4,62.46),(897,3,'R5H50RGDW5',3,47.85),(897,4,'A3W4VD2Z/_',5,25.78),(897,5,'I87DPH25O',9,182.82),(898,1,'XGGWGMH_F',3,61.66),(899,1,'UZ88_T',1,4.21),(899,2,'2BKRN1SKCC',4,101.29),(899,3,'I_JKWDXB',4,65.57),(899,4,'MKVRUXC',2,44.90),(899,5,'0L/ZY3OP5AS',1,18.57),(899,6,'STHK0N3IM',24,448.89),(899,7,'QE33JQA7',5,117.45),(899,8,'NJNHA-L5VQ',9,155.82),(900,1,'HL5W/1Z90',1,11.63),(900,2,'I84-J',1,10.92),(900,3,'GL7/23',0,2.16),(900,4,'BMP1UX/',2,50.31),(900,5,'BV4AP',2,31.14),(900,6,'45DPSL6/4',4,65.24),(900,7,'YGVRJQCG',2,30.22),(900,8,'3U38F5/R',5,76.50),(901,1,'LJS4C_6E-ZF',11,282.69),(901,2,'X03XWUZ46BX',4,81.14),(901,3,'CRA9_40M_',3,63.80),(902,1,'Q3YHOTI66',5,83.85),(903,1,'_TABP',2,31.46),(903,2,'4KZCQZZY',0,7.29),(903,3,'81P-I9',2,31.15),(904,1,'3ZYWX',0,2.18),(904,2,'YUWYCZFK5',4,67.78),(904,3,'F89XCO89J',0,2.45),(904,4,'NVE1QPDTGT',1,18.38),(904,5,'Z/JF7OM54',2,33.54),(904,6,'O2T0RF9M',0,1.81),(905,1,'V4VF_DI94',1,26.65),(905,2,'PY0CCMXZU',1,13.01),(905,3,'ABT3R0',6,104.99),(906,1,'MOC0V',1,25.12),(907,1,'LY8WW9-0T6',1,13.95),(907,2,'45DPSL6/4',2,29.82),(907,3,'U5A3PZ9F1/',8,149.47),(908,1,'8UMAI44Q16G',9,162.54),(908,2,'B-RM878KO',2,35.63),(908,3,'ZYNJTXAT25',4,92.49),(909,1,'FKABF',1,12.91),(909,2,'LJS4C_6E-ZF',7,203.45),(909,3,'_1-QAAJ4J',4,69.40),(910,1,'QJRX_R6OM',2,40.33),(910,2,'4YYGYVAE',3,52.01),(910,3,'U7K-5ZAY',3,49.87),(910,4,'670DJMAT',2,40.81),(910,5,'AJPGORXO-',7,136.22),(911,1,'7TI8DUFJ6IL',3,70.66),(911,2,'WI/N8G',8,159.36),(912,1,'EEABEFI9QDN',4,66.18),(912,2,'Z/JF7OM54',4,73.08),(912,3,'-VGTO',1,14.98),(912,4,'O82S1ZAEZ',1,10.73),(912,5,'1OWYEO3',2,26.13),(912,6,'5-S/QLUJW',0,2.16),(912,7,'2Z589M2GMLQ',2,52.12),(912,8,'AWD-3I5YMM/',0,10.08),(912,9,'X6LDU',13,287.73),(912,10,'GYD3R03V6G',1,9.20),(912,11,'3K_15',1,21.19),(913,1,'0O4MKPM7V',0,9.19),(913,2,'G-STM-7',0,11.29),(913,3,'N683TT4IB',2,40.54),(913,4,'-ZMSUHH9H4D',2,25.41),(913,5,'PECV/YN',4,90.69),(914,1,'KW7PU/O',1,26.45),(914,2,'25Y8BD5UO',1,9.37),(914,3,'D2K6NZ3HU',1,19.95),(914,4,'SYJVVQ',2,31.24),(914,5,'5G0K5NT9',0,4.51),(914,6,'LL0E3GA4X',1,20.87),(914,7,'AVH1Y6L228',2,32.49),(914,8,'WW68N8I',2,46.95),(914,9,'-55MEISBPK',8,212.25),(914,10,'1FNB-',0,5.85),(914,11,'QVZX_U17/E',4,84.71),(915,1,'VXYGMV',1,29.31),(915,2,'G3MZZ1',4,96.79),(915,3,'RATOD5',1,17.22),(915,4,'MWMGC',6,112.82),(915,5,'3SO7HE/JMLB',4,95.80),(915,6,'OWDUG',4,69.09),(915,7,'DR6L23S__',3,50.54),(915,8,'X417A0PY',2,36.91),(915,9,'51TXZW',2,40.32),(915,10,'//X46J',2,43.06),(915,11,'DBL/3',1,27.13),(916,1,'KOET-6',4,62.90),(916,2,'36S8ZZVQ5F',1,22.62),(916,3,'ES9_IUUY',8,142.65),(916,4,'X417A0PY',2,37.83),(916,5,'6Y7XMO',1,13.54),(916,6,'IOKVAHIMI',4,70.95),(916,7,'O5QCZWZ30N',10,148.71),(916,8,'25Y8BD5UO',3,47.74),(916,9,'WO62N4VJ',1,19.91),(917,1,'JN3CRHFDE5I',0,1.31),(917,2,'ZGDNWL',4,94.14),(918,1,'C9D53',3,64.38),(918,2,'L9Y5U',4,96.22),(918,3,'G-STM-7',1,19.46),(919,1,'PZLGPSTO',10,190.62),(919,2,'6Y7XMO',4,82.00),(919,3,'D63I7X_DWH',3,88.81),(920,1,'DBL/3',3,53.33),(920,2,'1GN1X12Y',5,103.61),(920,3,'QVJQY25',8,135.65),(920,4,'51TXZW',4,81.53),(920,5,'JYG19',0,1.52),(920,6,'LR04SW3Z9',1,15.06),(920,7,'//X46J',1,14.75),(920,8,'3EA9AJOA8C',3,64.90),(920,9,'O6UPJKQP0',2,37.15),(920,10,'RATOD5',1,17.03),(920,11,'LAYW/OOEUYN',4,92.75),(920,12,'UZ88_T',2,37.30),(920,13,'NSS339-',3,25.13),(921,1,'AJGC_14',4,56.37),(922,1,'OKSDHOB1_A7',4,44.18),(922,2,'7_WD7DF1V',15,396.17),(922,3,'UTCT2CW',3,64.20),(922,4,'ABT3R0',6,109.38),(922,5,'A-ER-9LA8X',1,19.98),(922,6,'57E1XJ3ZU',5,98.29),(922,7,'19-ZH',2,47.97),(922,8,'25Y8BD5UO',10,161.59),(922,9,'YGVRJQCG',4,56.30),(922,10,'LJS4C_6E-ZF',1,19.93),(923,1,'7G2OHF',1,20.78),(924,1,'SFK3XZ',4,85.55),(924,2,'YUNI1',1,14.05),(924,3,'QVZX_U17/E',3,34.63),(924,4,'RZH6EGWK',1,27.63),(924,5,'6SYF-1I',4,83.15),(924,6,'6X1_P2QZ',1,11.68),(924,7,'DS3CJ6',1,15.08),(924,8,'M6VR-',0,2.84),(924,9,'G5WZLCF5DZJ',1,23.94),(924,10,'OSQ71PCQMUW',0,6.62),(925,1,'3ZYWX',2,59.42),(925,2,'B3B1BGL',0,7.04),(925,3,'B-RM878KO',4,65.34),(925,4,'C9D53',3,59.67),(925,5,'5111X/5M1ZS',2,42.10),(925,6,'AXXXFYICJDT',11,188.36),(926,1,'9TZC/BR4',11,262.85),(926,2,'OAU3HE1WQ',2,44.38),(927,1,'NOLTGD',2,26.20),(927,2,'1DOV0_-',2,42.02),(927,3,'GQ0W/C',5,76.55),(927,4,'ZM-OJ5HW7',1,11.66),(927,5,'DJ5I5',2,38.95),(927,6,'_I9Z5O6B',9,189.62),(928,1,'YI2ZL427_',2,63.16),(929,1,'SDFXW',6,56.83),(929,2,'YD1/MHO4YLI',8,130.23),(929,3,'3SO7HE/JMLB',1,24.18),(929,4,'4JOVE9-_XK',1,28.05),(929,5,'U5A3PZ9F1/',11,209.84),(929,6,'-4YHGX34Z',13,255.12),(929,7,'JSB4B4',4,78.85),(929,8,'_3U5Z8NKP',2,28.55),(929,9,'35B84EA3U',12,209.45),(929,10,'7-BOZBA7',3,37.60),(929,11,'DP92CVU0',2,27.32),(929,12,'D6TN8E9U',1,16.76),(929,13,'-39W7BNHXC',3,59.33),(929,14,'I8DNU',6,132.43),(929,15,'K_0RI',2,33.39),(929,16,'SIKT6O',4,83.23),(929,17,'T_SC7USC5F',5,132.81),(929,18,'H-ACUF7',3,59.51),(929,19,'H-ACUF7',8,163.27),(929,20,'RXJ5DGY2U',1,7.67),(930,1,'3C1MZ--QI',0,3.69),(930,2,'U/H_S9R1',2,50.00),(931,1,'AY52TT_Y',3,46.16),(931,2,'IOKVAHIMI',1,9.73),(931,3,'OI1MX5ODP',3,66.99),(931,4,'13_96OK6CZ',1,24.35),(932,1,'SRW2P-',2,39.19),(932,2,'AD1BED',10,202.40),(933,1,'F_Y06Y-VY',3,77.61),(933,2,'EEABEFI9QDN',1,13.05),(933,3,'GBZ4AS44',12,330.97),(933,4,'YD1/MHO4YLI',8,176.80),(933,5,'QQWYR-3',2,29.90),(933,6,'1PKR_R9',0,5.18),(933,7,'O/Q1XODG/',0,1.64),(933,8,'_GX2QDDUKIG',1,30.13),(933,9,'A7Q89LCW4',3,59.69),(933,10,'IL9B3C5NZ8V',3,48.14),(933,11,'A0SKJ_I/U9M',5,84.03),(933,12,'6/VCB6A2',2,38.85),(934,1,'YUWYCZFK5',3,48.55),(934,2,'774LJAL',8,141.39),(934,3,'KY4-LC6MPIH',4,78.15),(934,4,'Z2J4PC',5,77.97),(935,1,'KLW42',1,21.75),(935,2,'XO29ZV-L',10,200.06),(935,3,'U7K-5ZAY',9,165.22),(935,4,'RGI5V9',8,147.62),(935,5,'8UMAI44Q16G',9,161.52),(936,1,'XW2P8TF2WMK',4,86.42),(936,2,'QE33JQA7',4,96.80),(936,3,'BMP1UX/',6,161.38),(937,1,'I8DNU',3,60.02),(937,2,'PXDOS-AM',0,6.31),(937,3,'SWOND/',0,4.33),(937,4,'4JOVE9-_XK',10,223.13),(938,1,'K_0RI',0,5.68),(938,2,'YD1/MHO4YLI',2,48.02),(938,3,'S-UKU8-SPMK',2,34.71),(939,1,'KW7PU/O',2,45.27),(940,1,'NOLTGD',1,21.62),(940,2,'LC7MN2SP5',4,79.96),(940,3,'-39W7BNHXC',2,45.92),(940,4,'5-S/QLUJW',7,153.64),(940,5,'V7B6FIK',0,3.20),(940,6,'ZXXVJUU8VDU',0,0.31),(940,7,'UQH-S1OPY8_',1,14.75),(941,1,'L7AC1',2,43.16),(941,2,'KY4-LC6MPIH',1,14.89),(942,1,'09KZYM5RX',3,70.47),(942,2,'DP92CVU0',5,95.68),(942,3,'GIPWJ62ZQA0',5,82.10),(943,1,'R4LXJHIEZ',2,38.08),(943,2,'ABT3R0',0,8.67),(944,1,'TLCHG2H',5,76.74),(944,2,'V7B6FIK',1,26.01),(944,3,'B-RM878KO',6,116.04),(945,1,'K0QWSUQL',0,6.73),(945,2,'RGI5V9',2,31.53),(945,3,'QK_SS56U61',0,4.35),(946,1,'84QB/N',1,30.99),(947,1,'-55MEISBPK',2,40.14),(947,2,'U5A3PZ9F1/',2,46.68),(947,3,'DR6L23S__',2,31.33),(947,4,'D5/5J',0,8.64),(948,1,'KFQZMI',1,42.03),(948,2,'SYJVVQ',1,7.78),(948,3,'2B9O4',2,30.68),(948,4,'PECV/YN',2,38.95),(948,5,'0MP0_M',3,60.16),(948,6,'VWOAA5CK',0,0.97),(949,1,'19-ZH',8,185.05),(949,2,'XWJ3M848S',6,108.95),(949,3,'Z_WFC93-',6,137.91),(949,4,'_GX2QDDUKIG',6,65.77),(949,5,'7B7DUJ',8,124.32),(949,6,'8M5UZ/',11,169.25),(949,7,'M6VR-',5,108.64),(949,8,'031O36F6ZYM',1,19.89),(949,9,'6ZHNY7I_Q',1,12.51),(949,10,'NF43E',0,1.17),(949,11,'Z0XZL',0,7.03),(950,1,'0O4MKPM7V',3,54.17),(950,2,'NOLTGD',16,272.35),(950,3,'M7K9F6',7,149.12),(951,1,'SRW2P-',4,109.79),(951,2,'JXZO-59R',9,130.89),(951,3,'6Y7XMO',3,63.69),(951,4,'C9D53',3,62.83),(951,5,'EFM-15CUOE1',2,31.53),(951,6,'IV/U/IBW',1,12.83),(951,7,'8M5UZ/',5,76.49),(951,8,'JK3JIKFQPW',0,3.45),(952,1,'57E1XJ3ZU',1,19.31),(952,2,'LVJY1U87R',9,156.63),(952,3,'AVH1Y6L228',6,84.20),(952,4,'B-RM878KO',1,22.10),(952,5,'QK_SS56U61',3,54.89),(952,6,'OPYWQA',4,68.10),(952,7,'84QB/N',3,71.68),(952,8,'-KU7EDA-TG2',0,7.42),(952,9,'S/ZRAS',1,26.61),(952,10,'GIPWJ62ZQA0',21,341.36),(952,11,'CGL0I56O',3,73.38),(952,12,'PZLGPSTO',6,112.82),(952,13,'J4727J5',0,4.61),(953,1,'8-9EHYHR',1,29.14),(953,2,'8VPNJSEEPHT',0,3.72),(953,3,'031O36F6ZYM',1,17.01),(953,4,'VD6TF3OK',3,52.94),(953,5,'DV0BWXX//0N',0,5.85),(953,6,'F89XCO89J',0,7.94),(953,7,'YD1/MHO4YLI',13,298.20),(954,1,'4YYGYVAE',3,62.19),(954,2,'R0FYM2-MN',1,24.79),(954,3,'XWJ3M848S',0,7.91),(955,1,'Y_B6N1',0,0.53),(955,2,'5VL/HP',3,37.41),(955,3,'N683TT4IB',10,204.74),(955,4,'GIPWJ62ZQA0',7,114.91),(955,5,'6SYF-1I',6,128.73),(955,6,'8N4OW',1,20.92),(955,7,'3G8H8U',5,101.44),(955,8,'IL9B3C5NZ8V',0,5.90),(955,9,'1GN1X12Y',1,11.25),(955,10,'LW457K_',5,117.60),(956,1,'2BKRN1SKCC',5,111.20),(956,2,'2BKRN1SKCC',3,78.50),(956,3,'I8DNU',2,34.69),(956,4,'O3W6FVCR_7',7,100.64),(956,5,'3EA9AJOA8C',1,12.55),(956,6,'ES9_IUUY',1,12.83),(956,7,'U5A3PZ9F1/',7,136.84),(957,1,'3B6YGH--B',1,18.77),(957,2,'XTSY073EM',7,148.36),(957,3,'Q3YHOTI66',7,118.91),(957,4,'1S411',0,1.00),(957,5,'_GX2QDDUKIG',0,9.49),(958,1,'81P-I9',1,17.30),(958,2,'NGDSJ9ZXL_',1,25.90),(958,3,'N683TT4IB',11,229.82),(958,4,'5111X/5M1ZS',7,140.46),(958,5,'-ZZGG',1,18.23),(958,6,'RCK96O',1,18.67),(958,7,'PXDOS-AM',9,111.42),(958,8,'IYRDC7CLOS7',0,0.22),(958,9,'OKSDHOB1_A7',2,28.64),(959,1,'OSQ71PCQMUW',1,38.80),(959,2,'IUW2M',1,19.29),(960,1,'XWJ3M848S',13,231.53),(960,2,'AD1BED',3,66.63),(960,3,'4KZCQZZY',0,4.42),(960,4,'DBZY0I_/I88',2,60.49),(960,5,'7OQBEQYKQ_',8,187.68),(960,6,'I-O9N5_J',0,0.27),(960,7,'M6VR-',1,15.35),(960,8,'3ZYWX',0,4.75),(960,9,'OPYWQA',7,117.01),(960,10,'N1U51ZB-79',1,17.97),(960,11,'V2RRKTF/',1,19.22),(961,1,'46ECI908Y',2,28.88),(961,2,'NVJ9OAO4WI0',11,208.80),(961,3,'K03_AMC-Z',19,378.90),(962,1,'H2VAOT0IMR',3,68.94),(962,2,'K/STR_X',7,117.80),(962,3,'SRG9QKL7',6,155.02),(962,4,'8M5UZ/',0,7.81),(963,1,'C/OYQQ',7,137.47),(964,1,'QLHCFCS5DH',2,45.62),(964,2,'670DJMAT',4,69.50),(964,3,'LAYW/OOEUYN',1,15.66),(964,4,'0V_QZRWE1O4',0,1.69),(964,5,'K2M0XIT_L3B',2,27.19),(964,6,'G3MZZ1',1,19.22),(964,7,'I84-J',7,135.18),(964,8,'D2K6NZ3HU',0,3.50),(964,9,'A-ER-9LA8X',7,63.34),(964,10,'Z-FBN9OPW1',14,345.03),(964,11,'5M12Z8H',5,124.83),(965,1,'19-ZH',9,136.32),(965,2,'Y6SJJ7GQ',9,226.45),(966,1,'AJPGORXO-',0,1.09),(966,2,'W-8FCFUP2',0,3.89),(966,3,'L/WEB',0,2.55),(966,4,'KA1CPD',1,14.24),(966,5,'U5A3PZ9F1/',1,23.38),(967,1,'NM07E-L',10,261.26),(967,2,'1XOLY',2,43.36),(968,1,'JYG19',2,33.92),(968,2,'5M12Z8H',5,114.70),(969,1,'M6YSF9',6,128.10),(969,2,'GL7/23',2,48.89),(970,1,'F40K1',2,43.50),(970,2,'MWMGC',14,256.54),(970,3,'K/STR_X',1,12.72),(970,4,'7OQBEQYKQ_',1,17.81),(970,5,'SWL/RLB9',0,0.76),(970,6,'6X1_P2QZ',0,4.81),(970,7,'F89XCO89J',2,43.35),(971,1,'4YYGYVAE',6,112.85),(971,2,'QE33JQA7',3,30.64),(972,1,'D_WO0YDD1_',2,37.94),(972,2,'D3UK/O',6,114.85),(972,3,'BEJ5HXQ',4,59.61),(973,1,'CKDA1VT',2,31.14),(973,2,'Y6SJJ7GQ',0,8.35),(973,3,'NKNRXUWQ-J',1,15.39),(974,1,'D_9NLUILZ_A',4,91.46),(974,2,'U5A3PZ9F1/',0,1.29),(974,3,'13_96OK6CZ',0,11.01),(974,4,'MKVRUXC',0,0.08),(975,1,'IZ15WC8EBX',5,107.52),(975,2,'MCI7_',2,42.02),(975,3,'YDLEG',3,63.19),(975,4,'LW457K_',5,107.63),(975,5,'X6LDU',2,48.16),(975,6,'JTU5_-/4BY-',11,180.65),(975,7,'ZZDDSWOM3',1,9.88),(975,8,'WW68N8I',0,0.23),(975,9,'9OQKID3WIP',2,34.18),(975,10,'YXXF7',0,3.65),(975,11,'-OPC/5VNMHB',0,7.86),(975,12,'9YO9A/-9',2,26.76),(976,1,'RQ9YGZ3PE',6,126.90),(976,2,'_TABP',2,35.23),(976,3,'46JUJWIMON',4,73.27),(976,4,'2G1ZH-BA9',0,2.73),(977,1,'I--I9JJ',11,281.38),(977,2,'09KZYM5RX',2,49.46),(977,3,'GBZ4AS44',1,32.29),(978,1,'5-S/QLUJW',8,160.15),(978,2,'Q1-4/DS',14,245.13),(979,1,'P5YB6QHS',6,112.54),(980,1,'3C1MZ--QI',5,112.95),(981,1,'OPYWQA',4,64.83),(981,2,'SYJVVQ',0,3.44),(981,3,'RQ9YGZ3PE',6,134.28),(981,4,'R0FYM2-MN',2,60.55),(981,5,'P4VX2',5,152.97),(981,6,'YXXF7',0,4.06),(981,7,'D_F2MOL',8,114.80),(981,8,'9GTB09L8//',11,191.07),(981,9,'B-RM878KO',1,13.22),(981,10,'MWMGC',2,40.35),(981,11,'0O4MKPM7V',2,40.67),(981,12,'WW68N8I',5,103.02),(981,13,'O82S1ZAEZ',1,24.11),(981,14,'4YYGYVAE',0,1.86),(981,15,'//X46J',1,24.06),(981,16,'Z/JF7OM54',2,31.86),(981,17,'46ECI908Y',13,238.80),(981,18,'NSS339-',4,51.29),(981,19,'KY4-LC6MPIH',4,71.59),(981,20,'2/4KR7T-Z/8',6,127.05),(981,21,'66/4XGYS6XU',2,33.16),(981,22,'XE92S4XMV',2,30.04),(981,23,'D3UK/O',1,28.86),(981,24,'-VGTO',4,99.45),(982,1,'K/STR_X',6,97.79),(982,2,'9TZC/BR4',0,1.55),(982,3,'OAU3HE1WQ',2,42.56),(983,1,'0MP0_M',7,121.80),(983,2,'-Q/IFQPR',2,32.66),(983,3,'EEABEFI9QDN',3,53.94),(983,4,'1O5XQP',0,0.83),(984,1,'FSCWCEEC',4,85.62),(984,2,'OMYMT',1,25.18),(984,3,'CGL0I56O',1,25.93),(984,4,'8-9EHYHR',4,77.61),(984,5,'XP_C0K',4,81.34),(985,1,'5VL/HP',1,15.79),(985,2,'NGDSJ9ZXL_',2,32.97),(985,3,'9GTB09L8//',1,10.70),(985,4,'4NW/2HVUY',2,52.99),(985,5,'ZXXVJUU8VDU',19,334.97),(985,6,'JONF6W-1R',2,24.78),(986,1,'5H268',2,36.57),(986,2,'QVJQY25',6,101.01),(986,3,'BFM2QDZR0',0,2.47),(987,1,'-XFW7RL-419',2,35.52),(987,2,'GQPUTBQ13Q',7,183.44),(987,3,'NJNHA-L5VQ',3,52.97),(987,4,'1DOV0_-',0,7.35),(987,5,'_14XB5B',2,56.78),(987,6,'CKDA1VT',0,7.51),(988,1,'ZRUGI',1,29.29),(988,2,'WMF3XH',1,31.32),(988,3,'YGVRJQCG',1,13.80),(989,1,'GRRJP',15,229.79),(989,2,'FKABF',6,98.48),(989,3,'25Y8BD5UO',0,5.31),(989,4,'Y6SJJ7GQ',2,58.17),(989,5,'0--WXEOMGI/',1,13.62),(989,6,'D/NA/',1,13.88),(990,1,'774LJAL',1,9.19),(991,1,'H-ACUF7',1,8.53),(991,2,'-JETA',2,31.28),(991,3,'BVBLMQOE1',1,12.59),(991,4,'I84-J',3,56.90),(991,5,'9N4MR',2,40.48),(991,6,'ZZDDSWOM3',0,6.31),(991,7,'NVE1QPDTGT',3,54.32),(991,8,'R_HL9',3,57.96),(992,1,'BNU49CDX59W',6,135.42),(992,2,'8QMZA8RWQ',1,12.24),(993,1,'RATOD5',4,58.21),(993,2,'VI8IZSCBC',0,5.41),(993,3,'NOLTGD',1,16.48),(994,1,'FKABF',4,57.54),(994,2,'SRG9QKL7',1,25.39),(995,1,'ORA6/UMW',10,232.36),(996,1,'M78GT2N',1,10.40),(996,2,'DS3CJ6',3,42.51),(996,3,'S/ZRAS',4,84.13),(997,1,'SDWMV',7,185.77),(997,2,'09KZYM5RX',0,9.77),(998,1,'9YO9A/-9',0,3.00),(998,2,'83_JT_RE',5,109.20),(998,3,'M78GT2N',1,7.56),(998,4,'YJYF/',2,50.30),(998,5,'1TLGY77AME',6,115.00),(998,6,'IUW2M',1,14.52),(998,7,'3C1MZ--QI',0,6.27),(998,8,'K/STR_X',1,19.79),(999,1,'I-EVD2',1,19.80),(999,2,'CGL0I56O',4,113.95),(999,3,'K/STR_X',2,14.04),(999,4,'24KP-',3,58.40),(999,5,'AXXXFYICJDT',5,84.51),(1000,1,'2G1ZH-BA9',2,48.59),(1000,2,'N683TT4IB',1,10.73),(1000,3,'B-RM878KO',6,108.64),(1000,4,'RTH3IRUT_8V',3,56.72),(1000,5,'2G1ZH-BA9',2,37.24),(1000,6,'FEEOH73',2,38.52),(1001,1,'K03_AMC-Z',0,1.11),(1001,2,'QLHCFCS5DH',2,54.47),(1002,1,'51TXZW',2,43.89),(1002,2,'RTH3IRUT_8V',2,17.21),(1002,3,'2F1-WKLGW',4,72.47),(1003,1,'M5-W/Y8',2,35.88),(1003,2,'CSKBU',0,1.05),(1003,3,'F_Y06Y-VY',2,47.69),(1003,4,'KVFNS9',1,17.78),(1004,1,'D/RINAK2',6,140.85),(1004,2,'UQH-S1OPY8_',6,106.08),(1004,3,'VI8IZSCBC',1,23.75),(1004,4,'24KP-',0,1.55),(1004,5,'-ZZGG',1,24.12),(1005,1,'5-FCDBRCR',0,2.86),(1005,2,'7TO913369',6,133.86),(1005,3,'81P-I9',2,24.39),(1005,4,'6ZHNY7I_Q',2,39.75),(1006,1,'V2RRKTF/',5,111.81),(1007,1,'JYDEQE5',1,18.94),(1007,2,'XWJ3M848S',3,47.20),(1008,1,'5V_FMLWFX',11,287.19),(1008,2,'D/NA/',7,158.42),(1008,3,'QJRX_R6OM',1,23.56),(1008,4,'Q8DTY',1,16.64),(1008,5,'9YO9A/-9',7,124.66),(1008,6,'OPYWQA',2,25.84),(1009,1,'V4VF_DI94',9,209.37),(1009,2,'QE33JQA7',1,20.90),(1009,3,'1N26DI',0,9.80),(1009,4,'V4VF_DI94',0,8.60),(1009,5,'JSB4B4',3,52.28),(1009,6,'PECV/YN',2,50.48),(1009,7,'-X8DT36W',1,22.96),(1009,8,'VD6TF3OK',5,97.65),(1010,1,'G-STM-7',3,64.92),(1010,2,'L00/KC',4,98.60),(1010,3,'O5QCZWZ30N',3,49.58),(1010,4,'LMMC67',2,38.98),(1011,1,'BMP1UX/',5,122.14),(1011,2,'SRG9QKL7',1,33.54),(1012,1,'9GTB09L8//',12,206.28),(1012,2,'OQWZUD3MH3J',0,9.65),(1013,1,'O/Q1XODG/',0,2.25),(1013,2,'OAU3HE1WQ',0,4.75),(1014,1,'GI8Z/80P7',1,13.32),(1015,1,'KA1CPD',1,17.52),(1015,2,'1TLGY77AME',1,18.51),(1016,1,'U2IT3DIS8',2,43.45),(1016,2,'FEEOH73',2,37.52),(1016,3,'6-64OKE-P',0,2.87),(1016,4,'DX4PCC',2,16.48),(1016,5,'OWDUG',5,86.48),(1016,6,'7TI8DUFJ6IL',12,240.16),(1017,1,'S/ZRAS',4,77.57),(1017,2,'5-FCDBRCR',1,30.94),(1017,3,'YUWYCZFK5',8,141.78),(1017,4,'CRA9_40M_',1,26.88),(1017,5,'6X9154W0GEG',2,27.63),(1017,6,'BV4AP',0,2.92),(1017,7,'PZLGPSTO',1,21.44),(1017,8,'JYDEQE5',0,2.59),(1017,9,'7YG4A4',2,58.97),(1017,10,'2Z589M2GMLQ',3,66.38),(1017,11,'OPYWQA',4,22.62),(1017,12,'8-9EHYHR',0,8.37),(1017,13,'FEEOH73',0,1.07),(1017,14,'WO62N4VJ',3,65.70),(1017,15,'DNFVHEIS0/V',0,9.52),(1017,16,'0L/ZY3OP5AS',2,48.32),(1017,17,'BEJ5HXQ',1,23.27),(1017,18,'VWOAA5CK',3,35.71),(1017,19,'ZVNGYU',11,200.71),(1017,20,'FKABF',8,128.76),(1017,21,'DBZY0I_/I88',14,350.50),(1017,22,'WB2U_A8',9,199.21),(1018,1,'_FPOGPFT7',2,46.26),(1018,2,'GIPWJ62ZQA0',2,32.74),(1019,1,'W7AYGAA-L',5,88.04),(1019,2,'Z/JF7OM54',1,17.53),(1019,3,'NGWRIOW',1,20.43),(1020,1,'V7B6FIK',5,101.00),(1020,2,'AJGC_14',3,40.35),(1020,3,'UZ88_T',3,58.58),(1020,4,'OMYMT',5,128.03),(1020,5,'DYOK8',3,87.01),(1020,6,'8PRW/8MS',0,2.89),(1020,7,'VI8IZSCBC',7,181.94),(1020,8,'NM07E-L',10,246.19),(1020,9,'MWMGC',3,49.87),(1020,10,'LJDVWYE',3,37.16),(1020,11,'D_WO0YDD1_',2,50.30),(1020,12,'OSQ71PCQMUW',1,14.90),(1020,13,'N_8MID',1,13.79),(1020,14,'SRW2P-',1,17.11),(1020,15,'3/2XCNQI',2,53.27),(1020,16,'24KP-',1,23.26),(1021,1,'M78GT2N',1,16.51),(1021,2,'9YO9A/-9',2,26.00),(1021,3,'G-T70U',3,56.84),(1021,4,'CGL0I56O',0,1.31),(1021,5,'G_2F6AM7X2',4,49.68),(1021,6,'M5-W/Y8',4,34.90),(1021,7,'D2K6NZ3HU',1,19.16),(1021,8,'LVJY1U87R',1,21.91),(1022,1,'8ZA8P1',3,81.40),(1022,2,'3OFEN/I',3,57.07),(1022,3,'6ZHNY7I_Q',5,100.67),(1022,4,'-ZZGG',0,7.94),(1023,1,'/XYAP8',1,15.74),(1023,2,'57CYGS03G',26,417.06),(1023,3,'0PGK6DY',0,9.52),(1023,4,'-X8DT36W',3,71.28),(1023,5,'ZM-OJ5HW7',6,143.94),(1024,1,'VPOWDB26',1,14.67),(1024,2,'I--I9JJ',1,4.31),(1024,3,'I1V7UNRC',2,34.64),(1024,4,'19-ZH',18,361.40),(1024,5,'ZRUGI',1,20.87),(1024,6,'6-64OKE-P',5,43.47),(1024,7,'7A9CMU',2,32.29),(1024,8,'QVJQY25',0,5.73),(1024,9,'8QMZA8RWQ',1,29.48),(1024,10,'2Z589M2GMLQ',2,55.33),(1024,11,'1S411',8,211.50),(1025,1,'ZRUGI',7,110.45),(1025,2,'670DJMAT',1,30.16),(1025,3,'WMF3XH',6,147.72),(1026,1,'8QB9GX3QGS',4,85.32),(1026,2,'WW68N8I',5,91.80),(1027,1,'IYRDC7CLOS7',6,105.32),(1028,1,'P1RPX50',4,63.90),(1028,2,'8N4OW',1,33.03),(1028,3,'-Q/IFQPR',1,16.87),(1028,4,'ZM-OJ5HW7',13,293.35),(1028,5,'X417A0PY',4,70.19),(1028,6,'I84-J',6,102.51),(1029,1,'0MP0_M',1,11.58),(1029,2,'87KC1OQ7',4,76.18),(1030,1,'PIZYO_RLNKF',7,132.92),(1030,2,'O5QCZWZ30N',7,124.36),(1031,1,'JQ6YF6',4,89.23),(1031,2,'LL0E3GA4X',18,363.98),(1031,3,'3OFEN/I',14,288.66),(1031,4,'EMCLW1QNKNZ',4,89.24),(1032,1,'3U38F5/R',1,26.08),(1032,2,'M7K9F6',9,199.31),(1032,3,'OAU3HE1WQ',1,26.48),(1032,4,'R_HL9',3,52.94),(1032,5,'Y_B6N1',0,2.00),(1032,6,'OMYMT',7,167.83),(1032,7,'A3W4VD2Z/_',6,87.54),(1032,8,'EUYNKC2NZ',3,67.64),(1032,9,'NF43E',3,70.10),(1032,10,'QJRX_R6OM',2,46.76),(1032,11,'YD1/MHO4YLI',2,36.83),(1033,1,'7B7DUJ',6,91.38),(1033,2,'0MKOF288VQ',10,238.61),(1033,3,'7-BOZBA7',5,72.94),(1034,1,'7G2OHF',4,86.30),(1034,2,'E/768',0,9.84),(1034,3,'EFM-15CUOE1',7,137.08),(1034,4,'O68DJ',2,37.32),(1034,5,'G-T70U',1,13.49),(1034,6,'W7AYGAA-L',1,9.27),(1034,7,'0MKOF288VQ',14,357.56),(1034,8,'CRA9_40M_',1,22.11),(1034,9,'1N26DI',1,35.85),(1034,10,'UKEYB62A/IS',2,37.45),(1034,11,'5IV9GK',3,71.32),(1034,12,'58MCZW460O',1,32.59),(1034,13,'I1V7UNRC',2,41.61),(1034,14,'1FNB-',0,4.72),(1034,15,'L7FKK0KN0QV',1,11.90),(1035,1,'XP_C0K',5,107.69),(1035,2,'I-O9N5_J',2,30.07),(1035,3,'MOC0V',3,55.16),(1036,1,'7VQ-DBYJ4M',0,1.56),(1036,2,'EEABEFI9QDN',6,131.27),(1036,3,'57CYGS03G',6,89.40),(1036,4,'XT22D390A-',6,126.47),(1036,5,'GI8Z/80P7',1,11.17),(1036,6,'IYRDC7CLOS7',8,152.92),(1036,7,'13_96OK6CZ',1,33.94),(1036,8,'V7B6FIK',0,1.08),(1037,1,'HYTRD',4,70.35),(1037,2,'8PRW/8MS',1,21.68),(1037,3,'2BKRN1SKCC',1,16.16),(1037,4,'GM/R4/1Q',2,34.65),(1037,5,'CBU0K9C_71L',2,45.50),(1037,6,'6SYF-1I',3,41.58),(1037,7,'EUYNKC2NZ',5,96.91),(1037,8,'TK2NRK8TZA',1,28.32),(1037,9,'78E33-BRW2',1,11.37),(1037,10,'RTH3IRUT_8V',4,71.10),(1037,11,'G_2F6AM7X2',2,33.48),(1037,12,'81P-I9',3,48.04),(1037,13,'TC0GUIAWP',6,64.35),(1037,14,'4YYGYVAE',3,60.48),(1037,15,'IYRDC7CLOS7',8,142.41),(1037,16,'3C1MZ--QI',3,46.46),(1037,17,'TLCHG2H',7,117.63),(1038,1,'RCK96O',4,74.77),(1038,2,'1GN1X12Y',3,53.41),(1039,1,'8-9EHYHR',1,22.65),(1039,2,'P1RPX50',1,22.21),(1039,3,'6Y7XMO',1,17.92),(1039,4,'XO29ZV-L',2,45.04),(1040,1,'XG2GU78E2_1',0,0.35),(1040,2,'V2RRKTF/',8,169.34),(1040,3,'KRGFTOYT8I',3,46.74),(1040,4,'O68DJ',3,52.20),(1040,5,'HN2YN0DLY1',1,13.78),(1040,6,'0L/ZY3OP5AS',0,6.40),(1041,1,'_FPOGPFT7',2,51.20),(1041,2,'_GX2QDDUKIG',0,8.65),(1041,3,'P4VX2',1,20.44),(1041,4,'K0QWSUQL',0,2.26),(1041,5,'XW2P8TF2WMK',1,6.36),(1041,6,'V2RRKTF/',2,54.69),(1041,7,'G-STM-7',14,256.82),(1041,8,'J1NK8WLEQXV',2,31.61),(1041,9,'M7K9F6',1,22.16),(1041,10,'HN2YN0DLY1',1,28.60),(1041,11,'F-FOVYVW',2,17.08),(1042,1,'M6VR-',0,4.90),(1042,2,'GRRJP',6,47.79),(1042,3,'YXXF7',4,90.74),(1042,4,'ZM-OJ5HW7',3,75.68),(1042,5,'TLCHG2H',0,0.41),(1042,6,'_1-QAAJ4J',3,56.39),(1042,7,'KFQZMI',2,49.23),(1042,8,'BV4AP',0,2.24),(1042,9,'RN3-4R',1,33.31),(1042,10,'YTY4SH_',3,59.15),(1042,11,'R5H50RGDW5',7,120.08),(1043,1,'YUNI1',2,38.65),(1043,2,'/O_KJ1UM/',14,221.07),(1043,3,'_3U5Z8NKP',3,48.54),(1044,1,'W62UL',1,11.97),(1044,2,'RCK96O',1,9.63),(1044,3,'D/NA/',3,64.53),(1045,1,'G2ZTL',1,33.96),(1045,2,'DP92CVU0',1,22.34),(1045,3,'46ECI908Y',21,372.24),(1045,4,'I87DPH25O',4,82.97),(1046,1,'VW1XNA_5IL',0,1.41),(1046,2,'G3J3PPCOFGG',1,17.83),(1046,3,'LJS4C_6E-ZF',0,12.05),(1046,4,'66/4XGYS6XU',19,338.49),(1047,1,'LJDVWYE',2,55.22),(1047,2,'83_JT_RE',5,44.75),(1048,1,'5V_FMLWFX',9,228.58),(1048,2,'QLHCFCS5DH',7,168.78),(1048,3,'IOKVAHIMI',0,3.72),(1048,4,'EYC-9CM',3,51.57),(1048,5,'I8DNU',7,151.47),(1048,6,'DV0BWXX//0N',3,68.14),(1048,7,'_GX2QDDUKIG',6,131.18),(1048,8,'1S411',1,31.18),(1049,1,'5Z3C1Q5',7,166.37),(1050,1,'R5H50RGDW5',10,178.79),(1050,2,'X87LDNMBWPP',8,177.40),(1051,1,'SDWMV',2,57.62),(1051,2,'CPM-J-VLGN',8,219.02),(1051,3,'XW2P8TF2WMK',1,11.08),(1052,1,'VI8IZSCBC',4,92.23),(1053,1,'VH_9X0ZE02',2,13.37),(1053,2,'Z_WFC93-',0,2.99),(1053,3,'GQPUTBQ13Q',1,21.97),(1053,4,'7G2OHF',0,9.08),(1053,5,'W62UL',1,23.77),(1053,6,'GI8Z/80P7',11,226.67),(1054,1,'TFH-U',1,22.46),(1054,2,'4NW/2HVUY',1,35.52),(1054,3,'1PKR_R9',6,118.00),(1055,1,'AD1BED',11,211.92),(1056,1,'Y_B6N1',2,38.14),(1056,2,'UTCT2CW',1,8.43),(1056,3,'SFK3XZ',0,6.44),(1056,4,'MOC0V',2,34.67),(1057,1,'GYD3R03V6G',0,6.59),(1057,2,'D_F2MOL',5,34.88),(1057,3,'LC7MN2SP5',3,55.30),(1058,1,'QK_SS56U61',3,55.12),(1058,2,'A7Q89LCW4',2,44.07),(1058,3,'O16NT5DYND',9,171.34),(1058,4,'K4O_O/',1,11.37),(1058,5,'W62UL',2,37.14),(1059,1,'-OPC/5VNMHB',5,123.53),(1059,2,'R4LXJHIEZ',2,51.79),(1059,3,'V7B6FIK',3,59.81),(1059,4,'K2M0XIT_L3B',8,174.47),(1059,5,'ZYNJTXAT25',1,12.76),(1059,6,'D_WO0YDD1_',1,18.31),(1060,1,'0MP0_M',1,25.83),(1061,1,'-KU7EDA-TG2',0,3.45),(1061,2,'_3U5Z8NKP',1,11.33),(1062,1,'0MP0_M',12,209.99),(1062,2,'D/RINAK2',2,53.88),(1062,3,'Z/JF7OM54',6,117.63),(1062,4,'W9_K-55/',2,55.34),(1062,5,'D6TN8E9U',9,146.84),(1062,6,'OQWZUD3MH3J',4,81.12),(1063,1,'5L/E5PNEJPM',1,22.03),(1063,2,'P5YB6QHS',2,47.02),(1063,3,'DV0BWXX//0N',7,142.90),(1063,4,'RZH6EGWK',5,96.98),(1063,5,'L00/KC',5,118.13),(1064,1,'DOTM9LM-MX',1,27.53),(1064,2,'J1NK8WLEQXV',4,82.46),(1065,1,'V-FJ9-2',2,45.44),(1065,2,'OJ3EK',5,51.28),(1065,3,'N1U51ZB-79',2,43.81),(1065,4,'2BKRN1SKCC',4,81.73),(1065,5,'MCI7_',1,19.02),(1065,6,'9YO9A/-9',1,10.80),(1065,7,'KW7PU/O',0,2.77),(1065,8,'TK2NRK8TZA',4,86.81),(1065,9,'1S411',1,23.45),(1065,10,'U5A3PZ9F1/',1,18.50),(1065,11,'K/STR_X',5,82.73),(1065,12,'Z-FBN9OPW1',0,11.15),(1065,13,'AY52TT_Y',1,5.33),(1065,14,'7TO913369',0,5.60),(1065,15,'4NW/2HVUY',15,397.47),(1065,16,'5L/E5PNEJPM',4,68.35),(1065,17,'4D30FBACB',1,18.09),(1066,1,'K_0RI',1,13.42),(1066,2,'8UMAI44Q16G',0,1.29),(1066,3,'84QB/N',2,37.63),(1067,1,'Z/JF7OM54',0,8.70),(1067,2,'/O_KJ1UM/',7,112.00),(1067,3,'YUWYCZFK5',1,13.01),(1068,1,'WI/N8G',1,15.18),(1068,2,'45DPSL6/4',13,206.00),(1068,3,'QQWYR-3',4,60.12),(1068,4,'5-FCDBRCR',0,9.72),(1069,1,'TQXXT0Z42X',4,70.09),(1070,1,'IOKVAHIMI',0,7.58),(1070,2,'ZGDNWL',1,10.11),(1070,3,'K_0RI',0,5.78),(1070,4,'-XFW7RL-419',1,17.91),(1070,5,'8QMZA8RWQ',4,87.75),(1071,1,'BEJ5HXQ',0,5.17),(1071,2,'57CYGS03G',7,96.87),(1071,3,'3G8H8U',2,34.40),(1071,4,'14R4IMYCRI',7,139.54),(1071,5,'G_2F6AM7X2',3,39.72),(1071,6,'19-ZH',5,109.04),(1071,7,'7VQ-DBYJ4M',12,211.35),(1072,1,'BV4AP',1,25.81),(1073,1,'N683TT4IB',1,14.43),(1073,2,'WO62N4VJ',18,389.68),(1073,3,'-OPC/5VNMHB',6,133.00),(1073,4,'YJYF/',2,32.14),(1073,5,'Q/KZZ59',2,29.00),(1073,6,'RTH3IRUT_8V',4,75.35),(1073,7,'XG2GU78E2_1',3,68.53),(1073,8,'O2T0RF9M',3,62.69),(1073,9,'IV/U/IBW',4,80.54),(1073,10,'VWOAA5CK',3,34.23),(1073,11,'VH_9X0ZE02',4,84.48),(1073,12,'7VQ-DBYJ4M',1,5.66),(1073,13,'K4O_O/',1,16.41),(1074,1,'A3W4VD2Z/_',2,24.96),(1074,2,'P5YB6QHS',1,18.93),(1074,3,'NVE1QPDTGT',4,78.85),(1074,4,'V1T5D',1,18.87),(1075,1,'//X46J',1,17.94),(1075,2,'C1_T1S6KK6',1,20.90),(1075,3,'DX4PCC',2,41.50),(1075,4,'OJ3EK',3,54.21),(1075,5,'J_GZU60XV',1,21.27),(1075,6,'ZXXVJUU8VDU',0,3.34),(1075,7,'0WW6JLOO',0,5.77),(1075,8,'ORA6/UMW',0,6.20),(1075,9,'WW68N8I',1,23.15),(1075,10,'EMCLW1QNKNZ',6,154.11),(1076,1,'O16NT5DYND',1,20.64),(1076,2,'M5-W/Y8',4,81.85),(1076,3,'5M12Z8H',10,243.76),(1077,1,'3K_15',4,87.01),(1077,2,'I1V7UNRC',1,10.70),(1077,3,'GRRJP',0,4.68),(1078,1,'QLHCFCS5DH',7,173.85),(1078,2,'RATOD5',1,22.45),(1079,1,'NGWRIOW',0,6.40),(1079,2,'STHK0N3IM',0,6.28),(1079,3,'8UMAI44Q16G',2,40.12),(1079,4,'VH_9X0ZE02',1,28.10),(1079,5,'SWOND/',1,24.61),(1080,1,'D_F2MOL',3,47.44),(1080,2,'DD0/1_K',2,41.11),(1081,1,'F40K1',7,139.24),(1081,2,'PZLGPSTO',1,28.49),(1081,3,'O6UPJKQP0',1,19.90),(1081,4,'7826F5',7,154.94),(1081,5,'NVJ9OAO4WI0',2,31.80),(1082,1,'G-T70U',0,2.50),(1083,1,'X417A0PY',4,75.41),(1083,2,'Z2J4PC',0,1.55),(1083,3,'QQWYR-3',6,91.98),(1083,4,'QVZX_U17/E',1,7.29),(1083,5,'_14XB5B',3,67.80),(1083,6,'ABT3R0',5,96.40),(1084,1,'_I9Z5O6B',2,33.96),(1084,2,'LVJY1U87R',3,43.91),(1085,1,'87KC1OQ7',0,2.36),(1085,2,'OWDUG',0,1.41),(1085,3,'QT50ASKSDH1',1,6.57),(1085,4,'X_X61CXHVD',2,45.02),(1086,1,'SYJVVQ',6,98.09),(1086,2,'I_JKWDXB',4,66.65),(1086,3,'KJ8GJOT',2,42.14),(1086,4,'7826F5',0,7.18),(1086,5,'I-EVD2',11,267.57),(1087,1,'N19_MPRF0Z6',3,45.48),(1087,2,'5V_FMLWFX',26,692.60),(1087,3,'F_Y06Y-VY',1,32.30),(1088,1,'OI1MX5ODP',4,70.16),(1088,2,'-OPC/5VNMHB',0,7.35),(1089,1,'PIZYO_RLNKF',0,3.22),(1089,2,'L/WEB',0,2.49),(1089,3,'7YG4A4',2,50.66),(1089,4,'KRGFTOYT8I',1,25.28),(1089,5,'PY0CCMXZU',5,34.02),(1089,6,'G3J3PPCOFGG',8,145.76),(1090,1,'3EA9AJOA8C',1,16.38),(1090,2,'DNFVHEIS0/V',23,561.34),(1090,3,'KOET-6',8,201.58),(1090,4,'S/ZRAS',11,201.50),(1091,1,'S-FEKR0FI',6,122.96),(1091,2,'6X9154W0GEG',0,7.39),(1092,1,'W7AYGAA-L',5,79.91),(1092,2,'5111X/5M1ZS',4,83.08),(1092,3,'PY0CCMXZU',1,12.84),(1092,4,'57E1XJ3ZU',2,34.41),(1092,5,'KFQZMI',8,226.41),(1093,1,'_14XB5B',4,110.27),(1093,2,'ZXXVJUU8VDU',1,17.09),(1093,3,'I1V7UNRC',2,45.03),(1093,4,'XO29ZV-L',1,15.37),(1093,5,'U2IT3DIS8',2,51.97),(1093,6,'FSCWCEEC',2,38.01),(1093,7,'E016Y/3GM',1,24.06),(1093,8,'2B9O4',2,39.62),(1093,9,'G3J3PPCOFGG',0,6.52),(1093,10,'GBZ4AS44',2,45.07),(1093,11,'S-UKU8-SPMK',2,37.05),(1093,12,'1OWYEO3',2,29.73),(1093,13,'4B73MPNA',6,111.49),(1093,14,'8ZA8P1',3,70.32),(1093,15,'K4O_O/',1,9.55),(1094,1,'C24-U8XIA8M',2,35.71),(1094,2,'Q1-4/DS',2,41.47),(1094,3,'LR04SW3Z9',0,9.42),(1095,1,'OPYWQA',1,11.27),(1095,2,'BMP1UX/',4,104.48),(1096,1,'NKNRXUWQ-J',2,51.91),(1096,2,'_GX2QDDUKIG',7,153.75),(1096,3,'OJ3EK',1,14.97),(1096,4,'J1NK8WLEQXV',0,4.82),(1096,5,'Z_WFC93-',1,25.52),(1096,6,'P1QI73-9XQH',2,27.20),(1096,7,'670DJMAT',3,73.63),(1096,8,'O6UPJKQP0',6,133.17),(1097,1,'LMMC67',4,79.74),(1098,1,'8VPNJSEEPHT',3,60.80),(1098,2,'B-ZHGU/-2',2,51.49),(1098,3,'N1U51ZB-79',0,1.16),(1099,1,'PXDOS-AM',0,2.02),(1099,2,'I87DPH25O',4,92.82),(1099,3,'2F1-WKLGW',3,53.28),(1099,4,'SRG9QKL7',3,91.06),(1099,5,'36S8ZZVQ5F',0,1.72),(1100,1,'CKDA1VT',2,31.75),(1100,2,'K/STR_X',2,40.76),(1100,3,'ZWLOTJW58S',9,157.06),(1100,4,'F89XCO89J',9,200.19),(1101,1,'KA1CPD',1,20.12),(1101,2,'K/STR_X',0,3.84),(1101,3,'45DPSL6/4',8,75.04),(1101,4,'NKNRXUWQ-J',0,0.45),(1102,1,'S/ZRAS',0,1.22),(1103,1,'OSQ71PCQMUW',4,95.92),(1103,2,'9RVWP',3,52.23),(1103,3,'QVZX_U17/E',1,20.65),(1103,4,'7BLPGYE',9,177.98),(1104,1,'7VQ-DBYJ4M',3,45.59),(1104,2,'ZWLOTJW58S',6,112.78),(1104,3,'Z2J4PC',9,135.40),(1104,4,'ELV38K5X',0,5.86),(1105,1,'OAU3HE1WQ',3,48.32),(1105,2,'CKDA1VT',0,6.45),(1105,3,'7QBY7ZJKQ',2,40.44),(1105,4,'GI8Z/80P7',8,168.42),(1105,5,'X03XWUZ46BX',1,22.61),(1105,6,'LL0E3GA4X',3,59.81),(1105,7,'JQH9FVIO',6,162.08),(1105,8,'STHK0N3IM',3,59.98),(1105,9,'PTN7/',1,16.50),(1105,10,'44KF_79',1,14.32),(1105,11,'RXJ5DGY2U',2,36.29),(1105,12,'GU1LC6YTWB',10,220.18),(1105,13,'6/VCB6A2',5,102.68),(1105,14,'V4VF_DI94',8,173.73),(1105,15,'XT22D390A-',6,122.21),(1105,16,'YDLEG',3,29.58),(1105,17,'D3UK/O',4,71.47),(1105,18,'JK3JIKFQPW',7,128.39),(1105,19,'/HQ71C3NC9A',4,56.73),(1105,20,'BMP1UX/',0,4.23),(1105,21,'58MCZW460O',0,3.11),(1105,22,'9N4MR',4,68.76),(1105,23,'KY4-LC6MPIH',6,117.86),(1105,24,'_FPOGPFT7',10,184.56),(1105,25,'N1U51ZB-79',5,102.75),(1105,26,'BV4AP',11,194.30),(1105,27,'DNFVHEIS0/V',3,80.48),(1105,28,'LA6TY8Y',2,34.04),(1105,29,'IL9B3C5NZ8V',4,67.11),(1105,30,'7QBY7ZJKQ',2,45.67),(1105,31,'XO29ZV-L',2,49.49),(1105,32,'4B73MPNA',1,10.28),(1105,33,'_GX2QDDUKIG',7,102.24),(1106,1,'7826F5',4,80.08),(1106,2,'M78GT2N',9,136.91),(1106,3,'Z5CSKRY',4,132.98),(1106,4,'KRGFTOYT8I',3,53.43),(1107,1,'MOC0V',2,34.23),(1107,2,'X87LDNMBWPP',3,53.83),(1108,1,'0--WXEOMGI/',4,81.66),(1108,2,'L00/KC',6,157.86),(1108,3,'51TXZW',0,4.80),(1108,4,'0V_QZRWE1O4',6,126.16),(1108,5,'OMYMT',10,103.18),(1109,1,'7826F5',7,150.07),(1109,2,'YUWYCZFK5',1,12.89),(1109,3,'8EPZ3H-DY',1,21.75),(1110,1,'MWMGC',5,91.40),(1110,2,'0U8S/B',2,50.07),(1110,3,'84QB/N',4,91.94),(1110,4,'9GTB09L8//',0,6.12),(1110,5,'7A9CMU',1,10.21),(1110,6,'NL-5PI',3,31.69),(1110,7,'57E1XJ3ZU',3,59.40),(1110,8,'N683TT4IB',0,0.71),(1110,9,'PIZYO_RLNKF',0,2.22),(1110,10,'U2IT3DIS8',4,102.58),(1110,11,'I84-J',2,43.68),(1110,12,'IYRDC7CLOS7',1,10.07),(1110,13,'031O36F6ZYM',1,11.02),(1111,1,'8QMZA8RWQ',3,74.81),(1111,2,'4D30FBACB',8,160.72),(1111,3,'1S411',3,79.32),(1111,4,'7BLPGYE',5,85.87),(1111,5,'_1-QAAJ4J',4,80.95),(1111,6,'GM/R4/1Q',5,88.81),(1111,7,'UZ88_T',0,1.46),(1111,8,'NF43E',4,94.87),(1111,9,'CRA9_40M_',0,3.79),(1111,10,'1XOLY',6,119.17),(1111,11,'GYD3R03V6G',4,111.65),(1111,12,'0MP0_M',4,78.10),(1111,13,'7G2OHF',15,330.94),(1111,14,'N19_MPRF0Z6',3,27.87),(1111,15,'RCK96O',5,88.98),(1111,16,'DCGCMW',6,130.78),(1111,17,'TY1MP',11,253.35),(1111,18,'NKNRXUWQ-J',2,62.55),(1111,19,'I_JKWDXB',8,133.61),(1111,20,'QQWYR-3',1,18.82),(1111,21,'SM3OB0EV32',1,21.21),(1111,22,'O2T0RF9M',1,13.10),(1112,1,'C/OYQQ',5,96.89),(1112,2,'BNU49CDX59W',6,121.45),(1112,3,'DJ5I5',7,140.67),(1112,4,'V2RRKTF/',12,269.53),(1112,5,'E/768',1,18.98),(1113,1,'8UMAI44Q16G',0,3.19),(1113,2,'1TLGY77AME',6,114.61),(1113,3,'LL0E3GA4X',3,58.12),(1113,4,'VWOAA5CK',2,22.14),(1113,5,'1N26DI',1,30.51),(1113,6,'ZRUGI',0,6.46),(1113,7,'8VPNJSEEPHT',8,175.17),(1114,1,'3K_15',5,120.53),(1114,2,'STHK0N3IM',5,85.46),(1115,1,'FSCWCEEC',4,84.17),(1115,2,'S-FEKR0FI',5,102.20),(1116,1,'E/768',1,23.40),(1116,2,'81P-I9',4,57.79),(1116,3,'FKABF',2,31.27),(1116,4,'P4VX2',0,14.46),(1116,5,'6-64OKE-P',6,78.82),(1116,6,'-JETA',0,6.80),(1116,7,'/2TUN',4,82.45),(1116,8,'KRGFTOYT8I',4,68.74),(1116,9,'P4VX2',1,31.31),(1116,10,'JYG19',1,11.31),(1116,11,'BEJ5HXQ',1,11.59),(1116,12,'1N26DI',4,113.47),(1116,13,'-4YHGX34Z',1,17.53),(1116,14,'VWOAA5CK',4,49.89),(1116,15,'NKNRXUWQ-J',0,10.62),(1116,16,'R0FYM2-MN',14,341.21),(1116,17,'SWL/RLB9',3,58.05),(1116,18,'LC7MN2SP5',7,155.53),(1116,19,'D2K6NZ3HU',1,12.85),(1116,20,'A-ER-9LA8X',2,47.40),(1116,21,'7OQBEQYKQ_',1,33.40),(1116,22,'-XFW7RL-419',0,1.20),(1116,23,'1G5XVKNPFN',15,139.96),(1116,24,'1GN1X12Y',7,139.01),(1116,25,'0M65/',13,275.21),(1117,1,'_3U5Z8NKP',2,17.42),(1117,2,'IOKVAHIMI',14,236.20),(1118,1,'OJ3EK',0,2.20),(1118,2,'J-Y53HO',2,30.41),(1118,3,'YTY4SH_',1,20.00),(1119,1,'OAU3HE1WQ',8,156.36),(1119,2,'N19_MPRF0Z6',2,29.67),(1120,1,'NKNRXUWQ-J',5,102.37),(1120,2,'L/WEB',0,2.39),(1120,3,'6Y7XMO',8,160.99),(1120,4,'0O4MKPM7V',3,63.59),(1121,1,'7OQBEQYKQ_',2,41.09),(1121,2,'GL7/23',1,15.50),(1121,3,'L00/KC',7,179.21),(1122,1,'IZ15WC8EBX',1,27.48),(1123,1,'0--WXEOMGI/',8,163.52),(1123,2,'8ZA8P1',0,0.89),(1123,3,'9YO9A/-9',2,36.58),(1124,1,'MEJPPB',3,50.14),(1124,2,'2URHXCSN_G/',6,101.12),(1124,3,'BVBLMQOE1',2,30.03),(1124,4,'D5/5J',3,51.19),(1124,5,'DP92CVU0',4,80.90),(1124,6,'XLDXFPNF',5,81.80),(1124,7,'78E33-BRW2',7,122.49),(1125,1,'7-BOZBA7',2,26.28),(1125,2,'Y6SJJ7GQ',1,23.66),(1125,3,'6X1_P2QZ',15,261.37),(1126,1,'0V_QZRWE1O4',4,85.28),(1126,2,'QK_SS56U61',4,53.35),(1126,3,'_TABP',3,46.41),(1127,1,'0L/ZY3OP5AS',3,25.91),(1127,2,'XGGWGMH_F',1,23.06),(1127,3,'3SO7HE/JMLB',1,22.03),(1127,4,'ES9_IUUY',14,241.27),(1128,1,'DR6L23S__',2,48.94),(1128,2,'-4YHGX34Z',4,67.94),(1128,3,'2GJUEL4',8,167.81),(1128,4,'6X1_P2QZ',2,43.90),(1129,1,'Q1-4/DS',1,19.76),(1129,2,'0V_QZRWE1O4',7,164.08),(1129,3,'AJGC_14',2,30.88),(1129,4,'K0QWSUQL',3,80.97),(1130,1,'QQWYR-3',2,37.28),(1130,2,'7OQBEQYKQ_',14,355.76),(1130,3,'XGGWGMH_F',2,22.27),(1131,1,'5V_FMLWFX',18,473.20),(1131,2,'YD1/MHO4YLI',4,99.70),(1131,3,'XE92S4XMV',5,88.46),(1132,1,'FSCWCEEC',2,41.58),(1132,2,'LR04SW3Z9',3,53.18),(1132,3,'LY8WW9-0T6',1,18.21),(1132,4,'VD6TF3OK',1,23.34),(1132,5,'NL-5PI',8,113.26),(1132,6,'Y_B6N1',17,396.53),(1132,7,'BVBLMQOE1',1,24.10),(1133,1,'5-S/QLUJW',0,5.14),(1133,2,'CPM-J-VLGN',0,7.70),(1133,3,'ELV38K5X',1,30.28),(1134,1,'BVBLMQOE1',5,39.28),(1134,2,'8S_21TXUQO3',1,5.60),(1134,3,'QVZX_U17/E',1,26.93),(1134,4,'AY52TT_Y',4,77.79),(1134,5,'K/STR_X',2,42.31),(1134,6,'8QMZA8RWQ',5,94.20),(1135,1,'XG2GU78E2_1',2,35.98),(1135,2,'1TLGY77AME',4,66.11),(1136,1,'2CNEU2THPHM',3,59.04),(1136,2,'V1T5D',2,37.49),(1136,3,'8-9EHYHR',3,61.77),(1137,1,'W7AYGAA-L',3,60.98),(1138,1,'4B73MPNA',0,3.13),(1138,2,'0WW6JLOO',10,182.25),(1138,3,'BEJ5HXQ',3,49.55),(1139,1,'13_96OK6CZ',4,88.71),(1139,2,'_GX2QDDUKIG',2,45.07),(1140,1,'RZH6EGWK',2,34.09),(1140,2,'DJ5I5',0,10.36),(1141,1,'L7FKK0KN0QV',4,79.36),(1141,2,'E016Y/3GM',3,67.94),(1141,3,'M7K9F6',3,61.67),(1141,4,'WMF3XH',8,125.63),(1141,5,'35B84EA3U',1,17.27),(1141,6,'19-ZH',1,15.71),(1141,7,'W7AYGAA-L',2,40.77),(1142,1,'7B7DUJ',5,74.85),(1142,2,'4JOVE9-_XK',3,80.21),(1142,3,'K_0RI',2,44.83),(1142,4,'4D30FBACB',2,37.13),(1142,5,'BV4AP',0,8.95),(1143,1,'FVIPWP',1,21.75),(1144,1,'7VQ-DBYJ4M',2,44.52),(1144,2,'TY1MP',0,8.65),(1144,3,'4NW/2HVUY',2,52.13),(1144,4,'X6LDU',2,55.98),(1144,5,'-Q/IFQPR',3,47.90),(1145,1,'0--WXEOMGI/',4,70.47),(1145,2,'X_E5F82V68',1,30.48),(1146,1,'DBZY0I_/I88',0,5.52),(1147,1,'D2K6NZ3HU',1,13.54),(1147,2,'OMYMT',6,152.42),(1147,3,'QVJQY25',17,303.15),(1147,4,'9GTB09L8//',3,41.65),(1148,1,'1S411',2,42.46),(1148,2,'ABT3R0',3,54.00),(1148,3,'19-ZH',4,87.18),(1148,4,'YDLEG',6,145.27),(1148,5,'KRGFTOYT8I',3,56.54),(1149,1,'C24-U8XIA8M',6,117.73),(1149,2,'_TL3ZFW/',2,19.39),(1149,3,'KY4-LC6MPIH',8,148.21),(1150,1,'WMF3XH',6,164.20),(1151,1,'_TABP',2,32.84),(1151,2,'I-EVD2',0,2.72),(1151,3,'F89XCO89J',2,54.50),(1151,4,'1TLGY77AME',1,22.91),(1151,5,'CGL0I56O',1,12.69),(1151,6,'KW7PU/O',0,0.63),(1151,7,'IL9B3C5NZ8V',1,16.46),(1151,8,'1N26DI',4,112.43),(1151,9,'XWJ3M848S',0,3.19),(1151,10,'7-BOZBA7',0,1.82),(1151,11,'OKSDHOB1_A7',6,132.30),(1151,12,'D3UK/O',0,0.83),(1151,13,'83_JT_RE',1,4.79),(1151,14,'6Y7XMO',7,145.84),(1151,15,'W-8FCFUP2',0,6.63),(1151,16,'9N4MR',4,67.90),(1151,17,'-X8DT36W',5,107.57),(1152,1,'OKSDHOB1_A7',7,156.06),(1152,2,'3OFEN/I',2,45.43),(1153,1,'6X9154W0GEG',5,80.41),(1153,2,'8VPNJSEEPHT',7,140.39),(1154,1,'7OQBEQYKQ_',20,490.08),(1154,2,'O3W6FVCR_7',1,13.24),(1154,3,'DCGCMW',1,28.58),(1154,4,'M5-W/Y8',2,38.74),(1154,5,'14R4IMYCRI',4,72.18),(1155,1,'6/VCB6A2',3,57.06),(1155,2,'8VPNJSEEPHT',4,91.94),(1155,3,'YD1/MHO4YLI',10,226.25),(1156,1,'IYRDC7CLOS7',10,178.89),(1156,2,'AY52TT_Y',6,102.14),(1156,3,'RQ9YGZ3PE',1,26.59),(1156,4,'7B7DUJ',8,123.72),(1156,5,'OQWZUD3MH3J',3,61.16),(1156,6,'X417A0PY',0,8.39),(1156,7,'7_WD7DF1V',8,150.39),(1156,8,'FVIPWP',1,11.32),(1156,9,'-_HC-',2,59.23),(1157,1,'Z-FBN9OPW1',1,32.55),(1157,2,'Q3YHOTI66',2,28.23),(1157,3,'SYJVVQ',5,36.13),(1157,4,'9GTB09L8//',10,170.66),(1157,5,'8N4OW',2,36.59),(1158,1,'4B73MPNA',1,9.99),(1158,2,'SFK3XZ',3,68.28),(1158,3,'XTSY073EM',1,23.03),(1158,4,'X417A0PY',0,4.88),(1159,1,'5G0K5NT9',4,82.32),(1159,2,'N1U51ZB-79',7,148.09),(1159,3,'NOLTGD',0,2.76),(1159,4,'XT22D390A-',2,41.46),(1160,1,'09KZYM5RX',1,23.30),(1160,2,'GRRJP',3,50.16),(1160,3,'2URHXCSN_G/',7,111.17),(1160,4,'YDLEG',14,329.18),(1160,5,'K0QWSUQL',3,93.16),(1160,6,'1O5XQP',10,243.99),(1160,7,'O2T0RF9M',1,9.87),(1160,8,'QK_SS56U61',0,6.98),(1160,9,'DBZY0I_/I88',5,119.03),(1160,10,'YTY4SH_',0,10.14),(1160,11,'-VGTO',9,217.10),(1160,12,'5L/E5PNEJPM',4,67.11),(1160,13,'7B7DUJ',6,86.56),(1160,14,'DR6L23S__',1,17.33),(1161,1,'P5YB6QHS',1,20.33),(1161,2,'DOTM9LM-MX',3,58.98),(1161,3,'FKABF',5,77.74),(1161,4,'/HQ71C3NC9A',3,53.46),(1161,5,'0MP0_M',7,132.18),(1162,1,'O82S1ZAEZ',5,83.17),(1162,2,'DX4PCC',7,175.28),(1162,3,'5/3QB323',13,287.59),(1162,4,'6-64OKE-P',3,44.84),(1163,1,'-Q/IFQPR',2,33.17),(1163,2,'K4O_O/',1,10.37),(1163,3,'CGL0I56O',4,101.47),(1163,4,'TK2NRK8TZA',5,43.46),(1163,5,'AVH1Y6L228',8,119.02),(1163,6,'LMMC67',3,67.61),(1163,7,'6SYF-1I',3,67.71),(1164,1,'LVJY1U87R',2,32.64),(1164,2,'24KP-',0,3.05),(1164,3,'BVBLMQOE1',7,58.43),(1164,4,'V-FJ9-2',0,5.04),(1164,5,'UKEYB62A/IS',4,50.19),(1164,6,'DV0BWXX//0N',5,91.47),(1164,7,'T_SC7USC5F',1,21.01),(1164,8,'YUNI1',5,88.96),(1164,9,'NVJ9OAO4WI0',1,17.15),(1164,10,'K3MY4F2H',2,58.30),(1164,11,'DBZY0I_/I88',1,35.55),(1164,12,'JN3CRHFDE5I',0,0.99),(1164,13,'PXDOS-AM',9,161.65),(1164,14,'I-EVD2',1,31.41),(1164,15,'7VQ-DBYJ4M',1,13.49),(1164,16,'5-S/QLUJW',1,30.57),(1164,17,'K03_AMC-Z',0,0.46),(1164,18,'8VPNJSEEPHT',1,27.72),(1164,19,'C24-U8XIA8M',1,10.65),(1165,1,'DYOK8',1,17.57),(1165,2,'DCGCMW',2,49.75),(1165,3,'B-ZHGU/-2',1,19.48),(1165,4,'O3W6FVCR_7',4,57.92),(1165,5,'4NW/2HVUY',3,81.72),(1166,1,'GQ0W/C',2,27.87),(1166,2,'_3U5Z8NKP',1,16.81),(1166,3,'3I356',2,31.61),(1166,4,'WO62N4VJ',3,63.16),(1167,1,'5V_FMLWFX',1,15.62),(1167,2,'0--WXEOMGI/',1,11.51),(1167,3,'-XFW7RL-419',0,1.49),(1167,4,'STHK0N3IM',2,29.45),(1168,1,'HYTRD',4,66.61),(1169,1,'OJS_-5V',11,258.04),(1169,2,'I87DPH25O',0,10.17),(1169,3,'2G1ZH-BA9',1,16.79),(1169,4,'5H268',5,107.64),(1169,5,'Z2J4PC',5,68.53),(1169,6,'YDLEG',2,35.58),(1169,7,'R5H50RGDW5',3,55.99),(1169,8,'G5WZLCF5DZJ',2,42.74),(1169,9,'VI8IZSCBC',5,129.63),(1169,10,'VH_9X0ZE02',1,11.24),(1169,11,'893/SPAT',2,34.07),(1170,1,'8N4OW',3,81.94),(1170,2,'7YG4A4',4,105.05),(1170,3,'1S411',4,90.69),(1170,4,'1OWYEO3',1,20.38),(1170,5,'SDFXW',4,78.37),(1171,1,'DCGCMW',2,37.12),(1171,2,'NOLTGD',0,0.23),(1171,3,'W62UL',0,10.69),(1171,4,'L00/KC',1,15.75),(1171,5,'Z0XZL',11,160.16),(1172,1,'DP92CVU0',1,11.68),(1172,2,'D5/5J',1,7.27),(1172,3,'9RVWP',3,53.38),(1173,1,'SWL/RLB9',2,51.04),(1173,2,'ZVNGYU',2,29.39),(1173,3,'KOET-6',1,33.96),(1173,4,'0PGK6DY',1,20.87),(1173,5,'BFM2QDZR0',3,53.06),(1173,6,'7QBY7ZJKQ',3,69.08),(1173,7,'P1QI73-9XQH',0,4.59),(1173,8,'UKEYB62A/IS',2,44.55),(1173,9,'W7AYGAA-L',1,12.20),(1173,10,'MKVRUXC',0,9.84),(1173,11,'19-ZH',2,45.29),(1173,12,'7_WD7DF1V',2,48.13),(1173,13,'1DOV0_-',1,26.52),(1174,1,'AWD-3I5YMM/',4,89.12),(1174,2,'G2ZTL',2,44.13),(1174,3,'PAI0W',10,240.97),(1174,4,'8-9EHYHR',2,40.87),(1174,5,'P5YB6QHS',1,12.22),(1174,6,'J-Y53HO',2,23.96),(1174,7,'A0SKJ_I/U9M',8,145.75),(1175,1,'XGGWGMH_F',1,15.79),(1175,2,'W62UL',12,261.68),(1175,3,'XLDXFPNF',0,6.67),(1175,4,'EYC-9CM',3,52.59),(1175,5,'H2VAOT0IMR',0,4.50),(1175,6,'EYC-9CM',1,10.80),(1175,7,'NSS339-',2,39.58),(1175,8,'5111X/5M1ZS',2,33.10),(1175,9,'2CNEU2THPHM',13,284.70),(1175,10,'_FPOGPFT7',0,7.14),(1175,11,'RXJ5DGY2U',1,23.01),(1176,1,'Z/JF7OM54',2,42.15),(1176,2,'HN2YN0DLY1',2,49.53),(1176,3,'UZ88_T',10,169.26),(1177,1,'5/3QB323',0,8.41),(1177,2,'36S8ZZVQ5F',9,168.98),(1178,1,'P4VX2',5,140.26),(1178,2,'I1V7UNRC',4,28.91),(1178,3,'DR6L23S__',2,41.20),(1178,4,'EUYNKC2NZ',8,176.54),(1179,1,'/2TUN',3,49.47),(1179,2,'1PKR_R9',1,25.53),(1179,3,'GQ0W/C',2,23.57),(1179,4,'W-8FCFUP2',15,296.02),(1179,5,'XW2P8TF2WMK',3,54.70),(1179,6,'A0SKJ_I/U9M',8,139.26),(1179,7,'MEJPPB',0,10.30),(1179,8,'1S411',0,3.07),(1179,9,'-4YHGX34Z',0,6.07),(1179,10,'JQH9FVIO',6,140.71),(1180,1,'C/OYQQ',3,51.02),(1180,2,'2G1ZH-BA9',2,34.00),(1180,3,'QJRX_R6OM',6,114.03),(1180,4,'SYJVVQ',0,6.83),(1180,5,'OWDUG',0,6.06),(1180,6,'-VGTO',22,195.29),(1181,1,'4JOVE9-_XK',4,93.18),(1181,2,'670DJMAT',1,22.23),(1182,1,'4D30FBACB',1,24.25),(1182,2,'NSS339-',2,38.50),(1182,3,'UTCT2CW',1,26.55),(1182,4,'W6XVHLYCR',1,17.91),(1182,5,'XWJ3M848S',0,7.72),(1182,6,'RN3-4R',1,21.39),(1182,7,'7VQ-DBYJ4M',4,74.93),(1182,8,'QK_SS56U61',0,7.34),(1182,9,'5-FCDBRCR',1,22.93),(1182,10,'HYTRD',7,123.95),(1183,1,'BEJ5HXQ',6,105.75),(1183,2,'6-64OKE-P',2,21.45),(1183,3,'-OPC/5VNMHB',7,159.88),(1184,1,'JN3CRHFDE5I',6,115.41),(1184,2,'8M5UZ/',2,25.37),(1184,3,'TQXXT0Z42X',1,13.30),(1185,1,'TLCHG2H',3,42.62),(1185,2,'9N4MR',3,52.06),(1185,3,'X6LDU',3,75.22),(1185,4,'-4YHGX34Z',2,33.16),(1185,5,'7TO913369',5,120.00),(1185,6,'NGWRIOW',3,46.31),(1185,7,'F1PXGWP',1,8.82),(1185,8,'EUYNKC2NZ',0,6.97),(1185,9,'GYD3R03V6G',5,118.39),(1185,10,'84QB/N',4,77.12),(1185,11,'G_2F6AM7X2',0,0.42),(1185,12,'NSS339-',2,40.32),(1185,13,'NM07E-L',2,41.55),(1185,14,'DOTM9LM-MX',0,6.65),(1185,15,'DNFVHEIS0/V',8,180.30),(1185,16,'6V9FCII',5,108.55),(1186,1,'UQH-S1OPY8_',0,2.88),(1186,2,'SDFXW',0,6.77),(1186,3,'MKVRUXC',8,159.33),(1186,4,'NKNRXUWQ-J',1,19.42),(1186,5,'SIKT6O',4,90.49),(1186,6,'DOTM9LM-MX',4,46.89),(1186,7,'3G8H8U',1,23.68),(1186,8,'N1U51ZB-79',10,216.06),(1186,9,'LR04SW3Z9',8,157.73),(1187,1,'7TI8DUFJ6IL',10,196.52),(1188,1,'7826F5',16,328.49),(1188,2,'-KU7EDA-TG2',6,149.68),(1188,3,'7OQBEQYKQ_',3,80.01),(1188,4,'P5YB6QHS',2,42.10),(1188,5,'1OWYEO3',4,69.56),(1188,6,'O6UPJKQP0',9,203.53),(1188,7,'O3W6FVCR_7',0,2.55),(1189,1,'P4VX2',1,29.34),(1189,2,'HYTRD',2,45.60),(1189,3,'DP92CVU0',10,185.59),(1189,4,'SFK3XZ',0,6.21),(1189,5,'DOTM9LM-MX',5,119.55),(1189,6,'GBZ4AS44',0,12.26),(1190,1,'TQXXT0Z42X',0,2.64),(1190,2,'9N4MR',2,46.84),(1190,3,'C1_T1S6KK6',4,94.23),(1190,4,'OPYWQA',5,84.94),(1190,5,'0O4MKPM7V',2,41.73),(1190,6,'STHK0N3IM',0,9.14),(1190,7,'G3MZZ1',2,50.40),(1190,8,'X417A0PY',2,40.19),(1190,9,'PAI0W',3,59.69),(1190,10,'GRRJP',3,15.41),(1190,11,'QLHCFCS5DH',1,24.51),(1190,12,'DBL/3',0,9.05),(1190,13,'XTSY073EM',4,87.78),(1190,14,'BMP1UX/',0,7.20),(1190,15,'V-FJ9-2',2,44.69),(1191,1,'1OWYEO3',1,17.45),(1191,2,'XO29ZV-L',1,12.78),(1191,3,'N_8MID',2,43.64),(1192,1,'G2ZTL',1,21.57),(1192,2,'9YO9A/-9',4,61.21),(1192,3,'D5/5J',10,183.96),(1192,4,'2GJUEL4',1,24.47),(1192,5,'V-FJ9-2',5,111.59),(1192,6,'F_Y06Y-VY',2,54.27),(1192,7,'WW68N8I',1,16.00),(1193,1,'13_96OK6CZ',4,89.77),(1193,2,'KFQZMI',4,102.34),(1194,1,'7VQ-DBYJ4M',6,102.85),(1194,2,'0U8S/B',6,127.49),(1195,1,'_GX2QDDUKIG',1,8.61),(1195,2,'S/ZRAS',2,23.76),(1195,3,'D_F2MOL',9,130.37),(1196,1,'G_2F6AM7X2',1,14.32),(1196,2,'KRGFTOYT8I',3,50.25),(1197,1,'AJGC_14',1,20.73),(1197,2,'1G5XVKNPFN',1,20.66),(1197,3,'H-ACUF7',5,94.44),(1198,1,'OQWZUD3MH3J',0,4.69),(1198,2,'ZZDDSWOM3',1,14.36),(1198,3,'MKVRUXC',2,47.17),(1198,4,'O5QCZWZ30N',2,42.05),(1198,5,'44KF_79',1,18.31),(1198,6,'TQXXT0Z42X',1,24.53),(1198,7,'QLHCFCS5DH',1,30.71),(1198,8,'6SYF-1I',1,15.80),(1199,1,'K4O_O/',2,23.66),(1199,2,'8QB9GX3QGS',2,34.00),(1200,1,'O3W6FVCR_7',1,20.13),(1200,2,'8S_21TXUQO3',5,73.49),(1200,3,'2F1-WKLGW',1,18.14),(1200,4,'8VPNJSEEPHT',5,103.46),(1200,5,'GL7/23',2,30.02),(1201,1,'774LJAL',5,87.44),(1201,2,'DD0/1_K',1,30.95),(1201,3,'O6UPJKQP0',3,57.48),(1201,4,'NVJ9OAO4WI0',2,43.85),(1201,5,'GQPUTBQ13Q',0,2.11),(1202,1,'_TABP',3,60.23),(1203,1,'_3U5Z8NKP',4,64.61),(1203,2,'I1V7UNRC',3,44.39),(1204,1,'0M65/',1,24.74),(1204,2,'V1T5D',3,53.74),(1204,3,'6/VCB6A2',0,1.82),(1204,4,'IL9B3C5NZ8V',0,8.22),(1204,5,'4KZCQZZY',7,155.13),(1204,6,'L7FKK0KN0QV',3,49.79),(1204,7,'VWOAA5CK',1,15.60),(1204,8,'031O36F6ZYM',0,1.63),(1204,9,'DV0BWXX//0N',2,40.38),(1204,10,'8PRW/8MS',6,119.65),(1204,11,'CRA9_40M_',2,33.91),(1204,12,'KFQZMI',10,308.66),(1204,13,'XGGWGMH_F',5,72.73),(1204,14,'MOC0V',2,42.71),(1205,1,'2G1ZH-BA9',3,61.20),(1205,2,'RCK96O',9,165.91),(1206,1,'PXDOS-AM',3,62.21),(1207,1,'5V_FMLWFX',0,2.77),(1207,2,'AD1BED',4,72.97),(1207,3,'I-O9N5_J',1,17.44),(1207,4,'L7FKK0KN0QV',10,188.86),(1207,5,'AE31ZT',8,196.79),(1207,6,'O/Q1XODG/',5,89.03),(1207,7,'ZVNGYU',5,95.19),(1207,8,'OI1MX5ODP',8,160.15),(1208,1,'KOET-6',2,21.53),(1208,2,'-39W7BNHXC',3,61.58),(1208,3,'78E33-BRW2',2,13.39),(1208,4,'FVIPWP',4,94.20),(1208,5,'9N4MR',6,117.31),(1208,6,'VPOWDB26',3,50.81),(1208,7,'7-BOZBA7',1,19.26),(1208,8,'TFH-U',4,79.15),(1208,9,'LR04SW3Z9',6,130.64),(1208,10,'7A9CMU',4,72.32),(1208,11,'S/ZRAS',0,7.12),(1208,12,'KOET-6',2,43.16),(1208,13,'9GTB09L8//',1,10.58),(1208,14,'I--I9JJ',2,43.19),(1208,15,'2B55IB1YLS',0,9.05),(1208,16,'YGVRJQCG',4,67.16),(1208,17,'FVIPWP',1,17.64),(1208,18,'X_X61CXHVD',2,19.38),(1208,19,'0L/ZY3OP5AS',4,88.57),(1208,20,'IYRDC7CLOS7',3,49.87),(1208,21,'OQWZUD3MH3J',8,149.96),(1208,22,'C1_T1S6KK6',6,141.07),(1209,1,'_14XB5B',4,110.58),(1209,2,'6SYF-1I',3,68.18),(1209,3,'OSQ71PCQMUW',5,120.03),(1209,4,'QJRX_R6OM',3,55.44),(1209,5,'5VL/HP',1,14.98),(1210,1,'9RVWP',1,11.59),(1211,1,'46ECI908Y',7,126.63),(1211,2,'8QB9GX3QGS',4,58.87),(1212,1,'TY1MP',3,73.21),(1213,1,'AJPGORXO-',5,89.32),(1213,2,'CKDA1VT',1,18.32),(1213,3,'GQ0W/C',0,2.54),(1213,4,'84QB/N',3,45.96),(1214,1,'7-BOZBA7',7,99.54),(1214,2,'8QMZA8RWQ',1,20.54),(1214,3,'R4LXJHIEZ',1,35.70),(1214,4,'A0SKJ_I/U9M',1,23.76),(1214,5,'TK2NRK8TZA',2,43.02),(1214,6,'T_UJ/_9R',0,2.99),(1214,7,'CKDA1VT',0,4.48),(1214,8,'KOET-6',6,139.44),(1214,9,'HL5W/1Z90',10,177.54),(1214,10,'6X1_P2QZ',1,11.58),(1215,1,'_3U5Z8NKP',4,55.97),(1215,2,'U5A3PZ9F1/',10,184.45),(1215,3,'-JETA',4,56.61),(1215,4,'-X8DT36W',2,44.05),(1215,5,'YUNI1',3,64.02),(1215,6,'NGWRIOW',6,109.55),(1215,7,'87KC1OQ7',5,105.08),(1216,1,'WB2U_A8',1,17.97),(1216,2,'NVJ9OAO4WI0',1,25.93),(1216,3,'R_HL9',1,15.99),(1216,4,'JONF6W-1R',6,97.28),(1216,5,'2G1ZH-BA9',0,1.60),(1216,6,'D3UK/O',3,52.15),(1216,7,'O82S1ZAEZ',0,5.94),(1217,1,'OWDUG',4,72.64),(1217,2,'V4VF_DI94',15,342.61),(1217,3,'UKEYB62A/IS',2,22.42),(1217,4,'HN2YN0DLY1',0,0.18),(1217,5,'2BKRN1SKCC',4,87.23),(1217,6,'ZZDDSWOM3',15,277.64),(1218,1,'V2RRKTF/',3,66.88),(1218,2,'X03XWUZ46BX',7,141.65),(1218,3,'6SYF-1I',0,5.61),(1218,4,'-4YHGX34Z',3,63.10),(1218,5,'774LJAL',13,225.76),(1218,6,'7_WD7DF1V',0,12.41),(1219,1,'Z0XZL',9,129.47),(1219,2,'-Q/IFQPR',2,39.38),(1219,3,'M7K9F6',1,21.75),(1219,4,'4D30FBACB',1,22.54),(1220,1,'O68DJ',7,141.37),(1220,2,'8VPNJSEEPHT',4,93.00),(1221,1,'KRGFTOYT8I',8,132.21),(1221,2,'8-9EHYHR',1,23.81),(1221,3,'8QMZA8RWQ',1,13.91),(1221,4,'I8DNU',2,33.81),(1221,5,'A7Q89LCW4',3,51.97),(1221,6,'8QB9GX3QGS',1,13.51),(1221,7,'58MCZW460O',6,142.65),(1221,8,'U/H_S9R1',2,41.55),(1221,9,'5/3QB323',3,67.22),(1221,10,'KA1CPD',0,12.19),(1222,1,'6X1_P2QZ',5,88.16),(1223,1,'9N4MR',4,73.73),(1223,2,'L00/KC',3,37.22),(1223,3,'8VPNJSEEPHT',1,18.04),(1223,4,'I87DPH25O',2,48.35),(1223,5,'GI8Z/80P7',6,120.54),(1223,6,'BMP1UX/',3,54.19),(1224,1,'C9D53',1,21.20),(1224,2,'NOLTGD',5,79.66),(1224,3,'R0FYM2-MN',3,75.51),(1224,4,'2CNEU2THPHM',16,350.52),(1224,5,'MKDHC',8,159.89),(1225,1,'C24-U8XIA8M',3,49.77),(1225,2,'1N26DI',6,162.84),(1225,3,'I1V7UNRC',1,14.61),(1225,4,'ZGDNWL',3,57.76),(1225,5,'6/VCB6A2',1,9.75),(1226,1,'JXZO-59R',2,25.26),(1226,2,'0O4MKPM7V',5,122.06),(1226,3,'GBZ4AS44',1,26.18),(1226,4,'7OQBEQYKQ_',9,235.75),(1226,5,'S-FEKR0FI',2,34.24),(1227,1,'0V_QZRWE1O4',2,40.17),(1227,2,'S-FEKR0FI',5,92.46),(1227,3,'-VGTO',0,9.20),(1227,4,'OMYMT',3,70.13),(1227,5,'O5QCZWZ30N',3,17.90),(1227,6,'5L/E5PNEJPM',15,282.15),(1227,7,'FVIPWP',1,12.85),(1228,1,'5-S/QLUJW',4,89.99),(1228,2,'X87LDNMBWPP',5,105.98),(1228,3,'8N4OW',0,1.09),(1229,1,'-ZMSUHH9H4D',4,72.85),(1229,2,'5/3QB323',9,197.27),(1229,3,'0M65/',0,6.63),(1230,1,'JQ6YF6',1,12.56),(1230,2,'8ZA8P1',0,2.08),(1231,1,'XWJ3M848S',0,3.49),(1231,2,'0O4MKPM7V',0,8.05),(1231,3,'OJ3EK',2,40.43),(1232,1,'Z0XZL',0,0.80),(1232,2,'LA6TY8Y',3,36.57),(1233,1,'J-Y53HO',1,11.60),(1234,1,'8-9EHYHR',5,94.98),(1234,2,'A3W4VD2Z/_',3,41.89),(1234,3,'44KF_79',3,56.04),(1234,4,'A7Q89LCW4',4,75.21),(1234,5,'Z0XZL',5,77.30),(1234,6,'8ZA8P1',3,68.86),(1234,7,'6-64OKE-P',2,25.80),(1234,8,'EUYNKC2NZ',2,36.77),(1234,9,'L7AC1',1,38.88),(1234,10,'24KP-',9,162.06),(1235,1,'MKDHC',1,11.37),(1235,2,'QLHCFCS5DH',4,88.00),(1235,3,'DBZY0I_/I88',1,16.44),(1235,4,'8QMZA8RWQ',5,107.38),(1235,5,'_TL3ZFW/',1,29.50),(1235,6,'G3MZZ1',5,116.59),(1235,7,'8PRW/8MS',7,140.25),(1235,8,'24KP-',5,82.23),(1235,9,'IV/U/IBW',1,6.79),(1235,10,'69F3NHIY',1,25.99),(1235,11,'81P-I9',9,146.67),(1235,12,'670DJMAT',3,56.05),(1235,13,'T_UJ/_9R',1,25.21),(1235,14,'F_Y06Y-VY',1,32.76),(1235,15,'EUYNKC2NZ',3,58.92),(1235,16,'SWOND/',5,95.33),(1235,17,'09KZYM5RX',2,57.35),(1235,18,'KVFNS9',5,102.76),(1235,19,'I1V7UNRC',1,27.42),(1235,20,'3EA9AJOA8C',0,8.57),(1235,21,'5-FCDBRCR',0,4.20),(1235,22,'DYOK8',6,87.73),(1235,23,'GM/R4/1Q',8,158.94),(1235,24,'A5_2JJUZ2',1,14.91),(1235,25,'14R4IMYCRI',1,21.66),(1236,1,'5L/E5PNEJPM',4,74.73),(1236,2,'EYC-9CM',1,14.10),(1236,3,'51TXZW',6,53.99),(1237,1,'OJ3EK',4,78.66),(1237,2,'CY38BIO5GS',1,18.45),(1238,1,'V2RRKTF/',1,32.58),(1238,2,'3EA9AJOA8C',2,52.64),(1238,3,'UTCT2CW',3,24.48),(1238,4,'35B84EA3U',4,64.39),(1238,5,'H2VAOT0IMR',4,105.66),(1238,6,'N19_MPRF0Z6',7,72.52),(1238,7,'IL9B3C5NZ8V',13,235.33),(1239,1,'UZ88_T',1,8.55),(1239,2,'DOTM9LM-MX',3,75.87),(1239,3,'7OQBEQYKQ_',6,143.36),(1239,4,'QK_SS56U61',2,51.61),(1239,5,'S/ZRAS',8,166.16),(1239,6,'19-ZH',9,191.51),(1240,1,'QE33JQA7',2,34.73),(1240,2,'70K-4S_',1,31.47),(1240,3,'1G5XVKNPFN',8,45.50),(1240,4,'2B9O4',1,9.07),(1240,5,'JN3CRHFDE5I',4,69.58),(1240,6,'AJPGORXO-',10,190.75),(1240,7,'4JOVE9-_XK',6,143.43),(1240,8,'/MLV6',1,22.03),(1240,9,'ZGDNWL',0,3.19),(1240,10,'HYTRD',2,34.47),(1240,11,'OKSDHOB1_A7',1,35.45),(1241,1,'NL-5PI',5,108.16),(1241,2,'BFM2QDZR0',3,59.26),(1241,3,'JN3CRHFDE5I',5,89.33),(1242,1,'19-ZH',3,65.95),(1242,2,'5111X/5M1ZS',2,47.20),(1242,3,'09KZYM5RX',1,19.11),(1243,1,'DYOK8',1,15.60),(1243,2,'I1V7UNRC',4,77.75),(1244,1,'YDLEG',1,31.71),(1244,2,'2F1-WKLGW',6,119.73),(1244,3,'LVJY1U87R',1,20.02),(1244,4,'AWD-3I5YMM/',1,15.85),(1244,5,'X_E5F82V68',2,65.87),(1245,1,'D_9NLUILZ_A',0,3.99),(1245,2,'RXJ5DGY2U',13,242.65),(1245,3,'1DOV0_-',2,37.88),(1245,4,'QT50ASKSDH1',4,71.47),(1245,5,'PTN7/',0,0.31),(1245,6,'JK3JIKFQPW',9,174.07),(1246,1,'DD0/1_K',9,195.56),(1246,2,'WO62N4VJ',0,9.63),(1247,1,'-X8DT36W',2,34.49),(1247,2,'OSQ71PCQMUW',0,3.60),(1247,3,'8QB9GX3QGS',6,113.11),(1248,1,'7YG4A4',3,79.22),(1248,2,'D_WO0YDD1_',3,79.03),(1248,3,'XG2GU78E2_1',3,67.71),(1248,4,'X417A0PY',1,16.39),(1248,5,'I87DPH25O',2,34.15),(1249,1,'DBL/3',2,22.98),(1250,1,'5/3QB323',1,24.68),(1250,2,'OQWZUD3MH3J',6,113.26),(1251,1,'BV4AP',3,47.01),(1251,2,'FSCWCEEC',1,18.92),(1251,3,'U2IT3DIS8',2,43.54),(1251,4,'DD0/1_K',2,35.45),(1251,5,'7G2OHF',0,6.88),(1252,1,'7G2OHF',0,1.99),(1252,2,'D6TN8E9U',1,22.05),(1252,3,'4B73MPNA',14,257.56),(1253,1,'1FNB-',1,12.77),(1253,2,'-X8DT36W',3,70.18),(1253,3,'DCGCMW',1,30.79),(1253,4,'_TL3ZFW/',11,238.60),(1253,5,'8ZA8P1',5,46.98),(1254,1,'DNFVHEIS0/V',2,42.92),(1254,2,'C/OYQQ',11,215.91),(1254,3,'E016Y/3GM',8,162.12),(1254,4,'8UMAI44Q16G',6,108.02),(1254,5,'AD1BED',6,111.60),(1254,6,'W9_K-55/',1,29.72),(1254,7,'XT22D390A-',2,42.13),(1254,8,'0U8S/B',12,248.91),(1254,9,'5VL/HP',0,11.32),(1255,1,'3OFEN/I',0,3.36),(1255,2,'PTN7/',7,102.43),(1255,3,'-Q/IFQPR',3,49.25),(1255,4,'1XOLY',2,11.97),(1255,5,'LMMC67',1,26.89),(1256,1,'-VGTO',4,101.08),(1256,2,'E2QXPJL_P1',2,36.62),(1257,1,'IV/U/IBW',4,94.51),(1258,1,'V2RRKTF/',11,248.22),(1258,2,'SWOND/',1,29.85),(1258,3,'51TXZW',6,135.85),(1258,4,'E/768',8,156.26),(1258,5,'5111X/5M1ZS',2,33.19),(1258,6,'NJNHA-L5VQ',1,13.23),(1258,7,'QQWYR-3',1,14.49),(1258,8,'3G8H8U',4,75.06),(1258,9,'VW1XNA_5IL',1,25.24),(1258,10,'9YO9A/-9',1,9.13),(1258,11,'LC7MN2SP5',5,120.14),(1258,12,'XGGWGMH_F',7,64.89),(1258,13,'VH_9X0ZE02',2,44.68),(1258,14,'3B6YGH--B',2,48.03),(1259,1,'0--WXEOMGI/',2,31.32),(1259,2,'3EA9AJOA8C',3,65.92),(1259,3,'NM07E-L',1,13.83),(1259,4,'3G8H8U',2,38.14),(1259,5,'3EA9AJOA8C',4,96.56),(1259,6,'YVGQK',5,115.96),(1260,1,'U7K-5ZAY',2,34.01),(1260,2,'V-FJ9-2',6,144.41),(1260,3,'MCI7_',7,177.29),(1260,4,'2B55IB1YLS',3,72.34),(1260,5,'Z/JF7OM54',6,119.76),(1260,6,'E2QXPJL_P1',19,257.74),(1260,7,'N19_MPRF0Z6',6,98.39),(1260,8,'_FPOGPFT7',2,53.92),(1260,9,'8EPZ3H-DY',1,29.26),(1261,1,'ZWLOTJW58S',1,24.71),(1261,2,'VH_9X0ZE02',1,20.90),(1261,3,'TK2NRK8TZA',4,42.07),(1261,4,'GM/R4/1Q',3,56.76),(1261,5,'J-Y53HO',4,66.75),(1261,6,'L7AC1',0,8.42),(1262,1,'1XOLY',3,48.89),(1262,2,'OWDUG',2,27.43),(1262,3,'G_2F6AM7X2',3,36.28),(1263,1,'RZH6EGWK',1,18.88),(1263,2,'VPOWDB26',1,10.76),(1263,3,'MWMGC',2,30.84),(1263,4,'I--I9JJ',5,59.99),(1263,5,'MCI7_',2,43.09),(1263,6,'0PGK6DY',3,68.85),(1263,7,'LL0E3GA4X',2,40.21),(1263,8,'QQWYR-3',1,11.82),(1263,9,'WB2U_A8',4,89.10),(1264,1,'DD0/1_K',0,4.31),(1264,2,'B-ZHGU/-2',6,117.32),(1265,1,'VD6TF3OK',1,11.68),(1265,2,'SRG9QKL7',7,194.26),(1266,1,'K_0RI',2,15.24),(1266,2,'45DPSL6/4',1,12.60),(1267,1,'1S411',2,64.51),(1267,2,'RZH6EGWK',1,28.11),(1267,3,'RTH3IRUT_8V',0,1.46),(1267,4,'L0_RO_X7',2,18.62),(1267,5,'7B7DUJ',7,100.12),(1267,6,'PY0CCMXZU',3,56.55),(1268,1,'NKNRXUWQ-J',1,38.99),(1268,2,'O82S1ZAEZ',1,14.35),(1268,3,'XWJ3M848S',1,26.51),(1268,4,'AY52TT_Y',0,8.75),(1268,5,'VW1XNA_5IL',2,40.93),(1269,1,'AWD-3I5YMM/',5,112.07),(1269,2,'0MKOF288VQ',1,12.93),(1269,3,'V1T5D',3,45.97),(1270,1,'ZXXVJUU8VDU',2,27.25),(1270,2,'09KZYM5RX',1,31.23),(1270,3,'M78GT2N',3,47.14),(1270,4,'1FNB-',6,117.91),(1270,5,'IUW2M',2,33.00),(1271,1,'Q1-4/DS',7,112.16),(1271,2,'DNFVHEIS0/V',7,164.75),(1271,3,'EFM-15CUOE1',5,87.12),(1271,4,'0--WXEOMGI/',1,29.04),(1271,5,'3ZYWX',14,319.56),(1271,6,'D_WO0YDD1_',7,155.34),(1272,1,'ZRUGI',1,21.26),(1272,2,'OJ3EK',8,144.65),(1272,3,'DX4PCC',2,43.12),(1272,4,'81P-I9',0,1.49),(1272,5,'RTH3IRUT_8V',5,100.69),(1272,6,'WI/N8G',10,205.19),(1272,7,'HZVG2-74RJ1',1,13.08),(1273,1,'HYTRD',3,56.82),(1273,2,'O6UPJKQP0',1,18.50),(1273,3,'3C1MZ--QI',3,62.14),(1273,4,'G-T70U',7,155.23),(1273,5,'893/SPAT',2,29.62),(1273,6,'14R4IMYCRI',2,33.09),(1274,1,'D3UK/O',0,0.48),(1274,2,'Q3YHOTI66',2,29.28),(1275,1,'AWD-3I5YMM/',2,35.75),(1275,2,'SRW2P-',7,169.54),(1275,3,'M7K9F6',1,22.35),(1275,4,'OKSDHOB1_A7',0,2.61),(1276,1,'LL0E3GA4X',0,1.12),(1276,2,'J1NK8WLEQXV',4,73.41),(1276,3,'X87LDNMBWPP',1,16.38),(1276,4,'4NW/2HVUY',5,141.18),(1276,5,'D_9NLUILZ_A',2,60.10),(1276,6,'6-64OKE-P',1,15.64),(1276,7,'YI2ZL427_',7,206.41),(1276,8,'51TXZW',5,97.38),(1276,9,'NVJ9OAO4WI0',0,5.33),(1276,10,'NVJ9OAO4WI0',11,213.20),(1277,1,'Z/JF7OM54',2,33.14),(1277,2,'AVH1Y6L228',2,9.90),(1278,1,'I1V7UNRC',1,18.18),(1279,1,'3SO7HE/JMLB',0,2.76),(1280,1,'UKEYB62A/IS',5,105.53),(1280,2,'WY3KL0',1,16.90),(1281,1,'H-ACUF7',1,29.08),(1281,2,'8EPZ3H-DY',16,347.99),(1281,3,'A3W4VD2Z/_',5,77.58),(1281,4,'24KP-',2,43.67),(1281,5,'83_JT_RE',4,93.07),(1281,6,'F-FOVYVW',5,85.22),(1281,7,'YDLEG',2,45.76),(1282,1,'TFH-U',8,145.53),(1282,2,'YDLEG',1,33.61),(1282,3,'Y6SJJ7GQ',1,25.90),(1282,4,'_3U5Z8NKP',9,142.34),(1282,5,'2/4KR7T-Z/8',13,280.10),(1282,6,'5/3QB323',6,123.39),(1282,7,'JYG19',4,60.37),(1282,8,'IUW2M',1,17.12),(1282,9,'C1_T1S6KK6',3,70.30),(1282,10,'-ZZGG',3,63.06),(1282,11,'P5YB6QHS',4,69.33),(1282,12,'87KC1OQ7',5,96.45),(1282,13,'-_HC-',6,170.27),(1283,1,'2/4KR7T-Z/8',3,69.49),(1283,2,'B3B1BGL',2,44.22),(1284,1,'LR04SW3Z9',4,89.81),(1284,2,'X_X61CXHVD',14,271.40),(1284,3,'VFQYGI',4,93.96),(1284,4,'U5A3PZ9F1/',8,146.95),(1284,5,'DJ5I5',3,56.62),(1284,6,'J_GZU60XV',3,81.26),(1284,7,'PZLGPSTO',0,2.63),(1284,8,'DBZY0I_/I88',1,34.16),(1285,1,'NL-5PI',8,158.61),(1285,2,'K0QWSUQL',0,10.09),(1285,3,'AJPGORXO-',2,33.53),(1285,4,'B-RM878KO',10,177.39),(1285,5,'YGVRJQCG',1,15.63),(1286,1,'57CYGS03G',5,82.59),(1286,2,'ZRUGI',3,60.40),(1287,1,'OKSDHOB1_A7',3,73.49),(1287,2,'OJS_-5V',1,26.83),(1288,1,'T_UJ/_9R',1,15.62),(1288,2,'L00/KC',6,159.03),(1288,3,'JTU5_-/4BY-',7,110.25),(1289,1,'C24-U8XIA8M',6,120.70),(1289,2,'D/NA/',11,250.82),(1289,3,'-4YHGX34Z',1,13.83),(1289,4,'DX4PCC',2,39.08),(1290,1,'RATOD5',1,18.94),(1290,2,'NKNRXUWQ-J',4,59.90),(1290,3,'GU1LC6YTWB',3,73.29),(1290,4,'HL5W/1Z90',1,12.72),(1290,5,'5Z3C1Q5',9,84.79),(1290,6,'ABT3R0',1,24.71),(1290,7,'Z5CSKRY',6,192.24),(1291,1,'-_HC-',1,27.30),(1292,1,'7G2OHF',4,81.48),(1292,2,'KRGFTOYT8I',4,60.76),(1292,3,'EUYNKC2NZ',2,36.21),(1293,1,'J1NK8WLEQXV',2,46.83),(1293,2,'CRA9_40M_',1,13.50),(1293,3,'7A9CMU',3,39.63),(1294,1,'14R4IMYCRI',3,67.46),(1294,2,'3EA9AJOA8C',1,30.32),(1294,3,'19-ZH',1,23.70),(1294,4,'7_WD7DF1V',8,210.38),(1295,1,'UQH-S1OPY8_',1,3.72),(1295,2,'RGI5V9',1,21.47),(1296,1,'G-STM-7',4,105.40),(1296,2,'3K_15',1,15.84),(1296,3,'5-S/QLUJW',1,20.95),(1297,1,'P1QI73-9XQH',4,79.97),(1297,2,'1N26DI',7,197.08),(1297,3,'YUNI1',1,8.82),(1297,4,'64L6WM1ER',4,65.21),(1297,5,'V7B6FIK',4,85.27),(1297,6,'FSCWCEEC',2,47.17),(1297,7,'DYOK8',0,1.09),(1297,8,'OJ3EK',1,25.46),(1298,1,'Z2J4PC',1,8.56),(1298,2,'NVE1QPDTGT',5,97.64),(1298,3,'RTH3IRUT_8V',1,23.80),(1299,1,'U5A3PZ9F1/',2,32.63),(1299,2,'8S_21TXUQO3',0,1.69),(1299,3,'9TZC/BR4',0,5.40),(1300,1,'7826F5',2,44.20),(1300,2,'SRW2P-',9,218.59),(1300,3,'6-64OKE-P',6,77.28),(1300,4,'CRA9_40M_',3,55.50),(1300,5,'DS3CJ6',5,85.47),(1300,6,'K_0RI',2,44.42),(1300,7,'24KP-',5,92.97),(1301,1,'//X46J',0,10.58),(1301,2,'GM/R4/1Q',0,1.92),(1302,1,'CKDA1VT',1,15.22),(1302,2,'G-T70U',2,49.76),(1302,3,'Z2J4PC',0,5.75),(1302,4,'-55MEISBPK',1,24.60),(1303,1,'OI1MX5ODP',0,9.72),(1303,2,'XW2P8TF2WMK',6,134.92),(1304,1,'-KU7EDA-TG2',6,150.42),(1304,2,'3IF569',0,7.16),(1304,3,'MEJPPB',3,66.40),(1305,1,'SRW2P-',1,18.99),(1305,2,'Z0XZL',2,28.84),(1306,1,'I8DNU',9,189.63),(1307,1,'45DPSL6/4',1,8.15),(1307,2,'N1U51ZB-79',0,0.44),(1307,3,'8PRW/8MS',0,9.04),(1307,4,'YGVRJQCG',1,7.53),(1307,5,'L00/KC',1,29.10),(1307,6,'774LJAL',8,137.16),(1307,7,'XO29ZV-L',7,130.12),(1307,8,'5L/E5PNEJPM',8,154.47),(1307,9,'6-64OKE-P',0,3.17),(1307,10,'L7FKK0KN0QV',1,18.88),(1307,11,'-XFW7RL-419',8,141.85),(1307,12,'5-S/QLUJW',5,97.80),(1307,13,'DJ0/NMEK36',1,13.77),(1307,14,'JK3JIKFQPW',8,143.36),(1307,15,'H2VAOT0IMR',8,197.71),(1307,16,'VD6TF3OK',1,18.94),(1308,1,'5H268',2,40.85),(1308,2,'C1_T1S6KK6',15,327.20),(1308,3,'4NW/2HVUY',3,90.49),(1308,4,'G-STM-7',3,32.58),(1308,5,'2Z589M2GMLQ',2,41.45),(1308,6,'Z/JF7OM54',3,52.84),(1308,7,'OWDUG',6,104.19),(1308,8,'RN3-4R',4,118.12),(1308,9,'OWDUG',2,29.87),(1308,10,'L00/KC',18,463.97),(1308,11,'V-FJ9-2',4,114.23),(1309,1,'M7K9F6',10,163.76),(1309,2,'3G8H8U',3,57.60),(1309,3,'DNFVHEIS0/V',1,19.98),(1309,4,'XLDXFPNF',1,24.39),(1310,1,'NF43E',1,29.58),(1310,2,'K3MY4F2H',1,35.88),(1310,3,'_GX2QDDUKIG',0,10.94),(1311,1,'W7AYGAA-L',1,9.29),(1311,2,'5-S/QLUJW',0,0.23),(1311,3,'0L/ZY3OP5AS',1,32.76),(1311,4,'GQPUTBQ13Q',1,28.58),(1311,5,'SM3OB0EV32',7,147.23),(1311,6,'STHK0N3IM',2,28.97),(1311,7,'6V9FCII',1,25.50),(1312,1,'H2VAOT0IMR',5,121.98),(1312,2,'8-9EHYHR',1,20.61),(1312,3,'D63I7X_DWH',13,362.44),(1312,4,'Q/KZZ59',4,54.88),(1312,5,'35B84EA3U',2,29.62),(1312,6,'NL-5PI',7,145.67),(1313,1,'-ZMSUHH9H4D',3,52.47),(1313,2,'_14XB5B',1,26.27),(1313,3,'STHK0N3IM',1,10.55),(1313,4,'HZVG2-74RJ1',2,44.46),(1313,5,'1FNB-',2,39.19),(1314,1,'P1RPX50',3,43.95),(1314,2,'K0QWSUQL',0,11.45),(1315,1,'I--I9JJ',7,184.73),(1315,2,'ZLP75E0ZNQ',2,28.90),(1315,3,'ZWLOTJW58S',7,121.86),(1315,4,'8IPC8T0-3',3,49.60),(1316,1,'9OQKID3WIP',12,254.50),(1316,2,'GYD3R03V6G',2,60.08),(1317,1,'DBL/3',8,156.31),(1317,2,'5M12Z8H',1,34.99),(1317,3,'-4YHGX34Z',7,129.75),(1317,4,'G5WZLCF5DZJ',11,225.87),(1318,1,'E/768',0,8.24),(1318,2,'A5_2JJUZ2',2,54.17),(1319,1,'AVH1Y6L228',4,54.56),(1319,2,'YGVRJQCG',5,78.91),(1319,3,'JTU5_-/4BY-',4,72.75),(1320,1,'8VPNJSEEPHT',13,267.02),(1320,2,'GQ0W/C',2,28.11),(1321,1,'IYRDC7CLOS7',5,84.68),(1321,2,'BEJ5HXQ',1,18.54),(1321,3,'NKNRXUWQ-J',3,70.86),(1321,4,'7VQ-DBYJ4M',1,3.46),(1321,5,'MWMGC',7,142.14),(1321,6,'O68DJ',3,43.31),(1321,7,'U2IT3DIS8',3,83.39),(1321,8,'YUNI1',2,15.86),(1321,9,'RQ9YGZ3PE',1,28.06),(1322,1,'G3J3PPCOFGG',9,176.80),(1322,2,'JXZO-59R',3,40.89),(1322,3,'UZ88_T',0,7.03),(1322,4,'LA6TY8Y',5,82.13),(1322,5,'14R4IMYCRI',5,102.25),(1322,6,'EEABEFI9QDN',0,0.39),(1323,1,'OJS_-5V',7,153.20),(1324,1,'JQ6YF6',1,19.41),(1324,2,'YD1/MHO4YLI',1,32.68),(1324,3,'YDLEG',4,89.14),(1324,4,'YUNI1',3,52.48),(1324,5,'7TI8DUFJ6IL',7,138.41),(1325,1,'3OFEN/I',2,48.71),(1325,2,'XLDXFPNF',6,132.97),(1326,1,'ZGDNWL',2,49.09),(1326,2,'J1NK8WLEQXV',5,91.86),(1326,3,'C24-U8XIA8M',7,127.60),(1326,4,'8ZA8P1',6,139.66),(1326,5,'KVFNS9',1,11.92),(1326,6,'4D30FBACB',13,245.94),(1326,7,'-_HC-',6,157.96),(1326,8,'X_E5F82V68',6,160.05),(1326,9,'NL-5PI',1,6.66),(1326,10,'LVJY1U87R',9,151.40),(1326,11,'TQXXT0Z42X',0,2.99),(1326,12,'M78GT2N',0,1.93),(1326,13,'UMH0N0I',2,36.99),(1326,14,'JN3CRHFDE5I',0,0.18),(1326,15,'5-S/QLUJW',3,55.39),(1326,16,'X03XWUZ46BX',6,119.91),(1326,17,'XP_C0K',3,57.24),(1326,18,'GBZ4AS44',1,39.92),(1326,19,'I87DPH25O',1,13.41),(1326,20,'EFM-15CUOE1',1,12.18),(1327,1,'VH_9X0ZE02',3,70.07),(1327,2,'8N4OW',3,63.20),(1327,3,'U5A3PZ9F1/',3,63.11),(1327,4,'XE92S4XMV',2,33.79),(1327,5,'8IPC8T0-3',2,37.65),(1327,6,'IUW2M',3,67.64),(1327,7,'NVJ9OAO4WI0',1,23.52),(1327,8,'3B6YGH--B',1,26.75),(1327,9,'84QB/N',1,31.48),(1327,10,'OI1MX5ODP',3,59.81),(1327,11,'F-FOVYVW',9,169.75),(1327,12,'K/STR_X',0,3.20),(1327,13,'AD1BED',2,36.28),(1328,1,'/XYAP8',0,2.90),(1328,2,'AWD-3I5YMM/',0,1.38),(1328,3,'C/OYQQ',4,87.57),(1328,4,'09KZYM5RX',8,180.68),(1329,1,'SRG9QKL7',1,29.33),(1329,2,'Y6SJJ7GQ',0,4.14),(1330,1,'I--I9JJ',4,93.07),(1330,2,'DP92CVU0',3,51.60),(1330,3,'7YG4A4',0,10.79),(1331,1,'3SO7HE/JMLB',1,11.93),(1331,2,'-Q/IFQPR',1,15.35),(1331,3,'O3W6FVCR_7',0,6.74),(1331,4,'Z_WFC93-',2,53.59),(1331,5,'VXYGMV',2,53.65),(1331,6,'ES9_IUUY',0,4.37),(1331,7,'G_2F6AM7X2',21,248.59),(1331,8,'M6VR-',0,7.37),(1331,9,'2GJUEL4',6,132.73),(1331,10,'5G0K5NT9',7,125.60),(1331,11,'51TXZW',3,41.02),(1332,1,'44KF_79',1,26.98),(1332,2,'BV4AP',5,81.72),(1332,3,'_FPOGPFT7',2,53.97),(1332,4,'5Z3C1Q5',1,21.39),(1333,1,'13_96OK6CZ',3,68.55),(1333,2,'MOC0V',0,4.97),(1333,3,'DYOK8',0,3.50),(1333,4,'XP_C0K',1,13.57),(1334,1,'8QMZA8RWQ',1,29.27),(1334,2,'_3U5Z8NKP',2,34.25),(1334,3,'L0_RO_X7',3,50.36),(1334,4,'36S8ZZVQ5F',2,20.03),(1334,5,'1OWYEO3',1,10.53),(1334,6,'2F1-WKLGW',6,122.41),(1335,1,'KJ8GJOT',8,160.56),(1335,2,'LA6TY8Y',13,215.09),(1336,1,'IL9B3C5NZ8V',11,195.54),(1336,2,'_I9Z5O6B',4,85.87),(1336,3,'JQH9FVIO',2,40.08),(1336,4,'ZYNJTXAT25',8,54.70),(1336,5,'D_F2MOL',0,2.48),(1336,6,'SM3OB0EV32',2,42.41),(1336,7,'-X8DT36W',0,2.42),(1336,8,'QE33JQA7',7,152.50),(1336,9,'DJ5I5',3,60.60),(1336,10,'FVIPWP',1,31.36),(1336,11,'VD6TF3OK',2,37.03),(1336,12,'WI/N8G',4,84.92),(1336,13,'YD1/MHO4YLI',4,44.13),(1336,14,'XGGWGMH_F',6,70.14),(1336,15,'I8DNU',6,114.99),(1336,16,'W6XVHLYCR',1,10.41),(1337,1,'H-ACUF7',4,74.24),(1337,2,'T_UJ/_9R',1,20.13),(1337,3,'8QMZA8RWQ',5,113.35),(1337,4,'F40K1',2,38.20),(1337,5,'XWJ3M848S',1,16.14),(1337,6,'L9Y5U',5,120.17),(1338,1,'OPYWQA',1,18.82),(1339,1,'YDLEG',1,14.31),(1340,1,'84QB/N',6,122.92),(1340,2,'FKABF',3,44.84),(1340,3,'//X46J',5,53.51),(1340,4,'KY4-LC6MPIH',3,55.00),(1340,5,'KLW42',2,45.83),(1340,6,'1TGTD4LQ9N',5,108.90),(1340,7,'QQWYR-3',4,62.37),(1340,8,'AWD-3I5YMM/',0,5.75),(1340,9,'5VL/HP',10,264.00),(1341,1,'_GX2QDDUKIG',1,20.87),(1341,2,'UTCT2CW',1,22.44),(1341,3,'/2TUN',0,3.23),(1342,1,'VH_9X0ZE02',4,88.26),(1342,2,'DR6L23S__',2,36.77),(1343,1,'CKDA1VT',3,43.67),(1344,1,'IOKVAHIMI',2,34.13),(1344,2,'QVJQY25',6,113.38),(1344,3,'UQH-S1OPY8_',11,208.47),(1344,4,'DD0/1_K',0,10.14),(1345,1,'NJNHA-L5VQ',1,24.85),(1345,2,'/HQ71C3NC9A',0,6.09),(1345,3,'4NW/2HVUY',8,221.83),(1345,4,'SDWMV',1,29.53),(1346,1,'L/WEB',4,60.03),(1346,2,'XG2GU78E2_1',7,152.35),(1346,3,'WI/N8G',1,10.88),(1346,4,'D3UK/O',2,32.80),(1346,5,'J4727J5',0,6.95),(1347,1,'EUYNKC2NZ',3,62.28),(1348,1,'NGWRIOW',8,141.53),(1348,2,'2/4KR7T-Z/8',0,2.33),(1349,1,'LY8WW9-0T6',16,151.47),(1349,2,'KJ8GJOT',3,56.22),(1350,1,'Q1-4/DS',3,45.79),(1350,2,'8-9EHYHR',1,19.80),(1350,3,'JYDEQE5',5,73.20),(1350,4,'0--WXEOMGI/',5,94.37),(1351,1,'M5-W/Y8',5,89.14),(1351,2,'GM/R4/1Q',2,45.30),(1351,3,'OAU3HE1WQ',6,106.91),(1351,4,'3I356',1,17.15),(1351,5,'-_HC-',1,40.16),(1352,1,'I8DNU',2,39.85),(1352,2,'KLW42',2,55.53),(1352,3,'19-ZH',2,35.40),(1352,4,'9YO9A/-9',4,66.48),(1352,5,'WO62N4VJ',4,80.69),(1352,6,'F-FOVYVW',1,15.65),(1352,7,'-JETA',9,165.09),(1353,1,'BEJ5HXQ',7,127.20),(1353,2,'W6XVHLYCR',3,68.59),(1353,3,'SDWMV',3,80.67),(1353,4,'ORA6/UMW',0,1.43),(1353,5,'0V_QZRWE1O4',9,190.33),(1354,1,'25Y8BD5UO',1,13.29),(1355,1,'8VPNJSEEPHT',2,49.87),(1356,1,'QVZX_U17/E',0,1.79),(1356,2,'L/WEB',7,103.98),(1356,3,'_I9Z5O6B',0,7.72),(1356,4,'8PRW/8MS',1,21.80),(1356,5,'BMP1UX/',12,181.22),(1356,6,'7YG4A4',5,113.54),(1356,7,'QJRX_R6OM',5,93.39),(1356,8,'-ZMSUHH9H4D',2,28.24),(1356,9,'JONF6W-1R',1,12.07),(1357,1,'TK2NRK8TZA',1,26.96),(1357,2,'TK2NRK8TZA',1,14.17),(1357,3,'LMMC67',1,30.28),(1357,4,'2B55IB1YLS',7,120.55),(1357,5,'2Z589M2GMLQ',0,6.97),(1357,6,'GL7/23',5,92.51),(1358,1,'L/WEB',2,26.96),(1358,2,'5/3QB323',4,88.97),(1358,3,'PECV/YN',1,13.77),(1358,4,'46ECI908Y',0,4.27),(1358,5,'O2T0RF9M',6,135.55),(1358,6,'_FPOGPFT7',0,7.51),(1358,7,'CPM-J-VLGN',7,132.01),(1358,8,'XGGWGMH_F',3,24.50),(1358,9,'IL9B3C5NZ8V',11,193.30),(1359,1,'4JOVE9-_XK',0,6.97),(1360,1,'ES9_IUUY',2,26.34),(1360,2,'STHK0N3IM',7,138.44),(1360,3,'1TLGY77AME',0,3.99),(1360,4,'O/Q1XODG/',1,12.40),(1360,5,'XLDXFPNF',8,52.49),(1360,6,'PY0CCMXZU',2,44.26),(1360,7,'DD0/1_K',5,107.46),(1361,1,'O68DJ',0,1.90),(1361,2,'8IPC8T0-3',0,6.37),(1361,3,'G-T70U',0,9.34),(1361,4,'7826F5',2,47.66),(1362,1,'TC0GUIAWP',6,118.25),(1362,2,'09KZYM5RX',14,320.09),(1362,3,'IYRDC7CLOS7',3,50.97),(1362,4,'1PKR_R9',9,189.79),(1363,1,'I-EVD2',5,122.22),(1363,2,'HN2YN0DLY1',0,10.93),(1363,3,'0PGK6DY',3,59.50),(1363,4,'IZ15WC8EBX',2,43.05),(1363,5,'EYC-9CM',7,141.95),(1363,6,'ELV38K5X',2,54.44),(1363,7,'//X46J',1,16.82),(1363,8,'G_2F6AM7X2',1,13.53),(1363,9,'6SYF-1I',3,52.52),(1363,10,'1GN1X12Y',7,157.34),(1363,11,'DJ5I5',15,322.67),(1363,12,'OQWZUD3MH3J',3,52.07),(1363,13,'DV0BWXX//0N',3,61.98),(1363,14,'RGI5V9',5,97.53),(1364,1,'HL5W/1Z90',1,18.78),(1364,2,'/2TUN',1,13.63),(1364,3,'HYTRD',5,87.77),(1365,1,'VI8IZSCBC',2,37.59),(1365,2,'8ZA8P1',0,8.83),(1365,3,'XE92S4XMV',0,4.08),(1366,1,'F-FOVYVW',2,28.13),(1367,1,'QLHCFCS5DH',1,19.52),(1368,1,'L9Y5U',4,26.10),(1368,2,'WMF3XH',2,62.92),(1368,3,'K03_AMC-Z',8,156.58),(1368,4,'PECV/YN',2,26.09),(1368,5,'J-Y53HO',0,6.61),(1368,6,'-55MEISBPK',2,49.15),(1368,7,'PIZYO_RLNKF',2,32.92),(1368,8,'9RVWP',13,232.48),(1368,9,'Z/JF7OM54',1,10.16),(1368,10,'K03_AMC-Z',7,130.18),(1368,11,'0O4MKPM7V',0,7.23),(1368,12,'D5/5J',7,137.33),(1368,13,'0U8S/B',0,1.69),(1368,14,'PY0CCMXZU',2,41.84),(1369,1,'X417A0PY',11,194.94),(1369,2,'G2ZTL',14,333.10),(1369,3,'SWL/RLB9',1,10.74),(1369,4,'A0SKJ_I/U9M',3,60.77),(1369,5,'KRGFTOYT8I',5,87.31),(1369,6,'YUWYCZFK5',0,8.76),(1369,7,'N_8MID',2,13.93),(1369,8,'0--WXEOMGI/',1,18.45),(1370,1,'ORA6/UMW',13,167.31),(1370,2,'W6XVHLYCR',0,10.16),(1370,3,'_FPOGPFT7',6,141.02),(1370,4,'FSCWCEEC',1,14.41),(1370,5,'3ZYWX',1,32.78),(1370,6,'Z0XZL',5,73.32),(1371,1,'D/RINAK2',4,101.50),(1371,2,'W7AYGAA-L',1,15.17),(1372,1,'7QBY7ZJKQ',2,37.43),(1372,2,'V4VF_DI94',10,233.17),(1372,3,'Q3YHOTI66',8,88.66),(1372,4,'UMH0N0I',1,21.45),(1373,1,'O3W6FVCR_7',15,277.73),(1374,1,'SYJVVQ',1,12.41),(1374,2,'GIPWJ62ZQA0',1,10.64),(1374,3,'ZLP75E0ZNQ',1,15.41),(1374,4,'CPM-J-VLGN',0,4.85),(1374,5,'NSS339-',4,95.34),(1374,6,'5H268',5,99.45),(1375,1,'A0SKJ_I/U9M',2,43.74),(1375,2,'G-T70U',4,74.77),(1375,3,'RN3-4R',11,301.99),(1375,4,'L0_RO_X7',9,166.17),(1376,1,'F_Y06Y-VY',3,81.79),(1376,2,'9N4MR',4,32.50),(1377,1,'NOLTGD',2,32.50),(1377,2,'NJNHA-L5VQ',5,41.41),(1377,3,'WW68N8I',2,23.46),(1377,4,'1TLGY77AME',2,28.73),(1377,5,'NM07E-L',4,102.46),(1377,6,'ZM-OJ5HW7',2,12.08),(1378,1,'JONF6W-1R',7,103.60),(1378,2,'KFQZMI',4,119.19),(1378,3,'V1T5D',3,48.80),(1378,4,'S-FEKR0FI',9,173.67),(1378,5,'J1NK8WLEQXV',0,8.75),(1378,6,'ELV38K5X',0,3.93),(1379,1,'69F3NHIY',1,18.63),(1379,2,'XGGWGMH_F',0,0.17),(1379,3,'Q/KZZ59',2,29.49),(1379,4,'031O36F6ZYM',0,10.18),(1379,5,'J4727J5',11,252.68),(1379,6,'1GN1X12Y',2,47.74),(1379,7,'SFK3XZ',5,119.14),(1380,1,'ZYNJTXAT25',5,104.67),(1380,2,'WB2U_A8',0,1.59),(1380,3,'1OWYEO3',3,41.52),(1380,4,'6ZHNY7I_Q',5,98.43),(1380,5,'GI8Z/80P7',1,4.78),(1380,6,'BEJ5HXQ',2,37.93),(1380,7,'MEJPPB',7,166.51),(1381,1,'19-ZH',0,6.89),(1381,2,'OWDUG',7,129.03),(1381,3,'G-STM-7',2,55.70),(1381,4,'LAYW/OOEUYN',1,18.05),(1381,5,'A-ER-9LA8X',3,53.22),(1381,6,'RTH3IRUT_8V',9,168.74),(1381,7,'WY3KL0',2,53.59),(1381,8,'XG2GU78E2_1',2,39.13),(1381,9,'5M12Z8H',1,11.61),(1381,10,'-XFW7RL-419',14,95.29),(1381,11,'ELV38K5X',1,16.29),(1382,1,'4JOVE9-_XK',1,34.29),(1383,1,'19-ZH',2,43.11),(1383,2,'6-64OKE-P',1,13.10),(1383,3,'6-64OKE-P',4,23.65),(1383,4,'W9_K-55/',1,33.05),(1383,5,'9OQKID3WIP',1,18.38),(1383,6,'QVJQY25',0,8.50),(1383,7,'IZ15WC8EBX',0,4.90),(1383,8,'7826F5',0,4.69),(1383,9,'C9D53',2,31.15),(1383,10,'DP92CVU0',0,5.86),(1384,1,'5111X/5M1ZS',1,12.94),(1384,2,'JQH9FVIO',4,106.51),(1384,3,'NGDSJ9ZXL_',13,272.54),(1384,4,'Y6SJJ7GQ',3,66.59),(1384,5,'C9D53',6,137.63),(1384,6,'QT50ASKSDH1',2,40.75),(1384,7,'4D30FBACB',0,0.52),(1384,8,'7_WD7DF1V',5,139.07),(1385,1,'X_X61CXHVD',6,127.90),(1385,2,'/O_KJ1UM/',6,91.08),(1386,1,'-4YHGX34Z',1,19.28),(1387,1,'DBL/3',7,123.64),(1387,2,'ELV38K5X',8,224.03),(1388,1,'DJ0/NMEK36',2,40.54),(1389,1,'NVE1QPDTGT',0,0.68),(1389,2,'QE33JQA7',0,3.54),(1389,3,'DP92CVU0',0,6.81),(1389,4,'EYC-9CM',2,37.24),(1389,5,'VD6TF3OK',0,3.96),(1389,6,'XGGWGMH_F',4,72.68),(1389,7,'I8DNU',9,182.23),(1389,8,'0U8S/B',1,17.18),(1389,9,'58MCZW460O',7,156.13),(1389,10,'JYG19',3,23.67),(1390,1,'G-T70U',2,36.10),(1390,2,'LC7MN2SP5',10,176.36),(1390,3,'B-RM878KO',2,37.54),(1390,4,'R4LXJHIEZ',9,205.26),(1391,1,'V2RRKTF/',2,39.06),(1391,2,'JQH9FVIO',1,36.00),(1391,3,'Z0XZL',1,15.63),(1391,4,'O2T0RF9M',6,145.85),(1391,5,'XGGWGMH_F',1,12.72),(1391,6,'G2ZTL',3,70.32),(1391,7,'1XOLY',4,81.37),(1391,8,'UZ88_T',1,11.68),(1391,9,'LY8WW9-0T6',3,58.74),(1391,10,'C/OYQQ',2,35.83),(1392,1,'C9D53',0,5.77),(1392,2,'8N4OW',1,12.62),(1392,3,'1PKR_R9',1,19.94),(1392,4,'Z0XZL',2,27.19),(1392,5,'ZVNGYU',5,84.47),(1393,1,'E016Y/3GM',0,0.88),(1393,2,'2GJUEL4',1,18.43),(1393,3,'Q1-4/DS',1,9.68),(1393,4,'XO29ZV-L',2,49.97),(1393,5,'2B55IB1YLS',8,120.21),(1393,6,'9N4MR',4,80.36),(1394,1,'VI8IZSCBC',2,24.30),(1394,2,'7OQBEQYKQ_',3,82.08),(1394,3,'_TL3ZFW/',0,4.71),(1395,1,'3C1MZ--QI',3,63.21),(1395,2,'Z-FBN9OPW1',1,28.74),(1395,3,'3SO7HE/JMLB',11,245.98),(1395,4,'U2IT3DIS8',1,22.89),(1396,1,'AJGC_14',4,41.10),(1396,2,'CBU0K9C_71L',1,19.88),(1396,3,'LW457K_',1,23.84),(1397,1,'-4YHGX34Z',5,52.22),(1397,2,'STHK0N3IM',2,43.87),(1397,3,'PIZYO_RLNKF',1,13.67),(1397,4,'U/H_S9R1',2,42.85),(1397,5,'LR04SW3Z9',1,21.45),(1397,6,'X6LDU',7,168.97),(1398,1,'2GA1K9',2,57.56),(1398,2,'M6VR-',0,8.98),(1398,3,'K3MY4F2H',1,29.98),(1398,4,'-VGTO',10,77.58),(1398,5,'RTH3IRUT_8V',4,68.23),(1398,6,'IL9B3C5NZ8V',3,58.08),(1399,1,'CY38BIO5GS',5,91.41),(1400,1,'G_2F6AM7X2',11,155.28),(1400,2,'8M5UZ/',3,55.55),(1400,3,'O16NT5DYND',4,84.75),(1400,4,'I1V7UNRC',5,98.06),(1401,1,'0M65/',2,51.77),(1401,2,'V4VF_DI94',9,154.41),(1401,3,'1TGTD4LQ9N',4,83.99),(1401,4,'U2IT3DIS8',3,82.54),(1401,5,'NVJ9OAO4WI0',1,17.79),(1401,6,'EUYNKC2NZ',1,25.39),(1401,7,'N_8MID',4,92.39),(1401,8,'LL0E3GA4X',0,6.62),(1401,9,'5111X/5M1ZS',1,12.50),(1401,10,'-4YHGX34Z',12,222.32),(1401,11,'SDFXW',0,0.98),(1401,12,'MEJPPB',6,143.53),(1401,13,'WMF3XH',0,0.39),(1401,14,'6V9FCII',0,4.29),(1401,15,'D3UK/O',3,64.92),(1401,16,'X417A0PY',2,34.80),(1401,17,'L9Y5U',2,49.63),(1401,18,'Q3YHOTI66',4,71.34),(1401,19,'SIKT6O',2,45.92),(1401,20,'PXDOS-AM',1,9.47),(1402,1,'C1_T1S6KK6',0,1.16),(1403,1,'S-FEKR0FI',3,50.00),(1403,2,'09KZYM5RX',2,51.04),(1404,1,'7A9CMU',3,31.04),(1404,2,'PZLGPSTO',1,16.16),(1405,1,'DCGCMW',1,26.14),(1405,2,'FVIPWP',7,148.84),(1405,3,'-39W7BNHXC',1,17.03),(1405,4,'GRRJP',5,77.17),(1405,5,'Z0XZL',0,2.85),(1405,6,'JN3CRHFDE5I',1,12.97),(1405,7,'14R4IMYCRI',1,20.88),(1406,1,'NVJ9OAO4WI0',2,35.43),(1406,2,'OQWZUD3MH3J',3,54.25),(1406,3,'CSKBU',3,63.34),(1407,1,'J1NK8WLEQXV',1,18.10),(1407,2,'7B7DUJ',0,4.40),(1408,1,'EEABEFI9QDN',2,42.22),(1408,2,'A-ER-9LA8X',2,34.59),(1408,3,'QJRX_R6OM',3,51.13),(1408,4,'LJS4C_6E-ZF',2,54.50),(1408,5,'HN2YN0DLY1',4,97.11),(1408,6,'774LJAL',3,59.14),(1408,7,'UKEYB62A/IS',0,0.72),(1408,8,'Z2J4PC',1,10.19),(1408,9,'OWDUG',1,15.99),(1408,10,'IV/U/IBW',12,264.53),(1408,11,'-VGTO',5,116.58),(1408,12,'SRW2P-',7,170.55),(1408,13,'-XFW7RL-419',3,53.67),(1408,14,'DV0BWXX//0N',15,303.37),(1408,15,'D/RINAK2',4,109.85),(1408,16,'81P-I9',11,175.81),(1409,1,'1XOLY',0,6.56),(1409,2,'7TO913369',2,54.94),(1409,3,'6V9FCII',1,26.64),(1410,1,'X_X61CXHVD',4,80.64),(1411,1,'BVBLMQOE1',1,13.29),(1411,2,'V7B6FIK',3,62.66),(1411,3,'2GA1K9',0,14.46),(1411,4,'VPOWDB26',0,5.50),(1411,5,'L7AC1',7,189.69),(1411,6,'8S_21TXUQO3',1,9.30),(1412,1,'UMH0N0I',0,5.71),(1412,2,'0WW6JLOO',6,108.03),(1412,3,'9N4MR',9,168.90),(1413,1,'RCK96O',7,127.90),(1414,1,'M5-W/Y8',2,36.65),(1414,2,'TLCHG2H',3,46.77),(1414,3,'M78GT2N',0,3.44),(1414,4,'UQH-S1OPY8_',0,2.51),(1414,5,'Q1-4/DS',0,2.40),(1415,1,'7TI8DUFJ6IL',1,22.76),(1415,2,'I-EVD2',6,146.07),(1415,3,'OMYMT',1,34.85),(1416,1,'8QMZA8RWQ',6,122.78),(1416,2,'BVBLMQOE1',4,81.01),(1417,1,'X_X61CXHVD',2,40.25),(1417,2,'XLDXFPNF',11,232.75),(1418,1,'SWL/RLB9',7,148.62),(1419,1,'C24-U8XIA8M',11,211.64),(1419,2,'PIZYO_RLNKF',3,59.49),(1419,3,'_TL3ZFW/',8,176.67),(1420,1,'GU1LC6YTWB',0,7.73),(1420,2,'NL-5PI',4,79.07),(1420,3,'DP92CVU0',6,109.66),(1420,4,'J-Y53HO',2,43.08),(1420,5,'NSS339-',0,1.83),(1420,6,'K2M0XIT_L3B',3,58.38),(1420,7,'JUK3Z-9I',1,19.96),(1420,8,'U/H_S9R1',2,46.63),(1420,9,'E016Y/3GM',1,28.71),(1420,10,'V1T5D',2,29.64),(1421,1,'L7FKK0KN0QV',3,27.44),(1421,2,'2G1ZH-BA9',3,68.70),(1421,3,'SWL/RLB9',3,70.55),(1421,4,'6X1_P2QZ',1,17.49),(1421,5,'YUWYCZFK5',8,131.54),(1421,6,'GQ0W/C',10,156.85),(1422,1,'NGDSJ9ZXL_',3,53.54),(1422,2,'SDFXW',6,56.09),(1422,3,'K3MY4F2H',3,76.58),(1422,4,'C24-U8XIA8M',1,16.87),(1422,5,'7YG4A4',4,100.82),(1422,6,'UQH-S1OPY8_',8,147.02),(1422,7,'XTSY073EM',3,70.27),(1422,8,'X03XWUZ46BX',1,10.01),(1423,1,'SRG9QKL7',7,198.50),(1423,2,'RZH6EGWK',4,76.28),(1423,3,'CGL0I56O',0,10.41),(1423,4,'7VQ-DBYJ4M',7,118.84),(1423,5,'58MCZW460O',1,32.59),(1424,1,'9YO9A/-9',4,73.65),(1424,2,'//X46J',4,88.91),(1424,3,'KA1CPD',1,18.73),(1425,1,'C9D53',6,134.29),(1425,2,'_FPE0729T6',1,15.65),(1425,3,'78E33-BRW2',5,81.10),(1425,4,'K0QWSUQL',6,164.36),(1426,1,'O2T0RF9M',1,24.20),(1426,2,'7YG4A4',2,46.82),(1426,3,'Z0XZL',0,7.27),(1426,4,'V7B6FIK',1,18.00),(1426,5,'PXDOS-AM',0,5.39),(1426,6,'YJYF/',1,30.95),(1426,7,'6SYF-1I',1,29.97),(1426,8,'K3MY4F2H',1,4.89),(1426,9,'0WW6JLOO',3,55.33),(1426,10,'F-FOVYVW',7,120.23),(1426,11,'SM3OB0EV32',4,76.81),(1426,12,'JQ6YF6',3,67.91),(1426,13,'OSQ71PCQMUW',5,119.81),(1426,14,'P5YB6QHS',9,175.38),(1427,1,'5L/E5PNEJPM',0,2.96),(1427,2,'QLHCFCS5DH',7,177.94),(1427,3,'4NW/2HVUY',3,67.95),(1427,4,'K03_AMC-Z',7,143.99),(1427,5,'SWL/RLB9',2,36.59),(1427,6,'BFM2QDZR0',2,35.91),(1427,7,'3U38F5/R',1,14.65),(1427,8,'CRA9_40M_',2,34.64),(1427,9,'X87LDNMBWPP',6,124.69),(1427,10,'K4O_O/',7,108.03),(1427,11,'GI8Z/80P7',1,15.96),(1428,1,'OWDUG',3,53.72),(1428,2,'TC0GUIAWP',4,76.68),(1428,3,'SDWMV',1,24.10),(1428,4,'BVBLMQOE1',1,20.08),(1428,5,'G2ZTL',8,184.81),(1428,6,'4KZCQZZY',1,13.20),(1428,7,'13_96OK6CZ',12,281.50),(1428,8,'SRW2P-',4,92.67),(1429,1,'13_96OK6CZ',2,41.88),(1429,2,'ELV38K5X',0,2.39),(1429,3,'XWJ3M848S',2,28.73),(1430,1,'7TI8DUFJ6IL',0,6.08),(1430,2,'1N26DI',0,12.74),(1430,3,'DBL/3',2,37.72),(1430,4,'3ZYWX',0,3.05),(1430,5,'K3MY4F2H',1,33.77),(1430,6,'DR6L23S__',0,9.26),(1430,7,'MWMGC',6,106.80),(1430,8,'TK2NRK8TZA',2,36.94),(1431,1,'GQPUTBQ13Q',4,106.35),(1431,2,'L7FKK0KN0QV',8,142.17),(1431,3,'XW2P8TF2WMK',1,12.72),(1431,4,'AVH1Y6L228',0,4.59),(1432,1,'T/U-F4V0EQ',3,50.24),(1432,2,'U/H_S9R1',1,22.67),(1433,1,'XP_C0K',3,70.05),(1433,2,'PZLGPSTO',1,20.76),(1433,3,'LY8WW9-0T6',2,37.10),(1433,4,'T/U-F4V0EQ',5,46.83),(1434,1,'N1U51ZB-79',1,21.03),(1434,2,'5M12Z8H',5,129.23),(1434,3,'W7AYGAA-L',0,5.44),(1434,4,'45DPSL6/4',6,91.56),(1434,5,'O16NT5DYND',0,2.47),(1434,6,'F89XCO89J',0,10.57),(1434,7,'BEJ5HXQ',3,29.96),(1435,1,'O2T0RF9M',5,128.66),(1436,1,'8IPC8T0-3',0,3.85),(1436,2,'JTU5_-/4BY-',4,68.06),(1437,1,'KW7PU/O',2,45.51),(1437,2,'D3UK/O',4,81.61),(1437,3,'PAI0W',5,126.33),(1437,4,'Q/KZZ59',1,14.07),(1437,5,'SWOND/',3,67.95),(1437,6,'LR04SW3Z9',0,0.54),(1437,7,'XE92S4XMV',0,4.06),(1438,1,'WW68N8I',2,47.00),(1439,1,'A-ER-9LA8X',5,107.28),(1440,1,'3IF569',0,5.83),(1440,2,'K03_AMC-Z',5,91.19),(1440,3,'1N26DI',1,15.32),(1440,4,'D_9NLUILZ_A',1,35.61),(1441,1,'GQPUTBQ13Q',8,223.37),(1441,2,'VI8IZSCBC',2,34.54),(1441,3,'IL9B3C5NZ8V',4,66.00),(1441,4,'B-RM878KO',2,41.51),(1441,5,'9GTB09L8//',3,46.41),(1441,6,'DS3CJ6',2,28.55),(1441,7,'GBZ4AS44',0,10.84),(1441,8,'5Z3C1Q5',1,30.94),(1441,9,'44KF_79',5,114.18),(1441,10,'51TXZW',0,1.21),(1441,11,'7YG4A4',2,58.19),(1441,12,'GRRJP',5,74.64),(1441,13,'B3B1BGL',2,36.13),(1442,1,'D5/5J',2,30.08),(1442,2,'J_GZU60XV',1,14.10),(1442,3,'6-64OKE-P',1,11.79),(1443,1,'OWDUG',6,112.38),(1443,2,'IL9B3C5NZ8V',0,8.33),(1443,3,'UKEYB62A/IS',6,129.57),(1444,1,'RCK96O',4,70.33),(1444,2,'ZXXVJUU8VDU',2,43.34),(1444,3,'SDWMV',4,123.43),(1444,4,'3B6YGH--B',1,24.96),(1445,1,'JUK3Z-9I',6,79.26),(1445,2,'N_8MID',7,181.70),(1446,1,'_GX2QDDUKIG',1,31.06),(1446,2,'5V_FMLWFX',0,8.87),(1446,3,'BNU49CDX59W',8,87.30),(1446,4,'Z5CSKRY',3,90.00),(1446,5,'XG2GU78E2_1',6,122.09),(1446,6,'-ZMSUHH9H4D',6,95.17),(1446,7,'FVIPWP',2,39.45),(1446,8,'WB2U_A8',9,194.83),(1447,1,'XWJ3M848S',3,48.53),(1447,2,'JTU5_-/4BY-',5,77.36),(1447,3,'I87DPH25O',3,69.39),(1447,4,'SFK3XZ',1,8.11),(1447,5,'6Y7XMO',7,130.55),(1447,6,'O2T0RF9M',13,310.11),(1447,7,'MEJPPB',2,55.06),(1448,1,'O82S1ZAEZ',2,44.13),(1448,2,'0--WXEOMGI/',4,29.11),(1448,3,'NGWRIOW',2,35.22),(1448,4,'0MP0_M',1,26.11),(1448,5,'TK2NRK8TZA',1,5.94),(1448,6,'KJ8GJOT',3,70.63),(1448,7,'7B7DUJ',2,18.80),(1448,8,'SDFXW',0,3.45),(1448,9,'PTN7/',1,20.54),(1448,10,'-ZMSUHH9H4D',0,0.79),(1448,11,'1N26DI',1,33.95),(1448,12,'0M65/',0,3.66),(1449,1,'Q1-4/DS',0,4.51),(1449,2,'DD0/1_K',1,13.05),(1449,3,'3/2XCNQI',3,65.62),(1449,4,'L7AC1',4,101.46),(1449,5,'OPYWQA',2,26.28),(1449,6,'YUWYCZFK5',1,22.91),(1450,1,'XGGWGMH_F',1,16.11),(1450,2,'9GTB09L8//',4,63.87),(1450,3,'M7K9F6',5,119.29),(1451,1,'SYJVVQ',0,4.12),(1451,2,'2G1ZH-BA9',4,73.72),(1451,3,'A7Q89LCW4',4,70.46),(1451,4,'I8DNU',4,66.76),(1451,5,'45DPSL6/4',3,48.55),(1451,6,'UKEYB62A/IS',1,21.64),(1451,7,'IUW2M',4,89.95),(1451,8,'X417A0PY',2,37.57),(1451,9,'_FPE0729T6',8,130.41),(1451,10,'8IPC8T0-3',13,233.60),(1451,11,'V-FJ9-2',4,58.10),(1452,1,'N19_MPRF0Z6',3,46.95),(1452,2,'3B6YGH--B',4,90.80),(1453,1,'N_8MID',2,55.10),(1453,2,'C/OYQQ',9,186.90),(1454,1,'EYC-9CM',4,72.84),(1454,2,'5Z3C1Q5',8,174.33),(1454,3,'BNU49CDX59W',0,7.78),(1455,1,'LC7MN2SP5',8,180.40),(1455,2,'H-ACUF7',0,9.93),(1455,3,'3U38F5/R',4,102.02),(1455,4,'O68DJ',2,37.47),(1455,5,'ZGDNWL',4,78.21),(1455,6,'G5WZLCF5DZJ',7,147.59),(1455,7,'1XOLY',4,71.26),(1455,8,'N19_MPRF0Z6',2,36.94),(1455,9,'S/ZRAS',3,60.37),(1455,10,'/HQ71C3NC9A',4,70.66),(1456,1,'A5_2JJUZ2',3,72.72),(1456,2,'Z2J4PC',6,84.41),(1456,3,'CGL0I56O',3,87.54),(1456,4,'5G0K5NT9',0,0.21),(1457,1,'G-STM-7',19,289.05),(1457,2,'4D30FBACB',1,15.36),(1457,3,'R4LXJHIEZ',6,134.84),(1457,4,'NF43E',1,22.01),(1458,1,'NGDSJ9ZXL_',2,15.68),(1458,2,'C/OYQQ',4,89.59),(1458,3,'YI2ZL427_',3,85.66),(1459,1,'1TGTD4LQ9N',7,133.39),(1459,2,'WI/N8G',1,18.63),(1459,3,'5M12Z8H',4,84.68),(1459,4,'3G8H8U',6,142.43),(1459,5,'8-9EHYHR',6,122.37),(1459,6,'9OQKID3WIP',3,60.93),(1460,1,'SM3OB0EV32',1,27.73),(1461,1,'DJ0/NMEK36',5,120.84),(1461,2,'W6XVHLYCR',5,128.82),(1461,3,'4YYGYVAE',2,32.99),(1462,1,'670DJMAT',1,30.71),(1462,2,'JONF6W-1R',5,76.37),(1462,3,'NVJ9OAO4WI0',0,8.52),(1463,1,'DV0BWXX//0N',5,97.19),(1464,1,'ZM-OJ5HW7',0,6.49),(1464,2,'8EPZ3H-DY',10,212.30),(1464,3,'FVIPWP',2,40.05),(1465,1,'W6XVHLYCR',1,19.28),(1465,2,'X417A0PY',1,13.29),(1465,3,'U/H_S9R1',5,127.86),(1465,4,'LL0E3GA4X',0,4.29),(1465,5,'ZWLOTJW58S',1,7.94),(1465,6,'2GJUEL4',0,8.93),(1465,7,'ORA6/UMW',3,61.54),(1465,8,'IUW2M',1,20.21),(1465,9,'IZ15WC8EBX',4,77.69),(1466,1,'CRA9_40M_',0,0.52),(1466,2,'3B6YGH--B',2,40.95),(1466,3,'OJS_-5V',8,185.55),(1467,1,'7G2OHF',3,61.28),(1467,2,'GL7/23',14,274.37),(1467,3,'/O_KJ1UM/',2,28.14),(1467,4,'NSS339-',5,116.26),(1467,5,'X87LDNMBWPP',0,1.76),(1467,6,'7826F5',7,90.79),(1467,7,'AE31ZT',12,278.12),(1467,8,'X6LDU',5,119.69),(1467,9,'A7Q89LCW4',0,5.03),(1467,10,'WY3KL0',3,59.08),(1468,1,'V2RRKTF/',2,51.43),(1468,2,'1TGTD4LQ9N',2,50.27),(1468,3,'IV/U/IBW',5,102.74),(1469,1,'BEJ5HXQ',1,11.82),(1469,2,'LMMC67',7,147.66),(1469,3,'3B6YGH--B',9,199.22),(1469,4,'1G5XVKNPFN',8,127.42),(1469,5,'VD6TF3OK',6,113.76),(1469,6,'TFH-U',2,46.93),(1470,1,'-Q/IFQPR',0,4.41),(1470,2,'8S_21TXUQO3',2,28.19),(1471,1,'2Z589M2GMLQ',3,76.02),(1471,2,'Z-FBN9OPW1',0,8.66),(1471,3,'NGWRIOW',3,42.77),(1471,4,'8QMZA8RWQ',1,31.26),(1471,5,'A5_2JJUZ2',1,16.34),(1472,1,'KJ8GJOT',0,5.59),(1472,2,'YUWYCZFK5',3,53.88),(1472,3,'O3W6FVCR_7',7,128.87),(1472,4,'GRRJP',12,98.23),(1472,5,'RZH6EGWK',0,3.30),(1472,6,'36S8ZZVQ5F',6,114.12),(1472,7,'PZLGPSTO',1,14.87),(1472,8,'X_X61CXHVD',5,92.17),(1472,9,'B-RM878KO',4,63.35),(1473,1,'83_JT_RE',2,48.84),(1473,2,'DBZY0I_/I88',0,12.13),(1473,3,'Q8DTY',4,83.40),(1473,4,'AE31ZT',3,74.47),(1473,5,'4B73MPNA',5,89.39),(1473,6,'ABT3R0',8,145.51),(1473,7,'U5A3PZ9F1/',2,28.68),(1473,8,'D_WO0YDD1_',0,2.46),(1473,9,'PY0CCMXZU',0,1.71),(1473,10,'RN3-4R',6,71.64),(1473,11,'87KC1OQ7',7,138.05),(1473,12,'LY8WW9-0T6',2,37.42),(1473,13,'BV4AP',7,117.21),(1473,14,'-VGTO',1,17.79),(1473,15,'U/H_S9R1',0,3.84),(1474,1,'9GTB09L8//',2,27.70),(1474,2,'46JUJWIMON',2,41.38),(1474,3,'MKVRUXC',1,20.99),(1474,4,'F89XCO89J',0,0.26),(1474,5,'LJS4C_6E-ZF',2,60.25),(1474,6,'GIPWJ62ZQA0',0,4.11),(1474,7,'SIKT6O',3,56.51),(1474,8,'NVJ9OAO4WI0',5,99.72),(1474,9,'3SO7HE/JMLB',0,2.64),(1474,10,'I--I9JJ',7,185.78),(1474,11,'JONF6W-1R',2,28.78),(1474,12,'U2IT3DIS8',3,67.53),(1474,13,'Y6SJJ7GQ',2,40.99),(1475,1,'KOET-6',6,149.96),(1475,2,'DCGCMW',7,156.42),(1475,3,'5L/E5PNEJPM',1,25.59),(1475,4,'IYRDC7CLOS7',0,0.24),(1475,5,'PAI0W',1,22.28),(1475,6,'M78GT2N',3,43.10),(1475,7,'57CYGS03G',5,86.66),(1476,1,'SWOND/',1,27.07),(1476,2,'G-T70U',6,135.76),(1476,3,'E016Y/3GM',0,3.80),(1476,4,'6SYF-1I',1,10.11),(1477,1,'EMCLW1QNKNZ',2,37.68),(1477,2,'K0QWSUQL',0,5.82),(1478,1,'45DPSL6/4',1,15.64),(1478,2,'EYC-9CM',5,103.00),(1478,3,'DBL/3',2,31.33),(1478,4,'D/RINAK2',12,309.48),(1478,5,'O16NT5DYND',12,220.30),(1478,6,'I_JKWDXB',3,45.44),(1479,1,'2/4KR7T-Z/8',11,233.19),(1479,2,'G-STM-7',2,40.50),(1480,1,'P1QI73-9XQH',0,0.50),(1480,2,'GQ0W/C',0,0.85),(1481,1,'_1-QAAJ4J',2,39.86),(1481,2,'L9Y5U',3,72.21),(1481,3,'O2T0RF9M',1,24.56),(1482,1,'NL-5PI',3,64.12),(1482,2,'64L6WM1ER',0,1.10),(1482,3,'YXXF7',1,16.09),(1483,1,'AY52TT_Y',2,37.74),(1483,2,'YUNI1',1,11.49),(1483,3,'LJDVWYE',12,297.03),(1483,4,'W-8FCFUP2',5,97.69),(1483,5,'X87LDNMBWPP',6,142.50),(1484,1,'-39W7BNHXC',8,175.60),(1484,2,'V4VF_DI94',0,3.55),(1484,3,'36S8ZZVQ5F',5,91.59),(1484,4,'QE33JQA7',1,13.43),(1484,5,'2B55IB1YLS',1,19.57),(1484,6,'FKABF',2,26.84),(1484,7,'/MLV6',4,69.64),(1484,8,'8QB9GX3QGS',2,42.95),(1484,9,'A7Q89LCW4',6,110.88),(1484,10,'PECV/YN',1,30.83),(1485,1,'O16NT5DYND',3,67.68),(1485,2,'YGVRJQCG',5,74.58),(1486,1,'WI/N8G',0,8.30),(1486,2,'670DJMAT',2,35.40),(1487,1,'YXXF7',5,113.84),(1487,2,'2/4KR7T-Z/8',4,78.47),(1488,1,'D_9NLUILZ_A',1,17.02),(1488,2,'R4LXJHIEZ',11,252.45),(1488,3,'XLDXFPNF',6,138.74),(1488,4,'NM07E-L',8,198.56),(1489,1,'AXXXFYICJDT',12,208.09),(1489,2,'KFQZMI',3,98.86),(1489,3,'7B7DUJ',2,34.44),(1490,1,'ELV38K5X',1,22.18),(1490,2,'TK2NRK8TZA',4,96.71),(1490,3,'F_Y06Y-VY',1,35.22),(1491,1,'W7AYGAA-L',1,9.96),(1491,2,'PY0CCMXZU',3,47.88),(1491,3,'U5A3PZ9F1/',1,10.74),(1491,4,'BNU49CDX59W',5,97.85),(1491,5,'G3J3PPCOFGG',1,14.39),(1492,1,'XG2GU78E2_1',1,22.49),(1492,2,'031O36F6ZYM',8,195.19),(1492,3,'8PRW/8MS',1,28.05),(1492,4,'BMP1UX/',1,31.33),(1492,5,'GBZ4AS44',5,98.31),(1492,6,'T/U-F4V0EQ',4,72.47),(1492,7,'WI/N8G',3,69.92),(1492,8,'HYTRD',3,61.94),(1492,9,'STHK0N3IM',2,33.80),(1492,10,'4KZCQZZY',3,57.60),(1492,11,'ZLP75E0ZNQ',4,70.33),(1492,12,'D/RINAK2',1,19.88),(1492,13,'6/VCB6A2',0,3.58),(1493,1,'1PKR_R9',8,177.22),(1493,2,'2F1-WKLGW',2,41.73),(1493,3,'GI8Z/80P7',6,117.27),(1493,4,'//X46J',7,158.13),(1493,5,'H-ACUF7',5,99.24),(1493,6,'46ECI908Y',4,65.82),(1493,7,'JONF6W-1R',3,53.63),(1493,8,'J-Y53HO',3,45.26),(1494,1,'5G0K5NT9',2,35.83),(1494,2,'DNFVHEIS0/V',7,173.38),(1495,1,'C/OYQQ',1,29.12),(1495,2,'RQ9YGZ3PE',9,192.92),(1495,3,'1TLGY77AME',2,41.58),(1496,1,'5G0K5NT9',1,15.95),(1496,2,'1S411',4,34.72),(1496,3,'WY3KL0',1,37.68),(1497,1,'SWOND/',0,1.07),(1497,2,'0U8S/B',1,7.63),(1497,3,'A7Q89LCW4',1,11.31),(1497,4,'NJNHA-L5VQ',12,200.97),(1497,5,'I_JKWDXB',1,16.55),(1497,6,'XTSY073EM',3,74.52),(1498,1,'NM07E-L',3,77.18),(1498,2,'46ECI908Y',3,41.66),(1498,3,'N683TT4IB',2,49.29),(1499,1,'W7AYGAA-L',0,0.56),(1499,2,'6/VCB6A2',1,20.59),(1500,1,'UMH0N0I',8,134.91),(1500,2,'MWMGC',11,217.23),(1500,3,'UMH0N0I',3,52.43),(1500,4,'WB2U_A8',7,163.09),(1501,1,'DOTM9LM-MX',2,44.28),(1501,2,'RXJ5DGY2U',0,2.45),(1501,3,'3C1MZ--QI',4,87.66),(1501,4,'VH_9X0ZE02',3,28.91),(1501,5,'C1_T1S6KK6',1,15.59),(1502,1,'G_2F6AM7X2',0,3.85),(1502,2,'PY0CCMXZU',3,43.51),(1502,3,'0L/ZY3OP5AS',1,27.01),(1502,4,'774LJAL',3,54.67),(1502,5,'G2ZTL',3,65.31),(1502,6,'XE92S4XMV',11,194.65),(1502,7,'LAYW/OOEUYN',2,58.19),(1502,8,'TC0GUIAWP',6,128.10),(1502,9,'AXXXFYICJDT',0,7.87),(1502,10,'XP_C0K',2,12.95),(1502,11,'8EPZ3H-DY',1,27.07),(1503,1,'LMMC67',1,26.01),(1503,2,'7A9CMU',2,35.54),(1503,3,'E/768',1,16.98),(1503,4,'4YYGYVAE',1,27.06),(1504,1,'E2QXPJL_P1',7,145.07),(1505,1,'J1NK8WLEQXV',2,11.72),(1506,1,'M78GT2N',11,167.23),(1506,2,'LC7MN2SP5',1,27.32),(1506,3,'J_GZU60XV',3,55.95),(1506,4,'2GJUEL4',2,49.31),(1506,5,'-4YHGX34Z',3,59.56),(1507,1,'UTCT2CW',2,41.57),(1507,2,'3I356',3,35.43),(1507,3,'GL7/23',0,6.70),(1507,4,'YD1/MHO4YLI',17,389.40),(1507,5,'C/OYQQ',0,9.64),(1508,1,'GRRJP',1,21.81),(1508,2,'2F1-WKLGW',5,107.15),(1508,3,'YTY4SH_',2,15.00),(1508,4,'XO29ZV-L',2,46.64),(1508,5,'A0SKJ_I/U9M',9,163.95),(1508,6,'IYRDC7CLOS7',13,239.42),(1509,1,'RTH3IRUT_8V',1,19.14),(1509,2,'LC7MN2SP5',1,21.99),(1510,1,'QJRX_R6OM',2,35.28),(1510,2,'OPYWQA',0,6.07),(1510,3,'A7Q89LCW4',10,183.95),(1510,4,'QVZX_U17/E',1,15.14),(1510,5,'NGWRIOW',9,156.17),(1510,6,'7OQBEQYKQ_',1,24.98),(1511,1,'D63I7X_DWH',8,224.15),(1511,2,'AY52TT_Y',7,133.31),(1511,3,'I8DNU',0,0.28),(1511,4,'KVFNS9',7,153.98),(1511,5,'7826F5',4,83.13),(1511,6,'V-FJ9-2',5,124.09),(1511,7,'V-FJ9-2',2,58.65),(1511,8,'2CNEU2THPHM',1,26.36),(1512,1,'IV/U/IBW',1,18.25),(1512,2,'DOTM9LM-MX',7,161.32),(1512,3,'YGVRJQCG',1,13.31),(1512,4,'3U38F5/R',8,200.43),(1512,5,'TK2NRK8TZA',1,14.51),(1512,6,'O2T0RF9M',4,85.62),(1512,7,'5/3QB323',7,152.00),(1512,8,'NGWRIOW',0,4.46),(1513,1,'BFM2QDZR0',7,134.80),(1513,2,'D/NA/',8,177.01),(1513,3,'ZZDDSWOM3',3,54.92),(1513,4,'/XYAP8',3,75.15),(1513,5,'HYTRD',5,90.46),(1514,1,'U/H_S9R1',1,16.90),(1514,2,'Z5CSKRY',5,79.51),(1515,1,'2CNEU2THPHM',9,195.44),(1515,2,'J-Y53HO',1,14.99),(1515,3,'GI8Z/80P7',4,86.17),(1515,4,'-OPC/5VNMHB',2,37.96),(1515,5,'C24-U8XIA8M',2,13.07),(1515,6,'1XOLY',0,8.82),(1515,7,'G5WZLCF5DZJ',0,2.29),(1515,8,'I_JKWDXB',9,149.15),(1515,9,'1XOLY',1,10.42),(1515,10,'-_HC-',9,242.76),(1515,11,'C9D53',0,6.55),(1515,12,'X03XWUZ46BX',4,63.40),(1515,13,'WW68N8I',22,416.54),(1515,14,'GRRJP',9,132.50),(1515,15,'EFM-15CUOE1',3,53.11),(1515,16,'58MCZW460O',3,64.25),(1515,17,'-XFW7RL-419',4,74.61),(1515,18,'RTH3IRUT_8V',3,55.02),(1515,19,'JSB4B4',10,201.70),(1515,20,'ABT3R0',1,10.55),(1515,21,'8UMAI44Q16G',3,48.80),(1515,22,'OJS_-5V',5,125.21),(1515,23,'NOLTGD',1,12.23),(1516,1,'/HQ71C3NC9A',7,107.38),(1516,2,'OI1MX5ODP',4,72.18),(1516,3,'ORA6/UMW',2,37.05),(1517,1,'XP_C0K',7,145.78),(1517,2,'A-ER-9LA8X',2,34.08),(1517,3,'5M12Z8H',3,60.90),(1518,1,'I8DNU',1,24.68),(1518,2,'57E1XJ3ZU',3,62.15),(1518,3,'4D30FBACB',1,20.34),(1518,4,'J4727J5',2,42.34),(1519,1,'3U38F5/R',1,35.65),(1519,2,'/HQ71C3NC9A',3,49.30),(1520,1,'84QB/N',1,19.18),(1520,2,'XTSY073EM',1,24.01),(1520,3,'6SYF-1I',2,40.63),(1521,1,'5IV9GK',3,86.21),(1521,2,'HYTRD',0,3.64),(1521,3,'D3UK/O',0,0.05),(1521,4,'_TABP',2,45.93),(1521,5,'YXXF7',3,69.43),(1521,6,'VD6TF3OK',7,134.07),(1521,7,'N_8MID',2,44.70),(1522,1,'DX4PCC',6,143.00),(1522,2,'WB2U_A8',2,37.00),(1522,3,'NOLTGD',1,14.55),(1522,4,'KFQZMI',5,154.43),(1522,5,'XLDXFPNF',2,46.79),(1522,6,'SFK3XZ',1,18.82),(1522,7,'4JOVE9-_XK',6,139.49),(1522,8,'O/Q1XODG/',4,71.28),(1522,9,'R_HL9',1,21.31),(1522,10,'YGVRJQCG',1,21.73),(1522,11,'QQWYR-3',0,0.38),(1522,12,'Z2J4PC',2,24.60),(1522,13,'78E33-BRW2',1,13.58),(1522,14,'CGL0I56O',6,160.64),(1522,15,'-39W7BNHXC',4,81.31),(1522,16,'ZM-OJ5HW7',3,73.06),(1522,17,'MKVRUXC',2,32.71),(1522,18,'GQPUTBQ13Q',2,58.09),(1522,19,'JXZO-59R',1,9.20),(1522,20,'M6YSF9',3,62.93),(1522,21,'0MKOF288VQ',3,82.70),(1522,22,'SFK3XZ',0,7.33),(1522,23,'69F3NHIY',2,26.65),(1523,1,'46ECI908Y',0,7.14),(1524,1,'HL5W/1Z90',1,23.12),(1524,2,'U5A3PZ9F1/',0,3.75),(1524,3,'K/STR_X',7,116.75),(1524,4,'-XFW7RL-419',1,9.54),(1524,5,'G-STM-7',0,6.65),(1525,1,'-39W7BNHXC',8,176.27),(1525,2,'QT50ASKSDH1',2,37.86),(1525,3,'U7K-5ZAY',4,70.19),(1525,4,'DV0BWXX//0N',5,104.20),(1525,5,'E016Y/3GM',12,243.11),(1525,6,'PTN7/',1,8.63),(1525,7,'K2M0XIT_L3B',6,130.70),(1525,8,'I--I9JJ',14,337.40),(1526,1,'VFQYGI',4,79.70),(1526,2,'KVFNS9',0,1.96),(1526,3,'G5WZLCF5DZJ',2,45.85),(1527,1,'OMYMT',3,59.02),(1527,2,'MKVRUXC',10,197.05),(1527,3,'NGDSJ9ZXL_',1,22.94),(1527,4,'5M12Z8H',4,90.95),(1528,1,'7_WD7DF1V',0,5.91),(1528,2,'Z5CSKRY',1,33.76),(1528,3,'DJ5I5',7,157.75),(1528,4,'MOC0V',5,97.50),(1529,1,'8ZA8P1',1,12.91),(1529,2,'8N4OW',1,21.24),(1529,3,'F40K1',2,39.87),(1529,4,'RN3-4R',2,50.79),(1529,5,'CRA9_40M_',1,14.76),(1530,1,'N683TT4IB',2,31.38),(1530,2,'/O_KJ1UM/',3,51.68),(1531,1,'LVJY1U87R',0,6.86),(1531,2,'19-ZH',0,1.20),(1532,1,'-ZZGG',2,39.69),(1532,2,'//X46J',4,48.21),(1532,3,'G5WZLCF5DZJ',2,32.36),(1532,4,'U5A3PZ9F1/',1,25.09),(1533,1,'XO29ZV-L',5,95.58),(1533,2,'0U8S/B',1,13.08),(1533,3,'JONF6W-1R',1,20.94),(1534,1,'UTCT2CW',2,30.78),(1534,2,'AE31ZT',2,44.95),(1534,3,'//X46J',6,131.95),(1535,1,'GYD3R03V6G',16,423.84),(1536,1,'M7K9F6',1,31.78),(1536,2,'8N4OW',2,44.80),(1537,1,'7_WD7DF1V',1,13.69),(1537,2,'A5_2JJUZ2',18,394.26),(1538,1,'66/4XGYS6XU',1,15.98),(1538,2,'Q3YHOTI66',9,153.63),(1538,3,'BV4AP',3,61.18),(1539,1,'LMMC67',4,90.69),(1539,2,'M7K9F6',1,15.77),(1540,1,'D_9NLUILZ_A',5,123.03),(1540,2,'1G5XVKNPFN',0,2.79),(1540,3,'9OQKID3WIP',1,13.83),(1540,4,'7TO913369',3,65.69),(1540,5,'X_E5F82V68',1,21.98),(1540,6,'MKVRUXC',11,222.26),(1541,1,'I_JKWDXB',1,11.13),(1541,2,'6Y7XMO',0,0.03),(1542,1,'OJS_-5V',4,99.20),(1542,2,'64L6WM1ER',10,165.51),(1542,3,'46ECI908Y',6,103.89),(1543,1,'I--I9JJ',2,51.38),(1543,2,'L7FKK0KN0QV',5,51.20),(1544,1,'FVIPWP',1,30.63),(1544,2,'GI8Z/80P7',4,87.44),(1544,3,'G2ZTL',2,49.08),(1544,4,'JUK3Z-9I',8,186.65),(1544,5,'2GA1K9',1,36.04),(1544,6,'AE31ZT',5,108.98),(1544,7,'K2M0XIT_L3B',5,115.35),(1544,8,'-KU7EDA-TG2',1,11.13),(1544,9,'PECV/YN',0,6.40),(1544,10,'7OQBEQYKQ_',12,309.20),(1544,11,'XE92S4XMV',1,19.27),(1544,12,'OMYMT',7,155.18),(1544,13,'X03XWUZ46BX',0,7.73),(1544,14,'-ZMSUHH9H4D',2,25.43),(1544,15,'YD1/MHO4YLI',17,396.01),(1544,16,'8N4OW',3,77.60),(1544,17,'EEABEFI9QDN',0,6.06),(1544,18,'YTY4SH_',9,197.78),(1544,19,'L7AC1',1,27.87),(1545,1,'K_0RI',2,39.69),(1545,2,'-OPC/5VNMHB',9,204.59),(1545,3,'ZVNGYU',8,149.34),(1546,1,'ES9_IUUY',2,40.16),(1546,2,'QT50ASKSDH1',5,103.54),(1546,3,'1DOV0_-',2,9.96),(1546,4,'J-Y53HO',2,27.85),(1546,5,'WMF3XH',2,54.21),(1546,6,'I8DNU',2,37.80),(1546,7,'2URHXCSN_G/',2,38.60),(1546,8,'L00/KC',0,8.89),(1546,9,'K3MY4F2H',2,50.49),(1546,10,'HL5W/1Z90',1,14.42),(1546,11,'/O_KJ1UM/',0,0.52),(1547,1,'FVIPWP',0,0.48),(1547,2,'NVE1QPDTGT',0,2.72),(1548,1,'7OQBEQYKQ_',3,67.15),(1548,2,'K4O_O/',1,16.65),(1548,3,'HZVG2-74RJ1',6,116.03),(1548,4,'KJ8GJOT',2,44.40),(1548,5,'GBZ4AS44',3,72.93),(1548,6,'6/VCB6A2',5,97.17),(1548,7,'GM/R4/1Q',3,45.46),(1548,8,'WI/N8G',4,91.67),(1549,1,'66/4XGYS6XU',0,0.75),(1549,2,'SWOND/',4,84.37),(1549,3,'1O5XQP',2,60.37),(1549,4,'V-FJ9-2',4,114.43),(1549,5,'2BKRN1SKCC',3,70.88),(1549,6,'VH_9X0ZE02',9,195.64),(1549,7,'YD1/MHO4YLI',6,129.49),(1549,8,'L/WEB',1,17.73),(1549,9,'MWMGC',1,14.31),(1549,10,'OSQ71PCQMUW',7,194.63),(1549,11,'A3W4VD2Z/_',2,23.85),(1549,12,'RATOD5',3,45.07),(1549,13,'0--WXEOMGI/',2,36.83),(1549,14,'EUYNKC2NZ',0,0.57),(1550,1,'B3B1BGL',0,10.84),(1550,2,'R4LXJHIEZ',3,25.03),(1551,1,'L0_RO_X7',1,24.93),(1551,2,'I87DPH25O',6,131.16),(1551,3,'CY38BIO5GS',2,30.23),(1551,4,'NSS339-',0,6.53),(1551,5,'13_96OK6CZ',1,13.10),(1551,6,'GI8Z/80P7',2,31.88),(1551,7,'V7B6FIK',1,13.15),(1551,8,'CSKBU',2,44.89),(1552,1,'9TZC/BR4',0,3.88),(1552,2,'KOET-6',11,260.87),(1552,3,'8N4OW',0,8.58),(1552,4,'JK3JIKFQPW',1,11.59),(1552,5,'7VQ-DBYJ4M',0,2.63),(1552,6,'VH_9X0ZE02',2,34.80),(1553,1,'M78GT2N',4,56.66),(1553,2,'51TXZW',2,42.48),(1553,3,'DNFVHEIS0/V',15,352.96),(1553,4,'5-FCDBRCR',4,79.83),(1553,5,'NSS339-',7,159.15),(1553,6,'AJGC_14',10,165.74),(1553,7,'DNFVHEIS0/V',0,5.88),(1553,8,'I8DNU',3,65.84),(1553,9,'AVH1Y6L228',1,10.13),(1553,10,'G3MZZ1',1,17.70),(1553,11,'3C1MZ--QI',2,52.77),(1553,12,'ZYNJTXAT25',3,70.04),(1553,13,'X417A0PY',1,16.40),(1553,14,'B-RM878KO',1,11.93),(1553,15,'D3UK/O',2,36.51),(1554,1,'LW457K_',7,153.36),(1554,2,'45DPSL6/4',5,81.69),(1554,3,'MEJPPB',8,184.98),(1554,4,'YUWYCZFK5',5,98.74),(1554,5,'ES9_IUUY',1,16.01),(1554,6,'KVFNS9',1,25.09),(1554,7,'78E33-BRW2',5,43.67),(1554,8,'NL-5PI',1,12.37),(1555,1,'GQPUTBQ13Q',2,53.48),(1556,1,'SFK3XZ',0,4.01),(1556,2,'66/4XGYS6XU',2,36.89),(1556,3,'WY3KL0',0,3.85),(1556,4,'TQXXT0Z42X',0,7.23),(1556,5,'2/4KR7T-Z/8',0,10.45),(1556,6,'2/4KR7T-Z/8',5,106.28),(1557,1,'PECV/YN',1,14.03),(1557,2,'O3W6FVCR_7',1,26.79),(1557,3,'HL5W/1Z90',0,7.25),(1558,1,'09KZYM5RX',4,62.61),(1559,1,'/2TUN',0,9.06),(1559,2,'VXYGMV',2,43.44),(1559,3,'57E1XJ3ZU',3,60.17),(1560,1,'-KU7EDA-TG2',0,5.68),(1561,1,'L9Y5U',3,64.25),(1561,2,'2F1-WKLGW',4,75.74),(1561,3,'6X9154W0GEG',18,264.70),(1561,4,'PIZYO_RLNKF',11,120.86),(1562,1,'70K-4S_',1,20.01),(1562,2,'LJDVWYE',1,31.04),(1562,3,'ZZDDSWOM3',1,24.82),(1563,1,'WO62N4VJ',5,112.43),(1563,2,'Z_WFC93-',6,153.99),(1563,3,'JQH9FVIO',5,115.88),(1563,4,'R_HL9',1,29.48),(1563,5,'R0FYM2-MN',10,251.38),(1563,6,'66/4XGYS6XU',2,35.19),(1564,1,'O16NT5DYND',1,13.45),(1565,1,'57CYGS03G',7,113.32),(1565,2,'Y6SJJ7GQ',1,17.09),(1565,3,'-KU7EDA-TG2',0,3.56),(1565,4,'4B73MPNA',4,69.31),(1566,1,'C/OYQQ',4,72.64),(1566,2,'S-UKU8-SPMK',1,14.90),(1566,3,'3SO7HE/JMLB',7,143.21),(1567,1,'O5QCZWZ30N',3,47.45),(1567,2,'2CNEU2THPHM',0,7.59),(1567,3,'DJ0/NMEK36',3,67.03),(1567,4,'81P-I9',0,1.54),(1567,5,'O/Q1XODG/',1,8.89),(1567,6,'C1_T1S6KK6',0,3.46),(1567,7,'I84-J',0,2.13),(1567,8,'TC0GUIAWP',1,13.60),(1567,9,'8IPC8T0-3',1,17.59),(1567,10,'Q3YHOTI66',2,41.02),(1567,11,'S-FEKR0FI',2,29.27),(1567,12,'_3U5Z8NKP',3,23.89),(1567,13,'ES9_IUUY',2,41.34),(1567,14,'8QMZA8RWQ',2,47.30),(1567,15,'0MKOF288VQ',1,27.23),(1567,16,'DV0BWXX//0N',2,39.47),(1567,17,'G_2F6AM7X2',1,12.95),(1567,18,'R0FYM2-MN',1,15.59),(1568,1,'XTSY073EM',2,47.50),(1568,2,'G_2F6AM7X2',3,36.55),(1568,3,'_FPOGPFT7',0,1.24),(1569,1,'C9D53',0,5.50),(1569,2,'E/768',2,42.12),(1570,1,'-X8DT36W',8,172.72),(1570,2,'ORA6/UMW',4,89.51),(1571,1,'84QB/N',1,25.97),(1571,2,'3/2XCNQI',9,214.67),(1572,1,'Q1-4/DS',1,23.35),(1572,2,'45DPSL6/4',1,20.01),(1572,3,'QVZX_U17/E',3,61.47),(1572,4,'4D30FBACB',3,60.83),(1573,1,'R_HL9',4,68.69),(1573,2,'B3B1BGL',2,41.10),(1573,3,'774LJAL',8,147.84),(1573,4,'P1QI73-9XQH',3,54.40),(1574,1,'KFQZMI',4,127.16),(1574,2,'1S411',4,117.22),(1574,3,'AVH1Y6L228',1,19.90),(1574,4,'IYRDC7CLOS7',2,37.24),(1575,1,'5V_FMLWFX',1,37.42),(1575,2,'JN3CRHFDE5I',1,9.69),(1575,3,'5/3QB323',2,38.44),(1575,4,'JN3CRHFDE5I',6,107.20),(1575,5,'LA6TY8Y',4,56.58),(1575,6,'VD6TF3OK',1,17.29),(1575,7,'OJ3EK',0,2.26),(1575,8,'-X8DT36W',3,67.51),(1575,9,'RXJ5DGY2U',1,18.46),(1575,10,'D/NA/',2,42.10),(1576,1,'L9Y5U',4,103.25),(1576,2,'KFQZMI',3,79.86),(1576,3,'XG2GU78E2_1',9,131.53),(1576,4,'7VQ-DBYJ4M',5,91.61),(1576,5,'DOTM9LM-MX',3,72.38),(1577,1,'W7AYGAA-L',0,8.30),(1577,2,'D_9NLUILZ_A',1,8.36),(1577,3,'K4O_O/',0,0.63),(1578,1,'6ZHNY7I_Q',1,13.78),(1578,2,'9OQKID3WIP',0,8.61),(1578,3,'4NW/2HVUY',1,21.10),(1579,1,'670DJMAT',2,39.52),(1579,2,'I84-J',2,32.13),(1579,3,'TLCHG2H',1,16.24),(1579,4,'I_JKWDXB',2,39.84),(1579,5,'SFK3XZ',1,22.54),(1580,1,'57CYGS03G',23,374.71),(1580,2,'7B7DUJ',2,23.61),(1580,3,'UKEYB62A/IS',1,10.59),(1581,1,'AJGC_14',1,18.94),(1581,2,'P5YB6QHS',5,93.62),(1581,3,'U/H_S9R1',3,62.94),(1581,4,'/HQ71C3NC9A',2,35.45),(1582,1,'RN3-4R',1,23.25),(1583,1,'QLHCFCS5DH',0,2.15),(1583,2,'1XOLY',1,25.81),(1583,3,'U2IT3DIS8',2,49.40),(1583,4,'36S8ZZVQ5F',5,87.13),(1583,5,'KVFNS9',0,8.58),(1583,6,'I--I9JJ',1,31.44),(1583,7,'M7K9F6',2,40.74),(1583,8,'IL9B3C5NZ8V',2,35.19),(1583,9,'JK3JIKFQPW',1,19.58),(1583,10,'44KF_79',1,15.16),(1583,11,'Z-FBN9OPW1',7,171.49),(1583,12,'W7AYGAA-L',3,44.20),(1583,13,'_TL3ZFW/',0,8.44),(1583,14,'PIZYO_RLNKF',2,27.08),(1584,1,'_1-QAAJ4J',4,77.46),(1584,2,'DBZY0I_/I88',1,30.30),(1584,3,'XE92S4XMV',3,49.69),(1584,4,'X417A0PY',3,44.85),(1584,5,'RGI5V9',0,9.44),(1584,6,'KFQZMI',0,3.63),(1584,7,'SDWMV',0,2.72),(1584,8,'GIPWJ62ZQA0',1,21.45),(1585,1,'U5A3PZ9F1/',0,7.11),(1585,2,'NSS339-',4,93.90),(1585,3,'NGDSJ9ZXL_',7,145.43),(1585,4,'ZXXVJUU8VDU',8,140.94),(1585,5,'GQPUTBQ13Q',2,41.99),(1585,6,'F1PXGWP',6,132.77),(1585,7,'MKDHC',4,69.22),(1586,1,'YXXF7',3,68.04),(1587,1,'VH_9X0ZE02',3,59.32),(1587,2,'5VL/HP',2,53.27),(1587,3,'DX4PCC',8,105.84),(1588,1,'3I356',1,15.39),(1589,1,'FVIPWP',1,13.00),(1589,2,'JQ6YF6',8,193.91),(1590,1,'09KZYM5RX',2,34.78),(1590,2,'WY3KL0',0,13.62),(1591,1,'WB2U_A8',1,24.45),(1591,2,'KVFNS9',4,82.68),(1592,1,'0O4MKPM7V',2,39.98),(1592,2,'J4727J5',1,17.39),(1592,3,'6V9FCII',3,73.06),(1592,4,'1PKR_R9',9,187.85),(1592,5,'57E1XJ3ZU',1,25.87),(1592,6,'ELV38K5X',7,176.66),(1593,1,'1GN1X12Y',2,34.88),(1593,2,'NOLTGD',1,12.66),(1593,3,'-JETA',1,17.23),(1593,4,'A7Q89LCW4',0,5.55),(1594,1,'P5YB6QHS',1,19.14),(1594,2,'NSS339-',0,8.25),(1594,3,'9RVWP',3,53.79),(1594,4,'JYDEQE5',0,4.71),(1595,1,'G-STM-7',2,48.82),(1595,2,'5G0K5NT9',5,89.53),(1595,3,'I84-J',2,28.49),(1595,4,'OPYWQA',1,11.67),(1595,5,'D_9NLUILZ_A',1,21.87),(1595,6,'P5YB6QHS',2,41.64),(1596,1,'K2M0XIT_L3B',3,64.49),(1596,2,'GYD3R03V6G',0,12.90),(1596,3,'//X46J',1,14.40),(1597,1,'25Y8BD5UO',3,41.47),(1597,2,'Y6SJJ7GQ',5,113.62),(1597,3,'IUW2M',15,294.51),(1597,4,'TK2NRK8TZA',4,58.51),(1598,1,'5IV9GK',5,122.57),(1598,2,'DJ0/NMEK36',1,11.89),(1598,3,'F89XCO89J',3,68.76),(1598,4,'6X1_P2QZ',6,112.77),(1598,5,'N19_MPRF0Z6',2,42.43),(1598,6,'7B7DUJ',0,4.22),(1598,7,'WW68N8I',2,36.95),(1598,8,'YUWYCZFK5',8,151.77),(1598,9,'I1V7UNRC',7,128.13),(1598,10,'STHK0N3IM',3,51.47),(1599,1,'RZH6EGWK',3,56.85),(1599,2,'3U38F5/R',0,2.72),(1599,3,'LA6TY8Y',4,62.53),(1599,4,'8S_21TXUQO3',5,70.65),(1599,5,'9YO9A/-9',6,109.87),(1600,1,'VW1XNA_5IL',0,3.50),(1600,2,'7TO913369',4,94.92),(1600,3,'GRRJP',3,39.30),(1601,1,'Z5CSKRY',2,66.66),(1602,1,'7_WD7DF1V',1,14.27),(1602,2,'58MCZW460O',2,47.55),(1603,1,'K_0RI',5,60.08),(1603,2,'IL9B3C5NZ8V',1,19.81),(1603,3,'TLCHG2H',1,9.42),(1604,1,'NKNRXUWQ-J',13,217.44),(1604,2,'F_Y06Y-VY',3,87.04),(1605,1,'1GN1X12Y',1,30.07),(1606,1,'P1QI73-9XQH',7,143.85),(1606,2,'3IF569',1,14.57),(1606,3,'5V_FMLWFX',3,78.02),(1606,4,'TQXXT0Z42X',1,8.43),(1606,5,'-KU7EDA-TG2',2,56.88),(1606,6,'M6VR-',1,22.08),(1606,7,'B3B1BGL',2,37.28),(1606,8,'NGDSJ9ZXL_',1,14.49),(1606,9,'U5A3PZ9F1/',1,10.25),(1606,10,'QVJQY25',11,168.87),(1607,1,'-39W7BNHXC',7,148.72),(1607,2,'1GN1X12Y',1,20.04),(1607,3,'D6TN8E9U',11,189.24),(1607,4,'8N4OW',1,12.31),(1607,5,'1G5XVKNPFN',1,17.97),(1607,6,'2/4KR7T-Z/8',2,51.81),(1608,1,'S-UKU8-SPMK',11,164.16),(1608,2,'58MCZW460O',4,102.98),(1609,1,'6X1_P2QZ',2,39.40),(1609,2,'E2QXPJL_P1',1,30.19),(1609,3,'69F3NHIY',2,36.19),(1609,4,'OWDUG',1,21.98),(1609,5,'DCGCMW',7,156.84),(1609,6,'L00/KC',6,148.09),(1610,1,'HN2YN0DLY1',2,39.48),(1611,1,'1FNB-',6,105.76),(1611,2,'CBU0K9C_71L',10,213.38),(1612,1,'57E1XJ3ZU',2,39.22),(1612,2,'9RVWP',6,104.22),(1612,3,'WI/N8G',1,11.92),(1612,4,'_I9Z5O6B',6,133.78),(1612,5,'0MKOF288VQ',1,28.82),(1612,6,'XTSY073EM',6,135.53),(1612,7,'D6TN8E9U',3,40.41),(1612,8,'H-ACUF7',9,185.54),(1613,1,'V1T5D',15,258.07),(1613,2,'MCI7_',4,113.63),(1613,3,'NM07E-L',2,50.34),(1613,4,'RQ9YGZ3PE',7,141.76),(1613,5,'D_WO0YDD1_',2,41.94),(1613,6,'OAU3HE1WQ',0,5.65),(1613,7,'-XFW7RL-419',7,124.21),(1613,8,'D/NA/',0,1.05),(1613,9,'3OFEN/I',2,31.50),(1613,10,'GBZ4AS44',1,14.34),(1613,11,'EMCLW1QNKNZ',3,74.99),(1614,1,'PAI0W',6,145.46),(1614,2,'YXXF7',8,191.51),(1614,3,'6/VCB6A2',2,34.92),(1614,4,'46ECI908Y',3,52.89),(1614,5,'6/VCB6A2',0,4.75),(1614,6,'O82S1ZAEZ',1,19.07),(1614,7,'UMH0N0I',0,8.48),(1615,1,'LJDVWYE',1,12.97),(1615,2,'1TLGY77AME',1,18.72),(1615,3,'EEABEFI9QDN',1,22.46),(1615,4,'UMH0N0I',0,1.49),(1616,1,'IZ15WC8EBX',6,125.35),(1616,2,'AJPGORXO-',0,6.72),(1616,3,'3U38F5/R',0,1.41),(1616,4,'5/3QB323',7,151.32),(1616,5,'ELV38K5X',0,4.39),(1616,6,'DR6L23S__',3,52.03),(1616,7,'P1QI73-9XQH',0,5.79),(1617,1,'C/OYQQ',2,36.07),(1617,2,'I87DPH25O',3,74.73),(1618,1,'Q8DTY',6,110.90),(1618,2,'QK_SS56U61',1,19.68),(1618,3,'2B55IB1YLS',6,145.66),(1619,1,'35B84EA3U',3,44.37),(1620,1,'EYC-9CM',7,124.12),(1620,2,'G3J3PPCOFGG',0,3.75),(1620,3,'3B6YGH--B',3,55.42),(1621,1,'-ZZGG',4,70.70),(1621,2,'O3W6FVCR_7',9,159.06),(1621,3,'GL7/23',3,69.55),(1621,4,'M6YSF9',3,51.77),(1622,1,'M6VR-',1,13.55),(1622,2,'VI8IZSCBC',1,23.71),(1622,3,'O82S1ZAEZ',2,42.12),(1623,1,'7YG4A4',1,16.26),(1623,2,'J-Y53HO',3,53.76),(1623,3,'CY38BIO5GS',1,15.91),(1624,1,'PZLGPSTO',2,45.87),(1625,1,'BEJ5HXQ',3,54.26),(1625,2,'AJPGORXO-',0,2.13),(1625,3,'YJYF/',0,0.32),(1625,4,'-_HC-',2,19.27),(1625,5,'3C1MZ--QI',1,21.13),(1625,6,'PIZYO_RLNKF',3,56.44),(1626,1,'F_Y06Y-VY',3,95.49),(1626,2,'LW457K_',5,111.01),(1626,3,'M7K9F6',4,91.08),(1626,4,'3I356',1,16.92),(1626,5,'N1U51ZB-79',12,255.57),(1626,6,'2Z589M2GMLQ',0,7.06),(1626,7,'AJGC_14',2,36.13),(1626,8,'CPM-J-VLGN',2,51.31),(1627,1,'8IPC8T0-3',1,17.70),(1627,2,'SDWMV',0,4.77),(1627,3,'XLDXFPNF',2,38.67),(1627,4,'7TO913369',2,54.34),(1627,5,'YXXF7',5,111.54),(1627,6,'5Z3C1Q5',1,32.72),(1627,7,'-XFW7RL-419',7,114.52),(1627,8,'1G5XVKNPFN',1,8.62),(1627,9,'WO62N4VJ',1,17.58),(1627,10,'Z-FBN9OPW1',2,56.64),(1627,11,'YUNI1',2,35.23),(1627,12,'13_96OK6CZ',5,112.68),(1627,13,'YVGQK',0,11.04),(1627,14,'7TI8DUFJ6IL',2,32.36),(1627,15,'UTCT2CW',1,15.19),(1628,1,'RATOD5',2,27.90),(1628,2,'IOKVAHIMI',2,25.46),(1628,3,'58MCZW460O',2,55.27),(1628,4,'BNU49CDX59W',1,17.03),(1628,5,'T_SC7USC5F',4,96.11),(1628,6,'FSCWCEEC',0,1.08),(1628,7,'WW68N8I',0,6.90),(1628,8,'ZGDNWL',0,10.79),(1628,9,'8IPC8T0-3',1,11.80),(1628,10,'WI/N8G',5,107.33),(1629,1,'JN3CRHFDE5I',7,134.03),(1629,2,'L00/KC',3,90.12),(1629,3,'AVH1Y6L228',1,16.59),(1629,4,'5/3QB323',2,52.14),(1629,5,'SWL/RLB9',0,8.30),(1629,6,'SDWMV',3,76.53),(1630,1,'V1T5D',8,134.81),(1631,1,'F40K1',1,15.79),(1631,2,'U7K-5ZAY',0,0.99),(1631,3,'I-EVD2',1,22.50),(1631,4,'KOET-6',2,38.38),(1631,5,'R4LXJHIEZ',6,135.80),(1631,6,'670DJMAT',2,33.30),(1631,7,'_FPOGPFT7',2,49.94),(1631,8,'OJ3EK',3,56.60),(1631,9,'NGWRIOW',2,34.98),(1631,10,'X87LDNMBWPP',5,110.17),(1631,11,'46JUJWIMON',2,38.20),(1631,12,'JSB4B4',12,248.65),(1631,13,'TC0GUIAWP',7,145.02),(1632,1,'2G1ZH-BA9',0,4.29),(1632,2,'MKDHC',0,5.58),(1632,3,'MOC0V',5,102.39),(1632,4,'1XOLY',1,16.62),(1632,5,'Z/JF7OM54',1,10.19),(1632,6,'4B73MPNA',11,155.23),(1632,7,'YDLEG',3,72.58),(1632,8,'2F1-WKLGW',7,139.84),(1632,9,'ES9_IUUY',3,56.67),(1632,10,'SWL/RLB9',0,10.34),(1632,11,'O82S1ZAEZ',1,9.93),(1633,1,'Q1-4/DS',1,14.53),(1633,2,'MEJPPB',5,126.62),(1633,3,'O6UPJKQP0',11,250.55),(1633,4,'JONF6W-1R',6,92.78),(1633,5,'3SO7HE/JMLB',2,52.33),(1633,6,'7BLPGYE',6,106.33),(1633,7,'M7K9F6',0,1.25),(1633,8,'3/2XCNQI',0,3.29),(1633,9,'G2ZTL',0,2.87),(1633,10,'JTU5_-/4BY-',2,28.93),(1633,11,'I84-J',6,107.08),(1633,12,'LJDVWYE',2,57.25),(1633,13,'LMMC67',2,38.42),(1633,14,'5111X/5M1ZS',5,113.14),(1634,1,'VH_9X0ZE02',6,131.99),(1635,1,'BEJ5HXQ',6,108.59),(1635,2,'MCI7_',7,200.56),(1635,3,'NOLTGD',1,10.91),(1635,4,'8ZA8P1',2,54.58),(1635,5,'AWD-3I5YMM/',4,86.47),(1635,6,'1FNB-',5,89.81),(1635,7,'VI8IZSCBC',1,16.48),(1635,8,'F1PXGWP',4,79.03),(1636,1,'09KZYM5RX',10,224.67),(1636,2,'57E1XJ3ZU',3,58.35),(1637,1,'LAYW/OOEUYN',0,3.06),(1637,2,'JUK3Z-9I',3,76.43),(1638,1,'46ECI908Y',0,0.95),(1638,2,'G_2F6AM7X2',1,8.37),(1638,3,'B3B1BGL',4,87.34),(1638,4,'4B73MPNA',1,13.13),(1639,1,'0MP0_M',2,16.33),(1639,2,'LJS4C_6E-ZF',2,52.28),(1639,3,'LAYW/OOEUYN',2,54.76),(1639,4,'8N4OW',3,70.07),(1640,1,'TY1MP',1,27.21),(1640,2,'LVJY1U87R',16,276.02),(1640,3,'K03_AMC-Z',10,61.53),(1641,1,'K_0RI',6,116.96),(1641,2,'/HQ71C3NC9A',3,40.66),(1641,3,'X_X61CXHVD',5,94.97),(1641,4,'J-Y53HO',0,1.74),(1641,5,'3I356',1,7.62),(1641,6,'L9Y5U',8,127.70),(1641,7,'W-8FCFUP2',0,7.43),(1642,1,'KY4-LC6MPIH',6,106.36),(1642,2,'5-S/QLUJW',0,4.60),(1642,3,'IOKVAHIMI',3,53.72),(1642,4,'UTCT2CW',4,74.75),(1643,1,'GQPUTBQ13Q',0,10.16),(1643,2,'DYOK8',15,365.41),(1643,3,'FKABF',5,53.69),(1643,4,'F40K1',2,47.33),(1643,5,'SWOND/',4,76.78),(1644,1,'1O5XQP',0,5.65),(1644,2,'774LJAL',6,104.14),(1645,1,'HL5W/1Z90',0,1.64),(1645,2,'JYG19',9,150.74),(1645,3,'NOLTGD',0,1.47),(1646,1,'T_SC7USC5F',1,36.95),(1646,2,'3IF569',3,53.70),(1646,3,'NVE1QPDTGT',5,98.76),(1646,4,'U7K-5ZAY',7,124.52),(1646,5,'OSQ71PCQMUW',15,388.58),(1647,1,'UKEYB62A/IS',2,35.36),(1647,2,'K0QWSUQL',1,31.79),(1647,3,'B-RM878KO',2,38.20),(1647,4,'T/U-F4V0EQ',0,3.08),(1647,5,'K_0RI',0,2.58),(1647,6,'V2RRKTF/',5,109.20),(1647,7,'CY38BIO5GS',2,36.87),(1647,8,'//X46J',7,164.68),(1648,1,'S/ZRAS',2,33.94),(1648,2,'BMP1UX/',1,29.64),(1648,3,'1PKR_R9',0,7.61),(1648,4,'NVE1QPDTGT',11,219.52),(1648,5,'MEJPPB',7,164.15),(1649,1,'BMP1UX/',2,61.59),(1649,2,'V1T5D',4,65.44),(1649,3,'Y_B6N1',2,39.96),(1649,4,'D3UK/O',4,77.91),(1650,1,'J1NK8WLEQXV',3,56.13),(1650,2,'3OFEN/I',3,56.37),(1650,3,'09KZYM5RX',10,232.68),(1651,1,'EFM-15CUOE1',3,61.04),(1651,2,'VPOWDB26',4,71.36),(1651,3,'84QB/N',1,14.47),(1651,4,'9RVWP',2,27.63),(1651,5,'VH_9X0ZE02',9,184.35),(1651,6,'670DJMAT',3,56.66),(1652,1,'19-ZH',5,120.74),(1652,2,'3G8H8U',2,18.77),(1652,3,'M7K9F6',0,8.44),(1652,4,'YTY4SH_',5,109.35),(1653,1,'0M65/',1,19.07),(1653,2,'1N26DI',0,6.22),(1653,3,'L7FKK0KN0QV',7,64.70),(1654,1,'-ZMSUHH9H4D',3,46.55),(1654,2,'U7K-5ZAY',5,84.05),(1654,3,'8ZA8P1',1,11.02),(1654,4,'N1U51ZB-79',3,66.05),(1654,5,'KFQZMI',0,12.72),(1654,6,'1PKR_R9',5,113.77),(1654,7,'M6YSF9',1,13.40),(1655,1,'HYTRD',0,3.23),(1655,2,'EMCLW1QNKNZ',5,134.15),(1655,3,'V2RRKTF/',1,23.38),(1656,1,'DBZY0I_/I88',3,79.69),(1656,2,'TK2NRK8TZA',4,56.01),(1656,3,'QE33JQA7',1,12.65),(1656,4,'0U8S/B',2,50.08),(1656,5,'O82S1ZAEZ',9,170.52),(1656,6,'4YYGYVAE',3,59.33),(1656,7,'YVGQK',3,33.39),(1656,8,'DBZY0I_/I88',7,169.45),(1657,1,'NKNRXUWQ-J',2,46.65),(1657,2,'JYG19',1,13.74),(1657,3,'NVJ9OAO4WI0',1,27.74),(1657,4,'46ECI908Y',1,13.76),(1657,5,'VW1XNA_5IL',3,58.79),(1657,6,'LR04SW3Z9',11,240.28),(1658,1,'XW2P8TF2WMK',3,65.47),(1658,2,'3C1MZ--QI',1,21.93),(1658,3,'MKVRUXC',3,68.23),(1658,4,'G5WZLCF5DZJ',0,1.33),(1658,5,'-_HC-',9,243.13),(1658,6,'6/VCB6A2',8,151.96),(1658,7,'4KZCQZZY',4,88.40),(1658,8,'L0_RO_X7',2,43.85),(1658,9,'N_8MID',2,58.39),(1658,10,'DS3CJ6',2,24.80),(1658,11,'35B84EA3U',1,8.59),(1658,12,'1DOV0_-',2,43.31),(1659,1,'TY1MP',2,51.05),(1659,2,'2B55IB1YLS',2,48.47),(1659,3,'LL0E3GA4X',0,5.65),(1659,4,'5L/E5PNEJPM',0,0.42),(1659,5,'X_E5F82V68',6,103.80),(1660,1,'_TL3ZFW/',4,88.96),(1660,2,'2/4KR7T-Z/8',9,193.69),(1660,3,'G3MZZ1',6,151.90),(1660,4,'09KZYM5RX',8,190.23),(1660,5,'U2IT3DIS8',4,102.90),(1660,6,'EFM-15CUOE1',0,2.31),(1660,7,'/HQ71C3NC9A',4,56.70),(1660,8,'NKNRXUWQ-J',8,112.12),(1660,9,'BV4AP',0,3.49),(1660,10,'-39W7BNHXC',5,101.86),(1660,11,'9N4MR',0,0.39),(1660,12,'L9Y5U',4,88.13),(1660,13,'Y_B6N1',4,91.84),(1660,14,'R0FYM2-MN',4,95.58),(1661,1,'D63I7X_DWH',6,171.21),(1661,2,'1OWYEO3',4,57.73),(1661,3,'AE31ZT',0,10.13),(1661,4,'Q3YHOTI66',3,54.11),(1661,5,'Z2J4PC',1,16.83),(1661,6,'XLDXFPNF',6,122.20),(1661,7,'Q1-4/DS',3,48.40),(1661,8,'T/U-F4V0EQ',1,14.78),(1661,9,'QE33JQA7',1,33.00),(1662,1,'670DJMAT',6,142.62),(1662,2,'YVGQK',0,10.30),(1662,3,'7TI8DUFJ6IL',6,119.81),(1663,1,'AXXXFYICJDT',2,41.69),(1664,1,'NOLTGD',0,0.83),(1664,2,'4JOVE9-_XK',4,90.22),(1664,3,'031O36F6ZYM',2,38.30),(1664,4,'ZRUGI',2,39.57),(1664,5,'PXDOS-AM',10,180.84),(1664,6,'YUNI1',1,20.12),(1664,7,'J1NK8WLEQXV',1,18.19),(1665,1,'C/OYQQ',7,148.05),(1665,2,'1XOLY',2,29.70),(1665,3,'QJRX_R6OM',3,64.58),(1665,4,'OQWZUD3MH3J',8,150.13),(1665,5,'YUNI1',1,17.94),(1665,6,'DBZY0I_/I88',3,77.44),(1666,1,'S/ZRAS',7,136.26),(1666,2,'NL-5PI',4,73.06),(1666,3,'Z/JF7OM54',1,25.67),(1666,4,'DD0/1_K',2,34.13),(1667,1,'STHK0N3IM',1,25.22),(1667,2,'F1PXGWP',4,90.90),(1667,3,'LJS4C_6E-ZF',1,23.74),(1667,4,'SDFXW',0,6.70),(1667,5,'MOC0V',3,69.07),(1667,6,'14R4IMYCRI',0,6.54),(1667,7,'JN3CRHFDE5I',3,52.11),(1667,8,'G_2F6AM7X2',6,90.13),(1667,9,'X6LDU',0,3.36),(1668,1,'JYG19',2,37.70),(1668,2,'S-UKU8-SPMK',9,136.19),(1669,1,'ZVNGYU',2,33.84),(1669,2,'XP_C0K',4,73.55),(1669,3,'SM3OB0EV32',1,13.94),(1669,4,'C24-U8XIA8M',2,46.30),(1669,5,'45DPSL6/4',2,30.77),(1669,6,'GU1LC6YTWB',2,39.50),(1669,7,'YJYF/',1,16.35),(1669,8,'MKVRUXC',1,13.34),(1669,9,'F-FOVYVW',0,7.42),(1669,10,'O82S1ZAEZ',4,77.05),(1669,11,'3B6YGH--B',0,2.19),(1670,1,'8VPNJSEEPHT',5,95.51),(1670,2,'46ECI908Y',3,60.36),(1670,3,'9GTB09L8//',2,31.93),(1670,4,'CY38BIO5GS',3,54.86),(1670,5,'EUYNKC2NZ',2,43.39),(1670,6,'L0_RO_X7',2,32.96),(1670,7,'_TL3ZFW/',1,22.37),(1671,1,'BV4AP',2,37.53),(1672,1,'1GN1X12Y',7,144.89),(1672,2,'5Z3C1Q5',8,175.41),(1672,3,'DD0/1_K',3,70.77),(1672,4,'7G2OHF',1,30.05),(1672,5,'A3W4VD2Z/_',3,50.37),(1673,1,'N_8MID',4,101.10),(1673,2,'_TL3ZFW/',8,168.62),(1673,3,'IV/U/IBW',9,205.91),(1673,4,'G_2F6AM7X2',0,2.03),(1673,5,'8ZA8P1',6,139.87),(1674,1,'D6TN8E9U',3,44.63),(1674,2,'1N26DI',0,6.16),(1674,3,'M6YSF9',2,38.04),(1675,1,'IL9B3C5NZ8V',1,9.11),(1675,2,'83_JT_RE',2,50.49),(1675,3,'3/2XCNQI',7,182.61),(1675,4,'//X46J',2,52.59),(1675,5,'V1T5D',7,126.12),(1676,1,'O/Q1XODG/',6,97.85),(1676,2,'R_HL9',2,34.84),(1677,1,'QQWYR-3',1,15.60),(1677,2,'NGDSJ9ZXL_',3,72.16),(1677,3,'-55MEISBPK',0,2.11),(1677,4,'NSS339-',3,73.49),(1677,5,'T_SC7USC5F',4,92.94),(1677,6,'46JUJWIMON',5,98.28),(1677,7,'ZGDNWL',6,84.71),(1677,8,'JTU5_-/4BY-',1,14.42),(1678,1,'GL7/23',1,21.71),(1678,2,'3/2XCNQI',0,2.00),(1678,3,'83_JT_RE',6,127.52),(1678,4,'O82S1ZAEZ',10,181.62),(1679,1,'D6TN8E9U',1,9.91),(1679,2,'G3MZZ1',0,8.92),(1679,3,'64L6WM1ER',7,112.17),(1679,4,'5Z3C1Q5',9,121.58),(1679,5,'3K_15',5,103.33),(1679,6,'DV0BWXX//0N',1,29.93),(1679,7,'R0FYM2-MN',2,20.68),(1679,8,'6V9FCII',2,36.20),(1679,9,'7QBY7ZJKQ',2,34.58),(1679,10,'70K-4S_',10,236.59),(1679,11,'KW7PU/O',5,130.42),(1680,1,'/HQ71C3NC9A',0,0.78),(1680,2,'UTCT2CW',3,58.95),(1680,3,'D6TN8E9U',0,4.14),(1680,4,'MWMGC',7,139.89),(1680,5,'P1RPX50',1,20.21),(1680,6,'J-Y53HO',5,82.93),(1680,7,'LL0E3GA4X',7,144.07),(1680,8,'SWL/RLB9',4,75.51),(1681,1,'QVJQY25',2,22.49),(1681,2,'DX4PCC',6,167.55),(1681,3,'Z5CSKRY',3,83.56),(1681,4,'R_HL9',4,73.52),(1681,5,'NGDSJ9ZXL_',9,197.21),(1682,1,'WI/N8G',1,15.00),(1682,2,'3OFEN/I',4,86.66),(1682,3,'SDWMV',0,11.37),(1682,4,'6Y7XMO',0,0.10),(1682,5,'Y6SJJ7GQ',2,48.81),(1682,6,'R0FYM2-MN',1,28.62),(1682,7,'RXJ5DGY2U',3,31.56),(1682,8,'L00/KC',2,42.63),(1682,9,'O16NT5DYND',2,38.13),(1682,10,'E2QXPJL_P1',1,16.15),(1682,11,'RZH6EGWK',0,0.35),(1682,12,'CBU0K9C_71L',0,5.71),(1682,13,'L0_RO_X7',3,47.93),(1682,14,'Z5CSKRY',1,16.22),(1683,1,'X03XWUZ46BX',0,1.45),(1684,1,'PECV/YN',2,53.00),(1685,1,'Q8DTY',0,2.27),(1685,2,'-55MEISBPK',0,5.58),(1685,3,'D_9NLUILZ_A',1,13.45),(1685,4,'OI1MX5ODP',3,55.13),(1685,5,'CSKBU',1,7.24),(1685,6,'D3UK/O',9,178.61),(1685,7,'YXXF7',0,0.24),(1686,1,'IOKVAHIMI',0,2.24),(1686,2,'H2VAOT0IMR',9,215.84),(1686,3,'36S8ZZVQ5F',0,4.18),(1686,4,'5H268',2,38.88),(1686,5,'XW2P8TF2WMK',2,32.39),(1686,6,'CRA9_40M_',1,30.57),(1687,1,'LMMC67',3,60.61),(1687,2,'QT50ASKSDH1',3,59.58),(1687,3,'G2ZTL',1,12.04),(1688,1,'XT22D390A-',1,7.26),(1688,2,'-4YHGX34Z',1,14.54),(1688,3,'BNU49CDX59W',0,9.41),(1688,4,'OAU3HE1WQ',2,36.36),(1689,1,'JQH9FVIO',3,71.44),(1689,2,'W6XVHLYCR',0,8.08),(1689,3,'1S411',7,207.64),(1689,4,'46JUJWIMON',0,3.46),(1689,5,'BMP1UX/',1,21.14),(1690,1,'JSB4B4',1,21.82),(1690,2,'EYC-9CM',3,53.62),(1690,3,'T_UJ/_9R',5,107.40),(1690,4,'QK_SS56U61',2,38.50),(1690,5,'0MKOF288VQ',4,92.58),(1690,6,'H-ACUF7',2,18.91),(1690,7,'SWOND/',0,3.30),(1691,1,'5M12Z8H',2,44.42),(1691,2,'0WW6JLOO',8,144.59),(1692,1,'46JUJWIMON',12,240.07),(1692,2,'5M12Z8H',3,77.07),(1692,3,'//X46J',1,27.70),(1692,4,'NOLTGD',19,323.09),(1692,5,'DOTM9LM-MX',13,302.58),(1692,6,'R_HL9',1,19.29),(1692,7,'IOKVAHIMI',4,72.46),(1692,8,'Z2J4PC',0,6.00),(1692,9,'8IPC8T0-3',2,40.11),(1692,10,'NGDSJ9ZXL_',0,9.38),(1692,11,'J-Y53HO',0,1.09),(1692,12,'031O36F6ZYM',10,247.22),(1692,13,'Z2J4PC',1,11.59),(1692,14,'CBU0K9C_71L',0,5.20),(1692,15,'DP92CVU0',4,68.40),(1692,16,'GQPUTBQ13Q',1,17.90),(1692,17,'5IV9GK',1,26.37),(1692,18,'44KF_79',5,98.07),(1692,19,'S-FEKR0FI',8,143.02),(1692,20,'IZ15WC8EBX',1,21.60),(1693,1,'JYDEQE5',7,107.38),(1693,2,'AWD-3I5YMM/',2,48.78),(1693,3,'_FPOGPFT7',2,50.25),(1693,4,'3U38F5/R',4,111.66),(1693,5,'09KZYM5RX',2,22.25),(1693,6,'O68DJ',5,102.19),(1693,7,'STHK0N3IM',1,19.80),(1693,8,'NSS339-',0,5.14),(1693,9,'KJ8GJOT',3,59.90),(1694,1,'YUNI1',6,109.61),(1695,1,'SRW2P-',9,232.78),(1695,2,'RATOD5',1,20.90),(1695,3,'SRG9QKL7',2,41.18),(1695,4,'DJ5I5',1,8.80),(1695,5,'1OWYEO3',3,51.85),(1695,6,'25Y8BD5UO',3,42.39),(1695,7,'LA6TY8Y',3,54.87),(1695,8,'XGGWGMH_F',6,109.86),(1695,9,'VH_9X0ZE02',2,33.90),(1695,10,'0MKOF288VQ',2,29.93),(1695,11,'ZRUGI',1,20.92),(1695,12,'XGGWGMH_F',10,182.67),(1695,13,'AXXXFYICJDT',5,82.41),(1695,14,'DP92CVU0',3,60.72),(1695,15,'19-ZH',1,24.64),(1695,16,'X03XWUZ46BX',8,146.66),(1695,17,'OMYMT',5,126.63),(1695,18,'VI8IZSCBC',4,108.44),(1695,19,'Z/JF7OM54',8,156.43),(1695,20,'YDLEG',1,11.91),(1695,21,'8N4OW',1,33.20),(1696,1,'E/768',5,106.24),(1696,2,'SWOND/',3,60.18),(1696,3,'9RVWP',4,80.21),(1696,4,'CRA9_40M_',1,20.20),(1696,5,'YUWYCZFK5',9,115.84),(1697,1,'MKDHC',2,40.70),(1697,2,'NL-5PI',1,27.72),(1697,3,'P1QI73-9XQH',1,20.65),(1697,4,'VFQYGI',3,66.59),(1697,5,'3G8H8U',1,25.75),(1697,6,'JSB4B4',2,33.81),(1698,1,'NGDSJ9ZXL_',6,116.78),(1698,2,'TQXXT0Z42X',2,38.25),(1699,1,'J4727J5',6,136.13),(1700,1,'M6YSF9',2,32.16),(1700,2,'JSB4B4',10,193.06),(1701,1,'EEABEFI9QDN',1,11.61),(1701,2,'XLDXFPNF',4,97.90),(1702,1,'K2M0XIT_L3B',1,12.24),(1702,2,'ZGDNWL',7,160.36),(1702,3,'JN3CRHFDE5I',3,60.47),(1702,4,'K4O_O/',0,4.59),(1702,5,'-JETA',3,61.08),(1702,6,'W6XVHLYCR',7,107.78),(1702,7,'5111X/5M1ZS',3,65.31),(1702,8,'6/VCB6A2',6,113.79),(1702,9,'1OWYEO3',1,21.12),(1702,10,'SM3OB0EV32',1,11.33),(1703,1,'YUNI1',8,159.68),(1703,2,'ZM-OJ5HW7',1,13.80),(1703,3,'DJ5I5',3,66.02),(1704,1,'L/WEB',1,15.34),(1704,2,'8S_21TXUQO3',0,2.39),(1704,3,'S-FEKR0FI',1,18.35),(1704,4,'D_9NLUILZ_A',4,108.29),(1704,5,'YJYF/',4,89.79),(1704,6,'QVZX_U17/E',7,137.15),(1704,7,'RATOD5',9,139.10),(1705,1,'5-FCDBRCR',10,215.19),(1705,2,'G-STM-7',6,151.99),(1705,3,'LAYW/OOEUYN',1,29.03),(1705,4,'KRGFTOYT8I',0,6.45),(1705,5,'K4O_O/',10,149.74),(1706,1,'OQWZUD3MH3J',16,311.20),(1707,1,'Z2J4PC',3,50.94),(1708,1,'6X1_P2QZ',1,25.65),(1708,2,'4D30FBACB',4,87.36),(1708,3,'C1_T1S6KK6',4,56.60),(1709,1,'XTSY073EM',0,7.49),(1709,2,'1TLGY77AME',8,145.47),(1709,3,'QT50ASKSDH1',0,0.57),(1709,4,'M7K9F6',1,15.65),(1709,5,'JXZO-59R',4,49.73),(1709,6,'-JETA',5,90.00),(1709,7,'IL9B3C5NZ8V',6,108.68),(1710,1,'LJS4C_6E-ZF',1,27.93),(1710,2,'O6UPJKQP0',1,21.29),(1710,3,'2B55IB1YLS',2,48.22),(1710,4,'3G8H8U',9,198.97),(1711,1,'4JOVE9-_XK',3,59.49),(1711,2,'K2M0XIT_L3B',4,101.09),(1711,3,'GI8Z/80P7',4,61.64),(1712,1,'SM3OB0EV32',1,14.17),(1712,2,'C1_T1S6KK6',6,136.36),(1712,3,'5/3QB323',1,19.46),(1712,4,'4YYGYVAE',8,160.23),(1712,5,'DR6L23S__',1,29.22),(1712,6,'XGGWGMH_F',4,66.73),(1712,7,'5/3QB323',1,13.24),(1712,8,'2CNEU2THPHM',0,10.73),(1712,9,'J1NK8WLEQXV',7,124.50),(1712,10,'57E1XJ3ZU',3,58.71),(1712,11,'5111X/5M1ZS',1,11.69),(1712,12,'2F1-WKLGW',8,159.40),(1713,1,'DD0/1_K',0,1.78),(1713,2,'TLCHG2H',2,28.26),(1713,3,'ZGDNWL',1,14.71),(1713,4,'D5/5J',3,55.50),(1713,5,'4D30FBACB',5,103.85),(1714,1,'35B84EA3U',6,105.27),(1714,2,'DJ0/NMEK36',2,34.75),(1714,3,'_14XB5B',6,138.70),(1714,4,'5H268',0,8.98),(1715,1,'B-RM878KO',0,2.68),(1715,2,'DCGCMW',2,35.55),(1716,1,'IUW2M',6,76.92),(1716,2,'XGGWGMH_F',3,57.91),(1716,3,'2B9O4',4,65.88),(1716,4,'I--I9JJ',4,105.16),(1716,5,'EFM-15CUOE1',4,77.41),(1717,1,'ZVNGYU',1,13.35),(1718,1,'2GA1K9',7,198.09),(1718,2,'PTN7/',2,27.99),(1718,3,'PECV/YN',2,52.94),(1718,4,'ZGDNWL',0,5.95),(1718,5,'3ZYWX',2,42.16),(1718,6,'DJ0/NMEK36',4,98.89),(1718,7,'BNU49CDX59W',1,23.69),(1719,1,'L00/KC',0,5.45),(1719,2,'9N4MR',3,51.34),(1719,3,'CSKBU',8,144.56),(1719,4,'WW68N8I',5,92.98),(1719,5,'5-S/QLUJW',6,126.32),(1719,6,'X_X61CXHVD',0,5.86),(1719,7,'0L/ZY3OP5AS',7,157.76),(1719,8,'SWOND/',1,22.58),(1719,9,'8N4OW',2,57.40),(1719,10,'1XOLY',1,12.77),(1720,1,'QK_SS56U61',0,4.83),(1721,1,'CY38BIO5GS',1,8.85),(1721,2,'RTH3IRUT_8V',0,9.19),(1721,3,'_3U5Z8NKP',1,13.28),(1721,4,'//X46J',2,50.58),(1721,5,'3OFEN/I',2,37.45),(1721,6,'K_0RI',3,58.21),(1721,7,'5/3QB323',1,23.73),(1721,8,'7-BOZBA7',3,46.13),(1721,9,'MWMGC',7,125.57),(1721,10,'XP_C0K',6,122.66),(1721,11,'4B73MPNA',0,4.59),(1722,1,'-_HC-',0,0.20),(1722,2,'G2ZTL',5,111.98),(1723,1,'L00/KC',1,30.00),(1723,2,'64L6WM1ER',4,67.94),(1723,3,'T_UJ/_9R',3,69.27),(1723,4,'YVGQK',4,95.63),(1723,5,'7QBY7ZJKQ',4,79.44),(1723,6,'O6UPJKQP0',4,84.13),(1723,7,'TK2NRK8TZA',1,20.89),(1723,8,'BEJ5HXQ',4,64.77),(1723,9,'4KZCQZZY',3,61.39),(1723,10,'5H268',2,45.06),(1724,1,'1OWYEO3',4,70.65),(1724,2,'STHK0N3IM',0,4.49),(1724,3,'Z-FBN9OPW1',4,88.16),(1724,4,'-39W7BNHXC',3,57.32),(1724,5,'V2RRKTF/',2,40.35),(1724,6,'9RVWP',4,77.86),(1724,7,'/2TUN',1,20.80),(1724,8,'DBL/3',3,47.60),(1724,9,'N_8MID',4,107.47),(1725,1,'4KZCQZZY',3,57.83),(1725,2,'A0SKJ_I/U9M',8,148.67),(1725,3,'GL7/23',2,44.94),(1725,4,'6X9154W0GEG',2,29.55),(1725,5,'B3B1BGL',2,59.23),(1725,6,'NF43E',9,192.36),(1725,7,'MCI7_',1,33.76),(1725,8,'KY4-LC6MPIH',2,30.15),(1725,9,'-Q/IFQPR',3,51.20),(1725,10,'EMCLW1QNKNZ',3,80.01),(1725,11,'KLW42',8,189.28),(1725,12,'F40K1',1,15.75),(1725,13,'L0_RO_X7',0,8.09),(1725,14,'Z0XZL',0,2.02),(1725,15,'C9D53',3,62.56),(1726,1,'D6TN8E9U',3,44.44),(1726,2,'PIZYO_RLNKF',7,78.87),(1726,3,'DBL/3',8,154.83),(1727,1,'A3W4VD2Z/_',2,34.50),(1727,2,'XLDXFPNF',0,0.45),(1727,3,'D2K6NZ3HU',3,43.40),(1728,1,'ZVNGYU',5,87.31),(1728,2,'BNU49CDX59W',1,15.83),(1728,3,'T_SC7USC5F',2,51.44),(1729,1,'DBZY0I_/I88',1,15.80),(1729,2,'J1NK8WLEQXV',1,16.10),(1729,3,'DYOK8',2,48.06),(1729,4,'FKABF',5,79.73),(1729,5,'LY8WW9-0T6',2,37.43),(1729,6,'XT22D390A-',13,268.18),(1729,7,'9GTB09L8//',3,54.83),(1729,8,'SM3OB0EV32',1,12.96),(1729,9,'JUK3Z-9I',7,144.32),(1730,1,'L/WEB',0,3.48),(1730,2,'A7Q89LCW4',5,92.90),(1731,1,'NGWRIOW',5,87.48),(1731,2,'-OPC/5VNMHB',2,45.78),(1731,3,'ZM-OJ5HW7',3,18.13),(1731,4,'U/H_S9R1',1,13.78),(1731,5,'D_WO0YDD1_',5,122.04),(1731,6,'0L/ZY3OP5AS',11,264.05),(1731,7,'AY52TT_Y',1,19.10),(1731,8,'O/Q1XODG/',2,29.10),(1731,9,'Z_WFC93-',1,26.54),(1731,10,'LJS4C_6E-ZF',3,85.50),(1731,11,'8S_21TXUQO3',4,60.88),(1732,1,'3IF569',10,204.94),(1733,1,'3SO7HE/JMLB',4,97.31),(1733,2,'DOTM9LM-MX',3,70.59),(1733,3,'NVJ9OAO4WI0',4,70.78),(1733,4,'35B84EA3U',3,55.46),(1733,5,'MEJPPB',4,103.17),(1733,6,'6Y7XMO',2,37.88),(1733,7,'RCK96O',1,11.92),(1733,8,'W9_K-55/',8,220.98),(1734,1,'Z_WFC93-',1,20.15),(1734,2,'ZM-OJ5HW7',3,74.23),(1734,3,'D_F2MOL',4,54.03),(1735,1,'T_SC7USC5F',14,250.23),(1736,1,'MCI7_',1,26.08),(1736,2,'0L/ZY3OP5AS',1,18.08),(1736,3,'YDLEG',1,20.88),(1737,1,'FEEOH73',3,56.68),(1737,2,'-4YHGX34Z',7,133.81),(1737,3,'K2M0XIT_L3B',0,4.20),(1737,4,'UMH0N0I',8,130.72),(1737,5,'1G5XVKNPFN',2,14.37),(1737,6,'P4VX2',12,367.58),(1737,7,'F-FOVYVW',3,52.07),(1737,8,'B-ZHGU/-2',1,15.06),(1737,9,'K_0RI',2,34.90),(1737,10,'P1QI73-9XQH',2,29.47),(1738,1,'DBZY0I_/I88',4,94.86),(1738,2,'DCGCMW',10,221.43),(1739,1,'D_F2MOL',1,8.45),(1739,2,'9YO9A/-9',2,40.21),(1740,1,'2G1ZH-BA9',14,283.56),(1740,2,'7QBY7ZJKQ',7,159.28),(1740,3,'IUW2M',2,42.46),(1740,4,'BMP1UX/',5,115.71);
/*!40000 ALTER TABLE `InvoiceLine` ENABLE KEYS */;
UNLOCK TABLES;

--
-- Table structure for table `Item`
--

DROP TABLE IF EXISTS `Item`;
/*!40101 SET @saved_cs_client     = @@character_set_client */;
/*!40101 SET character_set_client = utf8 */;
CREATE TABLE `Item` (
  `code` varchar(15) NOT NULL,
  `description` varchar(200) NOT NULL,
  `unit_price` decimal(6,2) NOT NULL,
  PRIMARY KEY (`code`)
) ENGINE=InnoDB DEFAULT CHARSET=utf8mb4;
/*!40101 SET character_set_client = @saved_cs_client */;

--
-- Dumping data for table `Item`
--

LOCK TABLES `Item` WRITE;
/*!40000 ALTER TABLE `Item` DISABLE KEYS */;
INSERT INTO `Item` VALUES ('-39W7BNHXC','rotary great coffee pot',21.99),('-4YHGX34Z','tinselled red wooden automatic screwdriver',18.99),('-55MEISBPK','wooden metallic tinselled doodad',24.99),('-JETA','rotary metallic nail',17.99),('-KU7EDA-TG2','desk',23.99),('-OPC/5VNMHB','#2 automatic screwdriver',22.99),('-Q/IFQPR','wooden rotary sprocket',16.99),('-VGTO','metallic great extra bookcase',22.99),('-X8DT36W','pan-galactic wooden device',20.49),('-XFW7RL-419','bulletproof bargain metallic wooden fruity umbrella',16.99),('-ZMSUHH9H4D','deluxe red bargain desk',16.49),('-ZZGG','extra tape measure',19.99),('-_HC-','great red coffee pot',27.49),('//X46J','wooden bulletproof extra sprocket',23.99),('/2TUN','rotary great deluxe #2 pan-galactic fruity automatic red bargain extra umbrella',19.49),('/HQ71C3NC9A','extra #2 sprocket',15.99),('/MLV6','sprocket',16.99),('/O_KJ1UM/','rotary automatic wooden pan-galactic metallic fruity computer',15.99),('/XYAP8','wooden metallic window',28.99),('0--WXEOMGI/','#2 red bulletproof fruity deluxe screwdriver',19.49),('031O36F6ZYM','lamp',23.99),('09KZYM5RX','#2 tinselled extra wooden fruity chair',22.99),('0L/ZY3OP5AS','rotary tape measure',23.99),('0M65/','bargain extra device',21.99),('0MKOF288VQ','screwdriver',24.99),('0MP0_M','deluxe desk',17.99),('0O4MKPM7V','#2 rotary umbrella',24.99),('0PGK6DY','extra pan-galactic bargain rotary automatic red printer',21.99),('0U8S/B','bargain metallic pan-galactic coffee pot',20.49),('0V_QZRWE1O4','fruity #2 bulletproof pan-galactic window',21.99),('0WW6JLOO','pan-galactic red great doodad',18.99),('13_96OK6CZ','red hammer',23.99),('14R4IMYCRI','wooden widget',19.49),('19-ZH','deluxe pan-galactic fruity wooden nail',21.99),('1DOV0_-','metallic umbrella',20.99),('1FNB-','fruity table saw',18.99),('1G5XVKNPFN','table saw',15.99),('1GN1X12Y','rotary bookcase',20.99),('1N26DI','bargain tinselled #2 automatic desk',27.99),('1O5XQP','screwdriver',24.49),('1OWYEO3','tape measure',15.99),('1PKR_R9','red great automatic extra sprocket',20.99),('1S411','great wooden metallic automatic desk',27.99),('1TGTD4LQ9N','widget',20.99),('1TLGY77AME','coffee pot',17.99),('1XOLY','tinselled red bulletproof extra fruity wooden bargain nail',18.99),('2/4KR7T-Z/8','#2 computer',21.99),('24KP-','computer',17.99),('25Y8BD5UO','tape measure',15.99),('2B55IB1YLS','deluxe metallic umbrella',22.99),('2B9O4','printer',16.49),('2BKRN1SKCC','extra printer',22.99),('2CNEU2THPHM','lamp',21.99),('2F1-WKLGW','automatic rotary tinselled great doodad',19.99),('2G1ZH-BA9','fruity red bookcase',19.99),('2GA1K9','bulletproof doodad',28.99),('2GJUEL4','pan-galactic bulletproof hammer',21.99),('2URHXCSN_G/','#2 pan-galactic extra coffee pot',16.99),('2Z589M2GMLQ','#2 pan-galactic chair',24.99),('3/2XCNQI','bargain fruity bulletproof great sprocket',24.99),('35B84EA3U','red extra sprocket',16.99),('36S8ZZVQ5F','lamp',18.49),('3B6YGH--B','great rotary metallic tape measure',21.99),('3C1MZ--QI','widget',21.99),('3EA9AJOA8C','automatic umbrella',22.99),('3G8H8U','extra device',21.99),('3I356','fruity #2 extra lamp',18.99),('3IF569','tinselled sprocket',20.99),('3K_15','bulletproof great computer',21.99),('3OFEN/I','fruity metallic bulletproof bargain red calculator',20.99),('3SO7HE/JMLB','wooden doodad',21.99),('3U38F5/R','extra automatic great umbrella',24.99),('3ZYWX','extra tinselled fruity pan-galactic screwdriver',23.99),('44KF_79','umbrella',21.49),('45DPSL6/4','coffee pot',15.99),('46ECI908Y','tinselled pan-galactic hammer',17.99),('46JUJWIMON','automatic wooden great bulletproof sprocket',19.99),('4B73MPNA','#2 pan-galactic extra calculator',17.99),('4D30FBACB','hammer',19.49),('4JOVE9-_XK','automatic deluxe #2 screwdriver',22.99),('4KZCQZZY','bulletproof nail',20.99),('4NW/2HVUY','deluxe #2 great metallic rotary bargain tape measure',26.99),('4YYGYVAE','device',19.99),('5-FCDBRCR','bargain device',21.49),('5-S/QLUJW','tape measure',20.99),('5/3QB323','deluxe bulletproof tinselled metallic fruity tape measure',21.99),('5111X/5M1ZS','great bulletproof wooden red tape measure',21.49),('51TXZW','#2 extra screwdriver',20.99),('57CYGS03G','deluxe fruity sprocket',15.99),('57E1XJ3ZU','rotary bargain chair',20.49),('58MCZW460O','fruity automatic great pan-galactic lamp',23.99),('5G0K5NT9','extra #2 fruity lamp',18.99),('5H268','coffee pot',20.99),('5IV9GK','automatic fruity device',25.99),('5L/E5PNEJPM','bulletproof wooden printer',18.99),('5M12Z8H','#2 wooden lamp',23.99),('5VL/HP','sprocket',25.99),('5V_FMLWFX','hammer',26.99),('5Z3C1Q5','red wooden hammer',22.99),('6-64OKE-P','deluxe bookcase',13.99),('6/VCB6A2','extra bargain wooden doodad',18.99),('64L6WM1ER','lamp',16.99),('66/4XGYS6XU','extra deluxe automatic bargain nail',17.99),('670DJMAT','great bookcase',21.99),('69F3NHIY','deluxe fruity bargain tinselled metallic doodad',23.99),('6SYF-1I','bulletproof bargain nail',19.99),('6V9FCII','red device',21.99),('6X1_P2QZ','fruity umbrella',17.99),('6X9154W0GEG','metallic fruity red hammer',14.99),('6Y7XMO','tinselled chair',19.49),('6ZHNY7I_Q','bulletproof great metallic umbrella',19.99),('7-BOZBA7','tinselled bookcase',14.99),('70K-4S_','tinselled #2 bulletproof desk',23.99),('774LJAL','automatic lamp',17.99),('7826F5','great coffee pot',20.99),('78E33-BRW2','chair',17.49),('7A9CMU','lamp',19.99),('7B7DUJ','widget',14.99),('7BLPGYE','window',18.99),('7G2OHF','#2 tinselled bargain extra pan-galactic red deluxe great metallic rotary calculator',21.99),('7OQBEQYKQ_','pan-galactic bookcase',24.99),('7QBY7ZJKQ','window',22.49),('7TI8DUFJ6IL','pan-galactic tinselled printer',20.49),('7TO913369','bargain calculator',23.99),('7VQ-DBYJ4M','bargain doodad',17.99),('7YG4A4','fruity table saw',23.99),('7_WD7DF1V','red bargain metallic #2 calculator',25.99),('8-9EHYHR','pan-galactic chair',20.99),('81P-I9','bulletproof hammer',15.99),('83_JT_RE','#2 pan-galactic tinselled deluxe lamp',20.99),('84QB/N','automatic extra wooden tinselled red nail',21.99),('87KC1OQ7','rotary metallic pan-galactic tinselled deluxe automatic bargain calculator',19.99),('893/SPAT','metallic hammer',17.99),('8EPZ3H-DY','window',21.99),('8IPC8T0-3','red printer',18.49),('8M5UZ/','great tape measure',15.99),('8N4OW','automatic bulletproof bookcase',23.99),('8PRW/8MS','great bargain desk',18.99),('8QB9GX3QGS','chair',19.49),('8QMZA8RWQ','deluxe extra bargain bulletproof automatic rotary #2 pan-galactic great device',21.99),('8S_21TXUQO3','bulletproof coffee pot',14.99),('8UMAI44Q16G','bargain calculator',18.99),('8VPNJSEEPHT','wooden deluxe fruity desk',20.99),('8ZA8P1','automatic wooden red extra metallic chair',23.99),('9GTB09L8//','wooden desk',17.49),('9N4MR','bargain calculator',18.99),('9OQKID3WIP','pan-galactic sprocket',20.99),('9RVWP','fruity rotary #2 chair',17.99),('9TZC/BR4','#2 coffee pot',23.99),('9YO9A/-9','deluxe fruity extra bargain metallic wooden bulletproof bookcase',16.99),('A-ER-9LA8X','#2 bargain wooden automatic pan-galactic device',20.99),('A0SKJ_I/U9M','device',17.99),('A3W4VD2Z/_','rotary bulletproof table saw',15.49),('A5_2JJUZ2','tinselled doodad',21.99),('A7Q89LCW4','tinselled wooden nail',18.99),('ABT3R0','lamp',18.99),('AD1BED','printer',19.99),('AE31ZT','deluxe extra tape measure',23.99),('AJGC_14','extra metallic tinselled rotary great deluxe nail',15.99),('AJPGORXO-','doodad',19.49),('AVH1Y6L228','extra hammer',14.49),('AWD-3I5YMM/','hammer',20.99),('AXXXFYICJDT','pan-galactic chair',16.99),('AY52TT_Y','fruity table saw',17.99),('B-RM878KO','device',17.99),('B-ZHGU/-2','device',20.99),('B3B1BGL','metallic pan-galactic deluxe tinselled rotary lamp',23.99),('BEJ5HXQ','#2 fruity bargain extra lamp',16.99),('BFM2QDZR0','bulletproof metallic rotary great automatic fruity bargain tinselled pan-galactic deluxe extra wooden #2 doodad',18.99),('BMP1UX/','rotary bulletproof fruity window',25.49),('BNU49CDX59W','chair',20.99),('BV4AP','pan-galactic deluxe window',17.99),('BVBLMQOE1','bulletproof red hammer',19.99),('C/OYQQ','screwdriver',19.99),('C1_T1S6KK6','automatic bulletproof computer',21.99),('C24-U8XIA8M','tinselled fruity great doodad',18.99),('C9D53','rotary #2 fruity screwdriver',22.99),('CBU0K9C_71L','metallic extra great tinselled wooden bargain bulletproof screwdriver',20.99),('CGL0I56O','red bookcase',25.99),('CKDA1VT','bulletproof metallic tape measure',16.99),('CPM-J-VLGN','bargain coffee pot',25.99),('CRA9_40M_','red bulletproof extra calculator',20.99),('CSKBU','lamp',18.99),('CY38BIO5GS','deluxe metallic calculator',19.99),('D/NA/','pan-galactic fruity doodad',22.99),('D/RINAK2','tinselled extra deluxe great printer',24.99),('D2K6NZ3HU','wooden coffee pot',16.99),('D3UK/O','wooden tinselled deluxe printer',19.99),('D5/5J','device',18.99),('D63I7X_DWH','metallic automatic fruity great sprocket',28.99),('D6TN8E9U','#2 calculator',16.99),('DBL/3','bulletproof desk',18.99),('DBZY0I_/I88','nail',24.99),('DCGCMW','umbrella',21.99),('DD0/1_K','red metallic lamp',20.99),('DJ0/NMEK36','table saw',22.99),('DJ5I5','#2 computer',21.49),('DNFVHEIS0/V','automatic bookcase',23.99),('DOTM9LM-MX','bulletproof wooden umbrella',22.99),('DP92CVU0','umbrella',17.99),('DR6L23S__','calculator',19.99),('DS3CJ6','automatic metallic fruity extra wooden hammer',16.49),('DV0BWXX//0N','extra #2 metallic coffee pot',19.99),('DX4PCC','device',25.99),('DYOK8','extra wooden tape measure',24.99),('D_9NLUILZ_A','coffee pot',24.99),('D_F2MOL','hammer',14.49),('D_WO0YDD1_','#2 automatic tinselled tape measure',22.99),('E/768','bulletproof deluxe extra #2 rotary printer',19.99),('E016Y/3GM','hammer',20.99),('E2QXPJL_P1','calculator',20.99),('EEABEFI9QDN','deluxe red automatic #2 fruity metallic wooden bargain pan-galactic rotary tinselled great bulletproof coffee pot',20.49),('EFM-15CUOE1','red wooden rotary metallic extra automatic #2 great bargain window',18.49),('ELV38K5X','bulletproof table saw',26.99),('EMCLW1QNKNZ','bargain wooden fruity nail',24.99),('ES9_IUUY','automatic umbrella',16.99),('EUYNKC2NZ','bulletproof #2 metallic table saw',20.99),('EYC-9CM','fruity metallic widget',18.99),('F-FOVYVW','fruity #2 nail',17.99),('F1PXGWP','red automatic printer',22.49),('F40K1','printer',20.99),('F89XCO89J','fruity deluxe pan-galactic wooden coffee pot',22.99),('FEEOH73','bargain rotary pan-galactic bookcase',20.99),('FKABF','extra umbrella',15.99),('FSCWCEEC','red #2 chair',20.99),('FVIPWP','bargain widget',21.99),('F_Y06Y-VY','bargain tape measure',28.99),('G-STM-7','screwdriver',24.99),('G-T70U','bargain red wooden extra doodad',20.99),('G2ZTL','automatic nail',23.99),('G3J3PPCOFGG','tinselled automatic great desk',18.99),('G3MZZ1','screwdriver',23.99),('G5WZLCF5DZJ','bulletproof wooden fruity bargain great deluxe metallic calculator',19.99),('GBZ4AS44','metallic device',27.99),('GI8Z/80P7','extra coffee pot',19.99),('GIPWJ62ZQA0','wooden coffee pot',15.99),('GL7/23','chair',19.99),('GM/R4/1Q','fruity window',18.99),('GQ0W/C','extra automatic doodad',14.99),('GQPUTBQ13Q','fruity bulletproof chair',27.99),('GRRJP','tinselled wooden device',15.49),('GU1LC6YTWB','red deluxe rotary bulletproof automatic tape measure',22.49),('GYD3R03V6G','printer',25.99),('G_2F6AM7X2','hammer',13.99),('H-ACUF7','rotary bargain chair',19.99),('H2VAOT0IMR','tinselled pan-galactic bookcase',24.99),('HL5W/1Z90','pan-galactic automatic deluxe wooden sprocket',16.99),('HN2YN0DLY1','wooden chair',25.49),('HYTRD','fruity bargain device',18.99),('HZVG2-74RJ1','red widget',19.99),('I--I9JJ','bulletproof metallic computer',24.99),('I-EVD2','extra automatic bulletproof pan-galactic fruity metallic desk',23.49),('I-O9N5_J','bulletproof automatic window',19.49),('I1V7UNRC','extra umbrella',18.99),('I84-J','lamp',18.49),('I87DPH25O','great table saw',21.49),('I8DNU','wooden #2 bulletproof sprocket',20.49),('IL9B3C5NZ8V','great extra automatic pan-galactic deluxe doodad',17.99),('IOKVAHIMI','pan-galactic deluxe lamp',16.49),('IUW2M','rotary fruity great deluxe tape measure',19.99),('IV/U/IBW','metallic extra bulletproof device',21.99),('IYRDC7CLOS7','umbrella',18.49),('IZ15WC8EBX','metallic widget',19.99),('I_JKWDXB','automatic extra rotary doodad',15.99),('J-Y53HO','pan-galactic great nail',17.99),('J1NK8WLEQXV','calculator',18.99),('J4727J5','extra pan-galactic metallic deluxe coffee pot',21.99),('JK3JIKFQPW','wooden #2 device',18.99),('JN3CRHFDE5I','tinselled widget',17.99),('JONF6W-1R','#2 tinselled nail',15.49),('JQ6YF6','widget',24.49),('JQH9FVIO','tinselled doodad',24.99),('JSB4B4','umbrella',19.99),('JTU5_-/4BY-','metallic bulletproof calculator',16.49),('JUK3Z-9I','automatic chair',21.99),('JXZO-59R','table saw',13.99),('JYDEQE5','table saw',14.49),('JYG19','lamp',16.49),('J_GZU60XV','tinselled red pan-galactic great nail',24.99),('K/STR_X','great widget',16.99),('K03_AMC-Z','calculator',19.99),('K0QWSUQL','metallic printer',27.99),('K2M0XIT_L3B','bulletproof automatic window',22.99),('K3MY4F2H','#2 extra sprocket',24.99),('K4O_O/','bargain fruity deluxe rotary tinselled #2 wooden calculator',14.99),('KA1CPD','great red fruity bargain tinselled lamp',24.49),('KFQZMI','printer',29.99),('KJ8GJOT','#2 calculator',21.99),('KLW42','metallic great coffee pot',22.49),('KOET-6','bargain printer',23.99),('KRGFTOYT8I','wooden #2 bargain great fruity calculator',16.99),('KVFNS9','great rotary umbrella',20.99),('KW7PU/O','automatic fruity bulletproof metallic #2 tinselled red rotary wooden umbrella',25.99),('KY4-LC6MPIH','bargain computer',18.99),('K_0RI','hammer',19.99),('L/WEB','tinselled device',15.49),('L00/KC','fruity computer',25.99),('L0_RO_X7','table saw',18.99),('L7AC1','#2 deluxe wooden metallic tape measure',26.99),('L7FKK0KN0QV','wooden bargain metallic sprocket',18.49),('L9Y5U','wooden tape measure',22.99),('LA6TY8Y','red coffee pot',16.99),('LAYW/OOEUYN','#2 great sprocket',24.49),('LC7MN2SP5','red widget',21.99),('LJDVWYE','fruity red umbrella',23.99),('LJS4C_6E-ZF','fruity bargain tinselled automatic #2 deluxe bulletproof wooden metallic pan-galactic printer',28.49),('LL0E3GA4X','wooden umbrella',19.99),('LMMC67','automatic deluxe rotary extra desk',20.99),('LR04SW3Z9','metallic tape measure',20.99),('LVJY1U87R','metallic extra wooden bulletproof bargain automatic lamp',16.99),('LW457K_','automatic bulletproof metallic #2 chair',22.99),('LY8WW9-0T6','great desk',16.99),('M5-W/Y8','great umbrella',18.49),('M6VR-','device',21.99),('M6YSF9','lamp',20.49),('M78GT2N','rotary wooden screwdriver',14.99),('M7K9F6','table saw',21.99),('MCI7_','fruity automatic extra bulletproof rotary printer',26.99),('MEJPPB','deluxe doodad',23.49),('MKDHC','calculator',18.99),('MKVRUXC','bookcase',19.99),('MOC0V','computer',20.99),('MWMGC','extra metallic pan-galactic automatic bookcase',18.99),('N19_MPRF0Z6','#2 tinselled rotary great sprocket',17.49),('N1U51ZB-79','widget',20.99),('N683TT4IB','deluxe automatic umbrella',19.99),('NF43E','wooden #2 bargain pan-galactic deluxe table saw',21.99),('NGDSJ9ZXL_','wooden extra bargain lamp',20.99),('NGWRIOW','bulletproof window',16.99),('NJNHA-L5VQ','great metallic bulletproof tinselled printer',16.99),('NKNRXUWQ-J','screwdriver',26.99),('NL-5PI','calculator',19.99),('NM07E-L','extra lamp',24.99),('NOLTGD','bulletproof wooden great doodad',16.99),('NSS339-','metallic bulletproof rotary widget',21.99),('NVE1QPDTGT','wooden fruity sprocket',19.99),('NVJ9OAO4WI0','deluxe tinselled doodad',18.99),('N_8MID','bulletproof pan-galactic rotary extra wooden metallic table saw',25.49),('O/Q1XODG/','bargain bookcase',16.49),('O16NT5DYND','#2 hammer',19.99),('O2T0RF9M','automatic desk',23.99),('O3W6FVCR_7','extra red wooden umbrella',17.99),('O5QCZWZ30N','nail',16.99),('O68DJ','great fruity pan-galactic wooden printer',18.99),('O6UPJKQP0','automatic deluxe fruity metallic lamp',21.99),('O82S1ZAEZ','umbrella',17.99),('OAU3HE1WQ','calculator',18.99),('OI1MX5ODP','red great bulletproof pan-galactic hammer',19.99),('OJ3EK','fruity rotary tape measure',17.99),('OJS_-5V','chair',22.99),('OKSDHOB1_A7','computer',23.99),('OMYMT','#2 automatic red metallic pan-galactic fruity extra wooden bookcase',23.49),('OPYWQA','fruity bargain wooden deluxe rotary great #2 pan-galactic extra automatic metallic red lamp',16.99),('OQWZUD3MH3J','metallic coffee pot',19.99),('ORA6/UMW','#2 red hammer',22.99),('OSQ71PCQMUW','fruity widget',25.99),('OWDUG','bargain bulletproof device',17.99),('P1QI73-9XQH','bulletproof extra great red widget',19.99),('P1RPX50','rotary bargain automatic calculator',17.49),('P4VX2','extra desk',29.99),('P5YB6QHS','tinselled chair',18.99),('PAI0W','extra device',22.99),('PECV/YN','tinselled chair',23.99),('PIZYO_RLNKF','red extra great bulletproof printer',17.99),('PTN7/','#2 screwdriver',14.99),('PXDOS-AM','lamp',17.99),('PY0CCMXZU','#2 rotary bulletproof widget',17.99),('PZLGPSTO','hammer',19.99),('Q/KZZ59','deluxe doodad',15.49),('Q1-4/DS','rotary red device',16.99),('Q3YHOTI66','pan-galactic red bulletproof rotary window',17.99),('Q8DTY','coffee pot',18.99),('QE33JQA7','metallic tape measure',22.99),('QJRX_R6OM','pan-galactic great hammer',18.99),('QK_SS56U61','chair',21.99),('QLHCFCS5DH','fruity tinselled tape measure',23.99),('QQWYR-3','lamp',15.99),('QT50ASKSDH1','tinselled hammer',18.99),('QVJQY25','deluxe pan-galactic great umbrella',17.49),('QVZX_U17/E','sprocket',19.99),('R0FYM2-MN','rotary computer',24.99),('R4LXJHIEZ','nail',23.99),('R5H50RGDW5','tinselled screwdriver',17.99),('RATOD5','computer',15.49),('RCK96O','#2 fruity automatic deluxe widget',18.99),('RGI5V9','pan-galactic desk',20.99),('RN3-4R','tinselled deluxe #2 bulletproof rotary great bargain wooden doodad',26.99),('RQ9YGZ3PE','red wooden automatic computer',21.49),('RTH3IRUT_8V','hammer',18.99),('RXJ5DGY2U','extra rotary automatic metallic lamp',18.99),('RZH6EGWK','sprocket',18.99),('R_HL9','metallic doodad',19.99),('S-FEKR0FI','bulletproof screwdriver',18.99),('S-UKU8-SPMK','#2 pan-galactic wooden bulletproof fruity sprocket',14.99),('S/ZRAS','great bulletproof deluxe #2 automatic fruity pan-galactic red bargain extra window',20.49),('SDFXW','calculator',20.49),('SDWMV','lamp',27.49),('SFK3XZ','fruity rotary device',22.49),('SIKT6O','automatic #2 rotary hammer',20.99),('SM3OB0EV32','automatic nail',19.99),('SRG9QKL7','wooden deluxe bulletproof table saw',26.99),('SRW2P-','bulletproof metallic hammer',24.99),('STHK0N3IM','deluxe great extra wooden umbrella',18.99),('SWL/RLB9','chair',20.99),('SWOND/','#2 doodad',20.99),('SYJVVQ','wooden metallic #2 fruity computer',15.49),('T/U-F4V0EQ','coffee pot',18.99),('TC0GUIAWP','bargain deluxe nail',20.49),('TFH-U','tinselled bulletproof umbrella',18.99),('TK2NRK8TZA','device',23.99),('TLCHG2H','fruity bulletproof red screwdriver',16.49),('TQXXT0Z42X','tinselled sprocket',16.99),('TY1MP','wooden chair',22.99),('T_SC7USC5F','bulletproof automatic fruity tinselled deluxe rotary screwdriver',24.99),('T_UJ/_9R','tape measure',19.99),('U/H_S9R1','table saw',23.49),('U2IT3DIS8','fruity tinselled great automatic chair',24.49),('U5A3PZ9F1/','pan-galactic red calculator',18.99),('U7K-5ZAY','bargain bulletproof doodad',17.49),('UKEYB62A/IS','#2 pan-galactic rotary device',19.99),('UMH0N0I','bargain chair',16.99),('UQH-S1OPY8_','lamp',18.99),('UTCT2CW','automatic hammer',18.99),('UZ88_T','fruity red extra device',16.99),('V-FJ9-2','metallic printer',25.99),('V1T5D','red deluxe automatic computer',17.49),('V2RRKTF/','bargain tinselled device',21.99),('V4VF_DI94','great pan-galactic extra fruity wooden #2 hammer',22.99),('V7B6FIK','computer',18.99),('VD6TF3OK','tinselled metallic calculator',18.99),('VFQYGI','rotary coffee pot',20.99),('VH_9X0ZE02','fruity sprocket',20.99),('VI8IZSCBC','extra tape measure',24.99),('VPOWDB26','lamp',19.49),('VW1XNA_5IL','wooden computer',18.99),('VWOAA5CK','bargain desk',12.49),('VXYGMV','doodad',22.99),('W-8FCFUP2','desk',19.99),('W62UL','metallic bulletproof doodad',21.99),('W6XVHLYCR','bulletproof fruity metallic pan-galactic nail',24.99),('W7AYGAA-L','metallic tape measure',17.49),('W9_K-55/','fruity sprocket',27.99),('WB2U_A8','bulletproof widget',22.49),('WI/N8G','deluxe metallic #2 printer',20.99),('WMF3XH','red fruity window',25.99),('WO62N4VJ','deluxe desk',21.99),('WW68N8I','fruity chair',18.99),('WY3KL0','rotary metallic pan-galactic bargain wooden fruity tinselled chair',29.99),('X03XWUZ46BX','bookcase',18.99),('X417A0PY','#2 tinselled pan-galactic bargain coffee pot',16.99),('X6LDU','desk',22.99),('X87LDNMBWPP','bargain automatic sprocket',21.99),('XE92S4XMV','fruity tape measure',17.99),('XG2GU78E2_1','window',20.99),('XGGWGMH_F','sprocket',18.99),('XLDXFPNF','automatic hammer',21.99),('XO29ZV-L','desk',20.99),('XP_C0K','metallic nail',20.99),('XT22D390A-','#2 tinselled bargain wooden great fruity nail',19.99),('XTSY073EM','metallic desk',21.99),('XW2P8TF2WMK','desk',20.99),('XWJ3M848S','wooden tinselled nail',18.49),('X_E5F82V68','bookcase',26.99),('X_X61CXHVD','bulletproof tinselled red wooden bargain #2 rotary fruity bookcase',19.99),('Y6SJJ7GQ','widget',24.99),('YD1/MHO4YLI','window',22.99),('YDLEG','bulletproof doodad',23.49),('YGVRJQCG','wooden bulletproof automatic desk',14.99),('YI2ZL427_','hammer',28.99),('YJYF/','great bargain #2 bulletproof lamp',21.99),('YTY4SH_','automatic pan-galactic bulletproof great deluxe extra hammer',20.99),('YUNI1','extra #2 red pan-galactic metallic hammer',18.99),('YUWYCZFK5','table saw',17.99),('YVGQK','metallic great bookcase',23.99),('YXXF7','bargain automatic printer',22.99),('Y_B6N1','pan-galactic calculator',22.99),('Z-FBN9OPW1','great extra computer',23.99),('Z/JF7OM54','bulletproof coffee pot',18.49),('Z0XZL','metallic chair',14.99),('Z2J4PC','metallic great bulletproof chair',14.99),('Z5CSKRY','#2 computer',29.99),('ZGDNWL','table saw',21.99),('ZLP75E0ZNQ','#2 pan-galactic extra chair',17.99),('ZM-OJ5HW7','extra rotary tinselled great printer',22.99),('ZRUGI','tape measure',20.49),('ZVNGYU','chair',17.99),('ZWLOTJW58S','table saw',17.99),('ZXXVJUU8VDU','fruity extra wooden great pan-galactic tinselled rotary window',17.99),('ZYNJTXAT25','lamp',20.99),('ZZDDSWOM3','rotary pan-galactic printer',17.99),('Z_WFC93-','bulletproof tape measure',23.99),('_1-QAAJ4J','red great tinselled metallic bargain bulletproof wooden fruity automatic deluxe rotary pan-galactic extra #2 window',18.49),('_14XB5B','automatic extra tinselled fruity bulletproof sprocket',24.99),('_3U5Z8NKP','extra tinselled nail',14.99),('_FPE0729T6','wooden rotary fruity tape measure',16.99),('_FPOGPFT7','great umbrella',24.99),('_GX2QDDUKIG','sprocket',21.99),('_I9Z5O6B','pan-galactic sprocket',21.49),('_TABP','bulletproof automatic widget',18.49),('_TL3ZFW/','pan-galactic printer',21.99);
/*!40000 ALTER TABLE `Item` ENABLE KEYS */;
UNLOCK TABLES;
/*!40103 SET TIME_ZONE=@OLD_TIME_ZONE */;

/*!40101 SET SQL_MODE=@OLD_SQL_MODE */;
/*!40014 SET FOREIGN_KEY_CHECKS=@OLD_FOREIGN_KEY_CHECKS */;
/*!40014 SET UNIQUE_CHECKS=@OLD_UNIQUE_CHECKS */;
/*!40101 SET CHARACTER_SET_CLIENT=@OLD_CHARACTER_SET_CLIENT */;
/*!40101 SET CHARACTER_SET_RESULTS=@OLD_CHARACTER_SET_RESULTS */;
/*!40101 SET COLLATION_CONNECTION=@OLD_COLLATION_CONNECTION */;
/*!40111 SET SQL_NOTES=@OLD_SQL_NOTES */;

-- Dump completed on 2021-11-16 14:27:14
